site_id,municipio,uf,codigo_ibge,ano,pib_mil_reais,fonte,data_extracao,origem_lista
angonap-fortaleza,Fortaleza,CE,2304400,2016,60088001.0,"Reaproveitado de teste_api_municipios_brasil_serie_historica_2010.csv (Guilherme, datacenter-extracao-modelos/data/01_bronze/) — confirmado por amostragem cruzada como leitura de IBGE SIDRA tabela 5938 'Produto Interno Bruto dos Municipios - Referencia 2010', variavel 37 'Produto Interno Bruto a precos correntes' (Mil Reais)",2026-09-03,sites_validados
angonap-fortaleza,Fortaleza,CE,2304400,2017,61592347.0,"Reaproveitado de teste_api_municipios_brasil_serie_historica_2010.csv (Guilherme, datacenter-extracao-modelos/data/01_bronze/) — confirmado por amostragem cruzada como leitura de IBGE SIDRA tabela 5938 'Produto Interno Bruto dos Municipios - Referencia 2010', variavel 37 'Produto Interno Bruto a precos correntes' (Mil Reais)",2026-09-03,sites_validados
angonap-fortaleza,Fortaleza,CE,2304400,2018,66381302.0,"Reaproveitado de teste_api_municipios_brasil_serie_historica_2010.csv (Guilherme, datacenter-extracao-modelos/data/01_bronze/) — confirmado por amostragem cruzada como leitura de IBGE SIDRA tabela 5938 'Produto Interno Bruto dos Municipios - Referencia 2010', variavel 37 'Produto Interno Bruto a precos correntes' (Mil Reais)",2026-09-03,sites_validados
angonap-fortaleza,Fortaleza,CE,2304400,2019,67401430.0,"Reaproveitado de teste_api_municipios_brasil_serie_historica_2010.csv (Guilherme, datacenter-extracao-modelos/data/01_bronze/) — confirmado por amostragem cruzada como leitura de IBGE SIDRA tabela 5938 'Produto Interno Bruto dos Municipios - Referencia 2010', variavel 37 'Produto Interno Bruto a precos correntes' (Mil Reais)",2026-09-03,sites_validados
angonap-fortaleza,Fortaleza,CE,2304400,2020,64821582.0,"Reaproveitado de teste_api_municipios_brasil_serie_historica_2010.csv (Guilherme, datacenter-extracao-modelos/data/01_bronze/) — confirmado por amostragem cruzada como leitura de IBGE SIDRA tabela 5938 'Produto Interno Bruto dos Municipios - Referencia 2010', variavel 37 'Produto Interno Bruto a precos correntes' (Mil Reais)",2026-09-03,sites_validados
angonap-fortaleza,Fortaleza,CE,2304400,2021,73437739.0,"Reaproveitado de teste_api_municipios_brasil_serie_historica_2010.csv (Guilherme, datacenter-extracao-modelos/data/01_bronze/) — confirmado por amostragem cruzada como leitura de IBGE SIDRA tabela 5938 'Produto Interno Bruto dos Municipios - Referencia 2010', variavel 37 'Produto Interno Bruto a precos correntes' (Mil Reais)",2026-09-03,sites_validados
angonap-fortaleza,Fortaleza,CE,2304400,2022,81362333.0,"Reaproveitado de teste_api_municipios_brasil_serie_historica_2010.csv (Guilherme, datacenter-extracao-modelos/data/01_bronze/) — confirmado por amostragem cruzada como leitura de IBGE SIDRA tabela 5938 'Produto Interno Bruto dos Municipios - Referencia 2010', variavel 37 'Produto Interno Bruto a precos correntes' (Mil Reais)",2026-09-03,sites_validados
angonap-fortaleza,Fortaleza,CE,2304400,2023,86939832.0,"Reaproveitado de teste_api_municipios_brasil_serie_historica_2010.csv (Guilherme, datacenter-extracao-modelos/data/01_bronze/) — confirmado por amostragem cruzada como leitura de IBGE SIDRA tabela 5938 'Produto Interno Bruto dos Municipios - Referencia 2010', variavel 37 'Produto Interno Bruto a precos correntes' (Mil Reais)",2026-09-03,sites_validados
ascenty-hortolandia,Hortolândia,SP,3519071,2016,11245733.0,"Reaproveitado de teste_api_municipios_brasil_serie_historica_2010.csv (Guilherme, datacenter-extracao-modelos/data/01_bronze/) — confirmado por amostragem cruzada como leitura de IBGE SIDRA tabela 5938 'Produto Interno Bruto dos Municipios - Referencia 2010', variavel 37 'Produto Interno Bruto a precos correntes' (Mil Reais)",2026-09-03,sites_validados
ascenty-hortolandia,Hortolândia,SP,3519071,2017,12411319.0,"Reaproveitado de teste_api_municipios_brasil_serie_historica_2010.csv (Guilherme, datacenter-extracao-modelos/data/01_bronze/) — confirmado por amostragem cruzada como leitura de IBGE SIDRA tabela 5938 'Produto Interno Bruto dos Municipios - Referencia 2010', variavel 37 'Produto Interno Bruto a precos correntes' (Mil Reais)",2026-09-03,sites_validados
ascenty-hortolandia,Hortolândia,SP,3519071,2018,13154947.0,"Reaproveitado de teste_api_municipios_brasil_serie_historica_2010.csv (Guilherme, datacenter-extracao-modelos/data/01_bronze/) — confirmado por amostragem cruzada como leitura de IBGE SIDRA tabela 5938 'Produto Interno Bruto dos Municipios - Referencia 2010', variavel 37 'Produto Interno Bruto a precos correntes' (Mil Reais)",2026-09-03,sites_validados
ascenty-hortolandia,Hortolândia,SP,3519071,2019,14738378.0,"Reaproveitado de teste_api_municipios_brasil_serie_historica_2010.csv (Guilherme, datacenter-extracao-modelos/data/01_bronze/) — confirmado por amostragem cruzada como leitura de IBGE SIDRA tabela 5938 'Produto Interno Bruto dos Municipios - Referencia 2010', variavel 37 'Produto Interno Bruto a precos correntes' (Mil Reais)",2026-09-03,sites_validados
ascenty-hortolandia,Hortolândia,SP,3519071,2020,16386639.0,"Reaproveitado de teste_api_municipios_brasil_serie_historica_2010.csv (Guilherme, datacenter-extracao-modelos/data/01_bronze/) — confirmado por amostragem cruzada como leitura de IBGE SIDRA tabela 5938 'Produto Interno Bruto dos Municipios - Referencia 2010', variavel 37 'Produto Interno Bruto a precos correntes' (Mil Reais)",2026-09-03,sites_validados
ascenty-hortolandia,Hortolândia,SP,3519071,2021,18377822.0,"Reaproveitado de teste_api_municipios_brasil_serie_historica_2010.csv (Guilherme, datacenter-extracao-modelos/data/01_bronze/) — confirmado por amostragem cruzada como leitura de IBGE SIDRA tabela 5938 'Produto Interno Bruto dos Municipios - Referencia 2010', variavel 37 'Produto Interno Bruto a precos correntes' (Mil Reais)",2026-09-03,sites_validados
ascenty-hortolandia,Hortolândia,SP,3519071,2022,21420797.0,"Reaproveitado de teste_api_municipios_brasil_serie_historica_2010.csv (Guilherme, datacenter-extracao-modelos/data/01_bronze/) — confirmado por amostragem cruzada como leitura de IBGE SIDRA tabela 5938 'Produto Interno Bruto dos Municipios - Referencia 2010', variavel 37 'Produto Interno Bruto a precos correntes' (Mil Reais)",2026-09-03,sites_validados
ascenty-hortolandia,Hortolândia,SP,3519071,2023,22163924.0,"Reaproveitado de teste_api_municipios_brasil_serie_historica_2010.csv (Guilherme, datacenter-extracao-modelos/data/01_bronze/) — confirmado por amostragem cruzada como leitura de IBGE SIDRA tabela 5938 'Produto Interno Bruto dos Municipios - Referencia 2010', variavel 37 'Produto Interno Bruto a precos correntes' (Mil Reais)",2026-09-03,sites_validados
ascenty-jundiai,Jundiaí,SP,3525904,2016,40317016.0,"Reaproveitado de teste_api_municipios_brasil_serie_historica_2010.csv (Guilherme, datacenter-extracao-modelos/data/01_bronze/) — confirmado por amostragem cruzada como leitura de IBGE SIDRA tabela 5938 'Produto Interno Bruto dos Municipios - Referencia 2010', variavel 37 'Produto Interno Bruto a precos correntes' (Mil Reais)",2026-09-03,sites_validados
ascenty-jundiai,Jundiaí,SP,3525904,2017,41084447.0,"Reaproveitado de teste_api_municipios_brasil_serie_historica_2010.csv (Guilherme, datacenter-extracao-modelos/data/01_bronze/) — confirmado por amostragem cruzada como leitura de IBGE SIDRA tabela 5938 'Produto Interno Bruto dos Municipios - Referencia 2010', variavel 37 'Produto Interno Bruto a precos correntes' (Mil Reais)",2026-09-03,sites_validados
ascenty-jundiai,Jundiaí,SP,3525904,2018,43630306.0,"Reaproveitado de teste_api_municipios_brasil_serie_historica_2010.csv (Guilherme, datacenter-extracao-modelos/data/01_bronze/) — confirmado por amostragem cruzada como leitura de IBGE SIDRA tabela 5938 'Produto Interno Bruto dos Municipios - Referencia 2010', variavel 37 'Produto Interno Bruto a precos correntes' (Mil Reais)",2026-09-03,sites_validados
ascenty-jundiai,Jundiaí,SP,3525904,2019,46959283.0,"Reaproveitado de teste_api_municipios_brasil_serie_historica_2010.csv (Guilherme, datacenter-extracao-modelos/data/01_bronze/) — confirmado por amostragem cruzada como leitura de IBGE SIDRA tabela 5938 'Produto Interno Bruto dos Municipios - Referencia 2010', variavel 37 'Produto Interno Bruto a precos correntes' (Mil Reais)",2026-09-03,sites_validados
ascenty-jundiai,Jundiaí,SP,3525904,2020,51740230.0,"Reaproveitado de teste_api_municipios_brasil_serie_historica_2010.csv (Guilherme, datacenter-extracao-modelos/data/01_bronze/) — confirmado por amostragem cruzada como leitura de IBGE SIDRA tabela 5938 'Produto Interno Bruto dos Municipios - Referencia 2010', variavel 37 'Produto Interno Bruto a precos correntes' (Mil Reais)",2026-09-03,sites_validados
ascenty-jundiai,Jundiaí,SP,3525904,2021,57670893.0,"Reaproveitado de teste_api_municipios_brasil_serie_historica_2010.csv (Guilherme, datacenter-extracao-modelos/data/01_bronze/) — confirmado por amostragem cruzada como leitura de IBGE SIDRA tabela 5938 'Produto Interno Bruto dos Municipios - Referencia 2010', variavel 37 'Produto Interno Bruto a precos correntes' (Mil Reais)",2026-09-03,sites_validados
ascenty-jundiai,Jundiaí,SP,3525904,2022,63835907.0,"Reaproveitado de teste_api_municipios_brasil_serie_historica_2010.csv (Guilherme, datacenter-extracao-modelos/data/01_bronze/) — confirmado por amostragem cruzada como leitura de IBGE SIDRA tabela 5938 'Produto Interno Bruto dos Municipios - Referencia 2010', variavel 37 'Produto Interno Bruto a precos correntes' (Mil Reais)",2026-09-03,sites_validados
ascenty-jundiai,Jundiaí,SP,3525904,2023,65418378.0,"Reaproveitado de teste_api_municipios_brasil_serie_historica_2010.csv (Guilherme, datacenter-extracao-modelos/data/01_bronze/) — confirmado por amostragem cruzada como leitura de IBGE SIDRA tabela 5938 'Produto Interno Bruto dos Municipios - Referencia 2010', variavel 37 'Produto Interno Bruto a precos correntes' (Mil Reais)",2026-09-03,sites_validados
ascenty-maracanau,Maracanaú,CE,2307650,2016,8100726.0,"Reaproveitado de teste_api_municipios_brasil_serie_historica_2010.csv (Guilherme, datacenter-extracao-modelos/data/01_bronze/) — confirmado por amostragem cruzada como leitura de IBGE SIDRA tabela 5938 'Produto Interno Bruto dos Municipios - Referencia 2010', variavel 37 'Produto Interno Bruto a precos correntes' (Mil Reais)",2026-09-03,sites_validados
ascenty-maracanau,Maracanaú,CE,2307650,2017,8540212.0,"Reaproveitado de teste_api_municipios_brasil_serie_historica_2010.csv (Guilherme, datacenter-extracao-modelos/data/01_bronze/) — confirmado por amostragem cruzada como leitura de IBGE SIDRA tabela 5938 'Produto Interno Bruto dos Municipios - Referencia 2010', variavel 37 'Produto Interno Bruto a precos correntes' (Mil Reais)",2026-09-03,sites_validados
ascenty-maracanau,Maracanaú,CE,2307650,2018,10330813.0,"Reaproveitado de teste_api_municipios_brasil_serie_historica_2010.csv (Guilherme, datacenter-extracao-modelos/data/01_bronze/) — confirmado por amostragem cruzada como leitura de IBGE SIDRA tabela 5938 'Produto Interno Bruto dos Municipios - Referencia 2010', variavel 37 'Produto Interno Bruto a precos correntes' (Mil Reais)",2026-09-03,sites_validados
ascenty-maracanau,Maracanaú,CE,2307650,2019,9746884.0,"Reaproveitado de teste_api_municipios_brasil_serie_historica_2010.csv (Guilherme, datacenter-extracao-modelos/data/01_bronze/) — confirmado por amostragem cruzada como leitura de IBGE SIDRA tabela 5938 'Produto Interno Bruto dos Municipios - Referencia 2010', variavel 37 'Produto Interno Bruto a precos correntes' (Mil Reais)",2026-09-03,sites_validados
ascenty-maracanau,Maracanaú,CE,2307650,2020,10031432.0,"Reaproveitado de teste_api_municipios_brasil_serie_historica_2010.csv (Guilherme, datacenter-extracao-modelos/data/01_bronze/) — confirmado por amostragem cruzada como leitura de IBGE SIDRA tabela 5938 'Produto Interno Bruto dos Municipios - Referencia 2010', variavel 37 'Produto Interno Bruto a precos correntes' (Mil Reais)",2026-09-03,sites_validados
ascenty-maracanau,Maracanaú,CE,2307650,2021,12336717.0,"Reaproveitado de teste_api_municipios_brasil_serie_historica_2010.csv (Guilherme, datacenter-extracao-modelos/data/01_bronze/) — confirmado por amostragem cruzada como leitura de IBGE SIDRA tabela 5938 'Produto Interno Bruto dos Municipios - Referencia 2010', variavel 37 'Produto Interno Bruto a precos correntes' (Mil Reais)",2026-09-03,sites_validados
ascenty-maracanau,Maracanaú,CE,2307650,2022,14004934.0,"Reaproveitado de teste_api_municipios_brasil_serie_historica_2010.csv (Guilherme, datacenter-extracao-modelos/data/01_bronze/) — confirmado por amostragem cruzada como leitura de IBGE SIDRA tabela 5938 'Produto Interno Bruto dos Municipios - Referencia 2010', variavel 37 'Produto Interno Bruto a precos correntes' (Mil Reais)",2026-09-03,sites_validados
ascenty-maracanau,Maracanaú,CE,2307650,2023,13540094.0,"Reaproveitado de teste_api_municipios_brasil_serie_historica_2010.csv (Guilherme, datacenter-extracao-modelos/data/01_bronze/) — confirmado por amostragem cruzada como leitura de IBGE SIDRA tabela 5938 'Produto Interno Bruto dos Municipios - Referencia 2010', variavel 37 'Produto Interno Bruto a precos correntes' (Mil Reais)",2026-09-03,sites_validados
ascenty-osasco,Osasco,SP,3534401,2016,75683470.0,"Reaproveitado de teste_api_municipios_brasil_serie_historica_2010.csv (Guilherme, datacenter-extracao-modelos/data/01_bronze/) — confirmado por amostragem cruzada como leitura de IBGE SIDRA tabela 5938 'Produto Interno Bruto dos Municipios - Referencia 2010', variavel 37 'Produto Interno Bruto a precos correntes' (Mil Reais)",2026-09-03,sites_validados
ascenty-osasco,Osasco,SP,3534401,2017,77927043.0,"Reaproveitado de teste_api_municipios_brasil_serie_historica_2010.csv (Guilherme, datacenter-extracao-modelos/data/01_bronze/) — confirmado por amostragem cruzada como leitura de IBGE SIDRA tabela 5938 'Produto Interno Bruto dos Municipios - Referencia 2010', variavel 37 'Produto Interno Bruto a precos correntes' (Mil Reais)",2026-09-03,sites_validados
ascenty-osasco,Osasco,SP,3534401,2018,76607992.0,"Reaproveitado de teste_api_municipios_brasil_serie_historica_2010.csv (Guilherme, datacenter-extracao-modelos/data/01_bronze/) — confirmado por amostragem cruzada como leitura de IBGE SIDRA tabela 5938 'Produto Interno Bruto dos Municipios - Referencia 2010', variavel 37 'Produto Interno Bruto a precos correntes' (Mil Reais)",2026-09-03,sites_validados
ascenty-osasco,Osasco,SP,3534401,2019,81908401.0,"Reaproveitado de teste_api_municipios_brasil_serie_historica_2010.csv (Guilherme, datacenter-extracao-modelos/data/01_bronze/) — confirmado por amostragem cruzada como leitura de IBGE SIDRA tabela 5938 'Produto Interno Bruto dos Municipios - Referencia 2010', variavel 37 'Produto Interno Bruto a precos correntes' (Mil Reais)",2026-09-03,sites_validados
ascenty-osasco,Osasco,SP,3534401,2020,76612072.0,"Reaproveitado de teste_api_municipios_brasil_serie_historica_2010.csv (Guilherme, datacenter-extracao-modelos/data/01_bronze/) — confirmado por amostragem cruzada como leitura de IBGE SIDRA tabela 5938 'Produto Interno Bruto dos Municipios - Referencia 2010', variavel 37 'Produto Interno Bruto a precos correntes' (Mil Reais)",2026-09-03,sites_validados
ascenty-osasco,Osasco,SP,3534401,2021,86111260.0,"Reaproveitado de teste_api_municipios_brasil_serie_historica_2010.csv (Guilherme, datacenter-extracao-modelos/data/01_bronze/) — confirmado por amostragem cruzada como leitura de IBGE SIDRA tabela 5938 'Produto Interno Bruto dos Municipios - Referencia 2010', variavel 37 'Produto Interno Bruto a precos correntes' (Mil Reais)",2026-09-03,sites_validados
ascenty-osasco,Osasco,SP,3534401,2022,112145798.0,"Reaproveitado de teste_api_municipios_brasil_serie_historica_2010.csv (Guilherme, datacenter-extracao-modelos/data/01_bronze/) — confirmado por amostragem cruzada como leitura de IBGE SIDRA tabela 5938 'Produto Interno Bruto dos Municipios - Referencia 2010', variavel 37 'Produto Interno Bruto a precos correntes' (Mil Reais)",2026-09-03,sites_validados
ascenty-osasco,Osasco,SP,3534401,2023,119404053.0,"Reaproveitado de teste_api_municipios_brasil_serie_historica_2010.csv (Guilherme, datacenter-extracao-modelos/data/01_bronze/) — confirmado por amostragem cruzada como leitura de IBGE SIDRA tabela 5938 'Produto Interno Bruto dos Municipios - Referencia 2010', variavel 37 'Produto Interno Bruto a precos correntes' (Mil Reais)",2026-09-03,sites_validados
ascenty-paulinia,Paulínia,SP,3536505,2016,36499593.0,"Reaproveitado de teste_api_municipios_brasil_serie_historica_2010.csv (Guilherme, datacenter-extracao-modelos/data/01_bronze/) — confirmado por amostragem cruzada como leitura de IBGE SIDRA tabela 5938 'Produto Interno Bruto dos Municipios - Referencia 2010', variavel 37 'Produto Interno Bruto a precos correntes' (Mil Reais)",2026-09-03,sites_validados
ascenty-paulinia,Paulínia,SP,3536505,2017,35540436.0,"Reaproveitado de teste_api_municipios_brasil_serie_historica_2010.csv (Guilherme, datacenter-extracao-modelos/data/01_bronze/) — confirmado por amostragem cruzada como leitura de IBGE SIDRA tabela 5938 'Produto Interno Bruto dos Municipios - Referencia 2010', variavel 37 'Produto Interno Bruto a precos correntes' (Mil Reais)",2026-09-03,sites_validados
ascenty-paulinia,Paulínia,SP,3536505,2018,32658835.0,"Reaproveitado de teste_api_municipios_brasil_serie_historica_2010.csv (Guilherme, datacenter-extracao-modelos/data/01_bronze/) — confirmado por amostragem cruzada como leitura de IBGE SIDRA tabela 5938 'Produto Interno Bruto dos Municipios - Referencia 2010', variavel 37 'Produto Interno Bruto a precos correntes' (Mil Reais)",2026-09-03,sites_validados
ascenty-paulinia,Paulínia,SP,3536505,2019,37366101.0,"Reaproveitado de teste_api_municipios_brasil_serie_historica_2010.csv (Guilherme, datacenter-extracao-modelos/data/01_bronze/) — confirmado por amostragem cruzada como leitura de IBGE SIDRA tabela 5938 'Produto Interno Bruto dos Municipios - Referencia 2010', variavel 37 'Produto Interno Bruto a precos correntes' (Mil Reais)",2026-09-03,sites_validados
ascenty-paulinia,Paulínia,SP,3536505,2020,39807062.0,"Reaproveitado de teste_api_municipios_brasil_serie_historica_2010.csv (Guilherme, datacenter-extracao-modelos/data/01_bronze/) — confirmado por amostragem cruzada como leitura de IBGE SIDRA tabela 5938 'Produto Interno Bruto dos Municipios - Referencia 2010', variavel 37 'Produto Interno Bruto a precos correntes' (Mil Reais)",2026-09-03,sites_validados
ascenty-paulinia,Paulínia,SP,3536505,2021,52389437.0,"Reaproveitado de teste_api_municipios_brasil_serie_historica_2010.csv (Guilherme, datacenter-extracao-modelos/data/01_bronze/) — confirmado por amostragem cruzada como leitura de IBGE SIDRA tabela 5938 'Produto Interno Bruto dos Municipios - Referencia 2010', variavel 37 'Produto Interno Bruto a precos correntes' (Mil Reais)",2026-09-03,sites_validados
ascenty-paulinia,Paulínia,SP,3536505,2022,70496584.0,"Reaproveitado de teste_api_municipios_brasil_serie_historica_2010.csv (Guilherme, datacenter-extracao-modelos/data/01_bronze/) — confirmado por amostragem cruzada como leitura de IBGE SIDRA tabela 5938 'Produto Interno Bruto dos Municipios - Referencia 2010', variavel 37 'Produto Interno Bruto a precos correntes' (Mil Reais)",2026-09-03,sites_validados
ascenty-paulinia,Paulínia,SP,3536505,2023,67067300.0,"Reaproveitado de teste_api_municipios_brasil_serie_historica_2010.csv (Guilherme, datacenter-extracao-modelos/data/01_bronze/) — confirmado por amostragem cruzada como leitura de IBGE SIDRA tabela 5938 'Produto Interno Bruto dos Municipios - Referencia 2010', variavel 37 'Produto Interno Bruto a precos correntes' (Mil Reais)",2026-09-03,sites_validados
ascenty-sumare,Sumaré,SP,3552403,2016,12237213.0,"Reaproveitado de teste_api_municipios_brasil_serie_historica_2010.csv (Guilherme, datacenter-extracao-modelos/data/01_bronze/) — confirmado por amostragem cruzada como leitura de IBGE SIDRA tabela 5938 'Produto Interno Bruto dos Municipios - Referencia 2010', variavel 37 'Produto Interno Bruto a precos correntes' (Mil Reais)",2026-09-03,sites_validados
ascenty-sumare,Sumaré,SP,3552403,2017,13615800.0,"Reaproveitado de teste_api_municipios_brasil_serie_historica_2010.csv (Guilherme, datacenter-extracao-modelos/data/01_bronze/) — confirmado por amostragem cruzada como leitura de IBGE SIDRA tabela 5938 'Produto Interno Bruto dos Municipios - Referencia 2010', variavel 37 'Produto Interno Bruto a precos correntes' (Mil Reais)",2026-09-03,sites_validados
ascenty-sumare,Sumaré,SP,3552403,2018,14438510.0,"Reaproveitado de teste_api_municipios_brasil_serie_historica_2010.csv (Guilherme, datacenter-extracao-modelos/data/01_bronze/) — confirmado por amostragem cruzada como leitura de IBGE SIDRA tabela 5938 'Produto Interno Bruto dos Municipios - Referencia 2010', variavel 37 'Produto Interno Bruto a precos correntes' (Mil Reais)",2026-09-03,sites_validados
ascenty-sumare,Sumaré,SP,3552403,2019,14913287.0,"Reaproveitado de teste_api_municipios_brasil_serie_historica_2010.csv (Guilherme, datacenter-extracao-modelos/data/01_bronze/) — confirmado por amostragem cruzada como leitura de IBGE SIDRA tabela 5938 'Produto Interno Bruto dos Municipios - Referencia 2010', variavel 37 'Produto Interno Bruto a precos correntes' (Mil Reais)",2026-09-03,sites_validados
ascenty-sumare,Sumaré,SP,3552403,2020,13672590.0,"Reaproveitado de teste_api_municipios_brasil_serie_historica_2010.csv (Guilherme, datacenter-extracao-modelos/data/01_bronze/) — confirmado por amostragem cruzada como leitura de IBGE SIDRA tabela 5938 'Produto Interno Bruto dos Municipios - Referencia 2010', variavel 37 'Produto Interno Bruto a precos correntes' (Mil Reais)",2026-09-03,sites_validados
ascenty-sumare,Sumaré,SP,3552403,2021,16179892.0,"Reaproveitado de teste_api_municipios_brasil_serie_historica_2010.csv (Guilherme, datacenter-extracao-modelos/data/01_bronze/) — confirmado por amostragem cruzada como leitura de IBGE SIDRA tabela 5938 'Produto Interno Bruto dos Municipios - Referencia 2010', variavel 37 'Produto Interno Bruto a precos correntes' (Mil Reais)",2026-09-03,sites_validados
ascenty-sumare,Sumaré,SP,3552403,2022,17753219.0,"Reaproveitado de teste_api_municipios_brasil_serie_historica_2010.csv (Guilherme, datacenter-extracao-modelos/data/01_bronze/) — confirmado por amostragem cruzada como leitura de IBGE SIDRA tabela 5938 'Produto Interno Bruto dos Municipios - Referencia 2010', variavel 37 'Produto Interno Bruto a precos correntes' (Mil Reais)",2026-09-03,sites_validados
ascenty-sumare,Sumaré,SP,3552403,2023,19026093.0,"Reaproveitado de teste_api_municipios_brasil_serie_historica_2010.csv (Guilherme, datacenter-extracao-modelos/data/01_bronze/) — confirmado por amostragem cruzada como leitura de IBGE SIDRA tabela 5938 'Produto Interno Bruto dos Municipios - Referencia 2010', variavel 37 'Produto Interno Bruto a precos correntes' (Mil Reais)",2026-09-03,sites_validados
ascenty-vinhedo,Vinhedo,SP,3556701,2016,8085038.0,"Reaproveitado de teste_api_municipios_brasil_serie_historica_2010.csv (Guilherme, datacenter-extracao-modelos/data/01_bronze/) — confirmado por amostragem cruzada como leitura de IBGE SIDRA tabela 5938 'Produto Interno Bruto dos Municipios - Referencia 2010', variavel 37 'Produto Interno Bruto a precos correntes' (Mil Reais)",2026-09-03,sites_validados
ascenty-vinhedo,Vinhedo,SP,3556701,2017,8704161.0,"Reaproveitado de teste_api_municipios_brasil_serie_historica_2010.csv (Guilherme, datacenter-extracao-modelos/data/01_bronze/) — confirmado por amostragem cruzada como leitura de IBGE SIDRA tabela 5938 'Produto Interno Bruto dos Municipios - Referencia 2010', variavel 37 'Produto Interno Bruto a precos correntes' (Mil Reais)",2026-09-03,sites_validados
ascenty-vinhedo,Vinhedo,SP,3556701,2018,9275194.0,"Reaproveitado de teste_api_municipios_brasil_serie_historica_2010.csv (Guilherme, datacenter-extracao-modelos/data/01_bronze/) — confirmado por amostragem cruzada como leitura de IBGE SIDRA tabela 5938 'Produto Interno Bruto dos Municipios - Referencia 2010', variavel 37 'Produto Interno Bruto a precos correntes' (Mil Reais)",2026-09-03,sites_validados
ascenty-vinhedo,Vinhedo,SP,3556701,2019,9665022.0,"Reaproveitado de teste_api_municipios_brasil_serie_historica_2010.csv (Guilherme, datacenter-extracao-modelos/data/01_bronze/) — confirmado por amostragem cruzada como leitura de IBGE SIDRA tabela 5938 'Produto Interno Bruto dos Municipios - Referencia 2010', variavel 37 'Produto Interno Bruto a precos correntes' (Mil Reais)",2026-09-03,sites_validados
ascenty-vinhedo,Vinhedo,SP,3556701,2020,10493525.0,"Reaproveitado de teste_api_municipios_brasil_serie_historica_2010.csv (Guilherme, datacenter-extracao-modelos/data/01_bronze/) — confirmado por amostragem cruzada como leitura de IBGE SIDRA tabela 5938 'Produto Interno Bruto dos Municipios - Referencia 2010', variavel 37 'Produto Interno Bruto a precos correntes' (Mil Reais)",2026-09-03,sites_validados
ascenty-vinhedo,Vinhedo,SP,3556701,2021,12557909.0,"Reaproveitado de teste_api_municipios_brasil_serie_historica_2010.csv (Guilherme, datacenter-extracao-modelos/data/01_bronze/) — confirmado por amostragem cruzada como leitura de IBGE SIDRA tabela 5938 'Produto Interno Bruto dos Municipios - Referencia 2010', variavel 37 'Produto Interno Bruto a precos correntes' (Mil Reais)",2026-09-03,sites_validados
ascenty-vinhedo,Vinhedo,SP,3556701,2022,14061248.0,"Reaproveitado de teste_api_municipios_brasil_serie_historica_2010.csv (Guilherme, datacenter-extracao-modelos/data/01_bronze/) — confirmado por amostragem cruzada como leitura de IBGE SIDRA tabela 5938 'Produto Interno Bruto dos Municipios - Referencia 2010', variavel 37 'Produto Interno Bruto a precos correntes' (Mil Reais)",2026-09-03,sites_validados
ascenty-vinhedo,Vinhedo,SP,3556701,2023,14699664.0,"Reaproveitado de teste_api_municipios_brasil_serie_historica_2010.csv (Guilherme, datacenter-extracao-modelos/data/01_bronze/) — confirmado por amostragem cruzada como leitura de IBGE SIDRA tabela 5938 'Produto Interno Bruto dos Municipios - Referencia 2010', variavel 37 'Produto Interno Bruto a precos correntes' (Mil Reais)",2026-09-03,sites_validados
clickip-manaus,Manaus,AM,1302603,2016,70234306.0,"Reaproveitado de teste_api_municipios_brasil_serie_historica_2010.csv (Guilherme, datacenter-extracao-modelos/data/01_bronze/) — confirmado por amostragem cruzada como leitura de IBGE SIDRA tabela 5938 'Produto Interno Bruto dos Municipios - Referencia 2010', variavel 37 'Produto Interno Bruto a precos correntes' (Mil Reais)",2026-09-03,sites_validados
clickip-manaus,Manaus,AM,1302603,2017,73225449.0,"Reaproveitado de teste_api_municipios_brasil_serie_historica_2010.csv (Guilherme, datacenter-extracao-modelos/data/01_bronze/) — confirmado por amostragem cruzada como leitura de IBGE SIDRA tabela 5938 'Produto Interno Bruto dos Municipios - Referencia 2010', variavel 37 'Produto Interno Bruto a precos correntes' (Mil Reais)",2026-09-03,sites_validados
clickip-manaus,Manaus,AM,1302603,2018,78155386.0,"Reaproveitado de teste_api_municipios_brasil_serie_historica_2010.csv (Guilherme, datacenter-extracao-modelos/data/01_bronze/) — confirmado por amostragem cruzada como leitura de IBGE SIDRA tabela 5938 'Produto Interno Bruto dos Municipios - Referencia 2010', variavel 37 'Produto Interno Bruto a precos correntes' (Mil Reais)",2026-09-03,sites_validados
clickip-manaus,Manaus,AM,1302603,2019,84566043.0,"Reaproveitado de teste_api_municipios_brasil_serie_historica_2010.csv (Guilherme, datacenter-extracao-modelos/data/01_bronze/) — confirmado por amostragem cruzada como leitura de IBGE SIDRA tabela 5938 'Produto Interno Bruto dos Municipios - Referencia 2010', variavel 37 'Produto Interno Bruto a precos correntes' (Mil Reais)",2026-09-03,sites_validados
clickip-manaus,Manaus,AM,1302603,2020,91773536.0,"Reaproveitado de teste_api_municipios_brasil_serie_historica_2010.csv (Guilherme, datacenter-extracao-modelos/data/01_bronze/) — confirmado por amostragem cruzada como leitura de IBGE SIDRA tabela 5938 'Produto Interno Bruto dos Municipios - Referencia 2010', variavel 37 'Produto Interno Bruto a precos correntes' (Mil Reais)",2026-09-03,sites_validados
clickip-manaus,Manaus,AM,1302603,2021,103281400.0,"Reaproveitado de teste_api_municipios_brasil_serie_historica_2010.csv (Guilherme, datacenter-extracao-modelos/data/01_bronze/) — confirmado por amostragem cruzada como leitura de IBGE SIDRA tabela 5938 'Produto Interno Bruto dos Municipios - Referencia 2010', variavel 37 'Produto Interno Bruto a precos correntes' (Mil Reais)",2026-09-03,sites_validados
clickip-manaus,Manaus,AM,1302603,2022,113465435.0,"Reaproveitado de teste_api_municipios_brasil_serie_historica_2010.csv (Guilherme, datacenter-extracao-modelos/data/01_bronze/) — confirmado por amostragem cruzada como leitura de IBGE SIDRA tabela 5938 'Produto Interno Bruto dos Municipios - Referencia 2010', variavel 37 'Produto Interno Bruto a precos correntes' (Mil Reais)",2026-09-03,sites_validados
clickip-manaus,Manaus,AM,1302603,2023,127649795.0,"Reaproveitado de teste_api_municipios_brasil_serie_historica_2010.csv (Guilherme, datacenter-extracao-modelos/data/01_bronze/) — confirmado por amostragem cruzada como leitura de IBGE SIDRA tabela 5938 'Produto Interno Bruto dos Municipios - Referencia 2010', variavel 37 'Produto Interno Bruto a precos correntes' (Mil Reais)",2026-09-03,sites_validados
equinix-santana-parnaiba,Santana de Parnaíba,SP,3547304,2016,8265334.0,"Reaproveitado de teste_api_municipios_brasil_serie_historica_2010.csv (Guilherme, datacenter-extracao-modelos/data/01_bronze/) — confirmado por amostragem cruzada como leitura de IBGE SIDRA tabela 5938 'Produto Interno Bruto dos Municipios - Referencia 2010', variavel 37 'Produto Interno Bruto a precos correntes' (Mil Reais)",2026-09-03,sites_validados
equinix-santana-parnaiba,Santana de Parnaíba,SP,3547304,2017,8784815.0,"Reaproveitado de teste_api_municipios_brasil_serie_historica_2010.csv (Guilherme, datacenter-extracao-modelos/data/01_bronze/) — confirmado por amostragem cruzada como leitura de IBGE SIDRA tabela 5938 'Produto Interno Bruto dos Municipios - Referencia 2010', variavel 37 'Produto Interno Bruto a precos correntes' (Mil Reais)",2026-09-03,sites_validados
equinix-santana-parnaiba,Santana de Parnaíba,SP,3547304,2018,9231821.0,"Reaproveitado de teste_api_municipios_brasil_serie_historica_2010.csv (Guilherme, datacenter-extracao-modelos/data/01_bronze/) — confirmado por amostragem cruzada como leitura de IBGE SIDRA tabela 5938 'Produto Interno Bruto dos Municipios - Referencia 2010', variavel 37 'Produto Interno Bruto a precos correntes' (Mil Reais)",2026-09-03,sites_validados
equinix-santana-parnaiba,Santana de Parnaíba,SP,3547304,2019,9475380.0,"Reaproveitado de teste_api_municipios_brasil_serie_historica_2010.csv (Guilherme, datacenter-extracao-modelos/data/01_bronze/) — confirmado por amostragem cruzada como leitura de IBGE SIDRA tabela 5938 'Produto Interno Bruto dos Municipios - Referencia 2010', variavel 37 'Produto Interno Bruto a precos correntes' (Mil Reais)",2026-09-03,sites_validados
equinix-santana-parnaiba,Santana de Parnaíba,SP,3547304,2020,9962481.0,"Reaproveitado de teste_api_municipios_brasil_serie_historica_2010.csv (Guilherme, datacenter-extracao-modelos/data/01_bronze/) — confirmado por amostragem cruzada como leitura de IBGE SIDRA tabela 5938 'Produto Interno Bruto dos Municipios - Referencia 2010', variavel 37 'Produto Interno Bruto a precos correntes' (Mil Reais)",2026-09-03,sites_validados
equinix-santana-parnaiba,Santana de Parnaíba,SP,3547304,2021,11544903.0,"Reaproveitado de teste_api_municipios_brasil_serie_historica_2010.csv (Guilherme, datacenter-extracao-modelos/data/01_bronze/) — confirmado por amostragem cruzada como leitura de IBGE SIDRA tabela 5938 'Produto Interno Bruto dos Municipios - Referencia 2010', variavel 37 'Produto Interno Bruto a precos correntes' (Mil Reais)",2026-09-03,sites_validados
equinix-santana-parnaiba,Santana de Parnaíba,SP,3547304,2022,12774324.0,"Reaproveitado de teste_api_municipios_brasil_serie_historica_2010.csv (Guilherme, datacenter-extracao-modelos/data/01_bronze/) — confirmado por amostragem cruzada como leitura de IBGE SIDRA tabela 5938 'Produto Interno Bruto dos Municipios - Referencia 2010', variavel 37 'Produto Interno Bruto a precos correntes' (Mil Reais)",2026-09-03,sites_validados
equinix-santana-parnaiba,Santana de Parnaíba,SP,3547304,2023,14328397.0,"Reaproveitado de teste_api_municipios_brasil_serie_historica_2010.csv (Guilherme, datacenter-extracao-modelos/data/01_bronze/) — confirmado por amostragem cruzada como leitura de IBGE SIDRA tabela 5938 'Produto Interno Bruto dos Municipios - Referencia 2010', variavel 37 'Produto Interno Bruto a precos correntes' (Mil Reais)",2026-09-03,sites_validados
everest-goiania,Goiânia,GO,5208707,2016,46612711.0,"Reaproveitado de teste_api_municipios_brasil_serie_historica_2010.csv (Guilherme, datacenter-extracao-modelos/data/01_bronze/) — confirmado por amostragem cruzada como leitura de IBGE SIDRA tabela 5938 'Produto Interno Bruto dos Municipios - Referencia 2010', variavel 37 'Produto Interno Bruto a precos correntes' (Mil Reais)",2026-09-03,sites_validados
everest-goiania,Goiânia,GO,5208707,2017,49049178.0,"Reaproveitado de teste_api_municipios_brasil_serie_historica_2010.csv (Guilherme, datacenter-extracao-modelos/data/01_bronze/) — confirmado por amostragem cruzada como leitura de IBGE SIDRA tabela 5938 'Produto Interno Bruto dos Municipios - Referencia 2010', variavel 37 'Produto Interno Bruto a precos correntes' (Mil Reais)",2026-09-03,sites_validados
everest-goiania,Goiânia,GO,5208707,2018,49347603.0,"Reaproveitado de teste_api_municipios_brasil_serie_historica_2010.csv (Guilherme, datacenter-extracao-modelos/data/01_bronze/) — confirmado por amostragem cruzada como leitura de IBGE SIDRA tabela 5938 'Produto Interno Bruto dos Municipios - Referencia 2010', variavel 37 'Produto Interno Bruto a precos correntes' (Mil Reais)",2026-09-03,sites_validados
everest-goiania,Goiânia,GO,5208707,2019,52978067.0,"Reaproveitado de teste_api_municipios_brasil_serie_historica_2010.csv (Guilherme, datacenter-extracao-modelos/data/01_bronze/) — confirmado por amostragem cruzada como leitura de IBGE SIDRA tabela 5938 'Produto Interno Bruto dos Municipios - Referencia 2010', variavel 37 'Produto Interno Bruto a precos correntes' (Mil Reais)",2026-09-03,sites_validados
everest-goiania,Goiânia,GO,5208707,2020,51830626.0,"Reaproveitado de teste_api_municipios_brasil_serie_historica_2010.csv (Guilherme, datacenter-extracao-modelos/data/01_bronze/) — confirmado por amostragem cruzada como leitura de IBGE SIDRA tabela 5938 'Produto Interno Bruto dos Municipios - Referencia 2010', variavel 37 'Produto Interno Bruto a precos correntes' (Mil Reais)",2026-09-03,sites_validados
everest-goiania,Goiânia,GO,5208707,2021,59870499.0,"Reaproveitado de teste_api_municipios_brasil_serie_historica_2010.csv (Guilherme, datacenter-extracao-modelos/data/01_bronze/) — confirmado por amostragem cruzada como leitura de IBGE SIDRA tabela 5938 'Produto Interno Bruto dos Municipios - Referencia 2010', variavel 37 'Produto Interno Bruto a precos correntes' (Mil Reais)",2026-09-03,sites_validados
everest-goiania,Goiânia,GO,5208707,2022,66273858.0,"Reaproveitado de teste_api_municipios_brasil_serie_historica_2010.csv (Guilherme, datacenter-extracao-modelos/data/01_bronze/) — confirmado por amostragem cruzada como leitura de IBGE SIDRA tabela 5938 'Produto Interno Bruto dos Municipios - Referencia 2010', variavel 37 'Produto Interno Bruto a precos correntes' (Mil Reais)",2026-09-03,sites_validados
everest-goiania,Goiânia,GO,5208707,2023,75780846.0,"Reaproveitado de teste_api_municipios_brasil_serie_historica_2010.csv (Guilherme, datacenter-extracao-modelos/data/01_bronze/) — confirmado por amostragem cruzada como leitura de IBGE SIDRA tabela 5938 'Produto Interno Bruto dos Municipios - Referencia 2010', variavel 37 'Produto Interno Bruto a precos correntes' (Mil Reais)",2026-09-03,sites_validados
hostdime-joao-pessoa,João Pessoa,PB,2507507,2016,18740050.0,"Reaproveitado de teste_api_municipios_brasil_serie_historica_2010.csv (Guilherme, datacenter-extracao-modelos/data/01_bronze/) — confirmado por amostragem cruzada como leitura de IBGE SIDRA tabela 5938 'Produto Interno Bruto dos Municipios - Referencia 2010', variavel 37 'Produto Interno Bruto a precos correntes' (Mil Reais)",2026-09-03,sites_validados
hostdime-joao-pessoa,João Pessoa,PB,2507507,2017,19740717.0,"Reaproveitado de teste_api_municipios_brasil_serie_historica_2010.csv (Guilherme, datacenter-extracao-modelos/data/01_bronze/) — confirmado por amostragem cruzada como leitura de IBGE SIDRA tabela 5938 'Produto Interno Bruto dos Municipios - Referencia 2010', variavel 37 'Produto Interno Bruto a precos correntes' (Mil Reais)",2026-09-03,sites_validados
hostdime-joao-pessoa,João Pessoa,PB,2507507,2018,19810216.0,"Reaproveitado de teste_api_municipios_brasil_serie_historica_2010.csv (Guilherme, datacenter-extracao-modelos/data/01_bronze/) — confirmado por amostragem cruzada como leitura de IBGE SIDRA tabela 5938 'Produto Interno Bruto dos Municipios - Referencia 2010', variavel 37 'Produto Interno Bruto a precos correntes' (Mil Reais)",2026-09-03,sites_validados
hostdime-joao-pessoa,João Pessoa,PB,2507507,2019,20846014.0,"Reaproveitado de teste_api_municipios_brasil_serie_historica_2010.csv (Guilherme, datacenter-extracao-modelos/data/01_bronze/) — confirmado por amostragem cruzada como leitura de IBGE SIDRA tabela 5938 'Produto Interno Bruto dos Municipios - Referencia 2010', variavel 37 'Produto Interno Bruto a precos correntes' (Mil Reais)",2026-09-03,sites_validados
hostdime-joao-pessoa,João Pessoa,PB,2507507,2020,20728227.0,"Reaproveitado de teste_api_municipios_brasil_serie_historica_2010.csv (Guilherme, datacenter-extracao-modelos/data/01_bronze/) — confirmado por amostragem cruzada como leitura de IBGE SIDRA tabela 5938 'Produto Interno Bruto dos Municipios - Referencia 2010', variavel 37 'Produto Interno Bruto a precos correntes' (Mil Reais)",2026-09-03,sites_validados
hostdime-joao-pessoa,João Pessoa,PB,2507507,2021,21865637.0,"Reaproveitado de teste_api_municipios_brasil_serie_historica_2010.csv (Guilherme, datacenter-extracao-modelos/data/01_bronze/) — confirmado por amostragem cruzada como leitura de IBGE SIDRA tabela 5938 'Produto Interno Bruto dos Municipios - Referencia 2010', variavel 37 'Produto Interno Bruto a precos correntes' (Mil Reais)",2026-09-03,sites_validados
hostdime-joao-pessoa,João Pessoa,PB,2507507,2022,24669919.0,"Reaproveitado de teste_api_municipios_brasil_serie_historica_2010.csv (Guilherme, datacenter-extracao-modelos/data/01_bronze/) — confirmado por amostragem cruzada como leitura de IBGE SIDRA tabela 5938 'Produto Interno Bruto dos Municipios - Referencia 2010', variavel 37 'Produto Interno Bruto a precos correntes' (Mil Reais)",2026-09-03,sites_validados
hostdime-joao-pessoa,João Pessoa,PB,2507507,2023,28442131.0,"Reaproveitado de teste_api_municipios_brasil_serie_historica_2010.csv (Guilherme, datacenter-extracao-modelos/data/01_bronze/) — confirmado por amostragem cruzada como leitura de IBGE SIDRA tabela 5938 'Produto Interno Bruto dos Municipios - Referencia 2010', variavel 37 'Produto Interno Bruto a precos correntes' (Mil Reais)",2026-09-03,sites_validados
odata-hortolandia,Hortolândia,SP,3519071,2016,11245733.0,"Reaproveitado de teste_api_municipios_brasil_serie_historica_2010.csv (Guilherme, datacenter-extracao-modelos/data/01_bronze/) — confirmado por amostragem cruzada como leitura de IBGE SIDRA tabela 5938 'Produto Interno Bruto dos Municipios - Referencia 2010', variavel 37 'Produto Interno Bruto a precos correntes' (Mil Reais)",2026-09-03,sites_validados
odata-hortolandia,Hortolândia,SP,3519071,2017,12411319.0,"Reaproveitado de teste_api_municipios_brasil_serie_historica_2010.csv (Guilherme, datacenter-extracao-modelos/data/01_bronze/) — confirmado por amostragem cruzada como leitura de IBGE SIDRA tabela 5938 'Produto Interno Bruto dos Municipios - Referencia 2010', variavel 37 'Produto Interno Bruto a precos correntes' (Mil Reais)",2026-09-03,sites_validados
odata-hortolandia,Hortolândia,SP,3519071,2018,13154947.0,"Reaproveitado de teste_api_municipios_brasil_serie_historica_2010.csv (Guilherme, datacenter-extracao-modelos/data/01_bronze/) — confirmado por amostragem cruzada como leitura de IBGE SIDRA tabela 5938 'Produto Interno Bruto dos Municipios - Referencia 2010', variavel 37 'Produto Interno Bruto a precos correntes' (Mil Reais)",2026-09-03,sites_validados
odata-hortolandia,Hortolândia,SP,3519071,2019,14738378.0,"Reaproveitado de teste_api_municipios_brasil_serie_historica_2010.csv (Guilherme, datacenter-extracao-modelos/data/01_bronze/) — confirmado por amostragem cruzada como leitura de IBGE SIDRA tabela 5938 'Produto Interno Bruto dos Municipios - Referencia 2010', variavel 37 'Produto Interno Bruto a precos correntes' (Mil Reais)",2026-09-03,sites_validados
odata-hortolandia,Hortolândia,SP,3519071,2020,16386639.0,"Reaproveitado de teste_api_municipios_brasil_serie_historica_2010.csv (Guilherme, datacenter-extracao-modelos/data/01_bronze/) — confirmado por amostragem cruzada como leitura de IBGE SIDRA tabela 5938 'Produto Interno Bruto dos Municipios - Referencia 2010', variavel 37 'Produto Interno Bruto a precos correntes' (Mil Reais)",2026-09-03,sites_validados
odata-hortolandia,Hortolândia,SP,3519071,2021,18377822.0,"Reaproveitado de teste_api_municipios_brasil_serie_historica_2010.csv (Guilherme, datacenter-extracao-modelos/data/01_bronze/) — confirmado por amostragem cruzada como leitura de IBGE SIDRA tabela 5938 'Produto Interno Bruto dos Municipios - Referencia 2010', variavel 37 'Produto Interno Bruto a precos correntes' (Mil Reais)",2026-09-03,sites_validados
odata-hortolandia,Hortolândia,SP,3519071,2022,21420797.0,"Reaproveitado de teste_api_municipios_brasil_serie_historica_2010.csv (Guilherme, datacenter-extracao-modelos/data/01_bronze/) — confirmado por amostragem cruzada como leitura de IBGE SIDRA tabela 5938 'Produto Interno Bruto dos Municipios - Referencia 2010', variavel 37 'Produto Interno Bruto a precos correntes' (Mil Reais)",2026-09-03,sites_validados
odata-hortolandia,Hortolândia,SP,3519071,2023,22163924.0,"Reaproveitado de teste_api_municipios_brasil_serie_historica_2010.csv (Guilherme, datacenter-extracao-modelos/data/01_bronze/) — confirmado por amostragem cruzada como leitura de IBGE SIDRA tabela 5938 'Produto Interno Bruto dos Municipios - Referencia 2010', variavel 37 'Produto Interno Bruto a precos correntes' (Mil Reais)",2026-09-03,sites_validados
pecem-datacenter,São Gonçalo do Amarante,CE,2312403,2016,2361426.0,"Reaproveitado de teste_api_municipios_brasil_serie_historica_2010.csv (Guilherme, datacenter-extracao-modelos/data/01_bronze/) — confirmado por amostragem cruzada como leitura de IBGE SIDRA tabela 5938 'Produto Interno Bruto dos Municipios - Referencia 2010', variavel 37 'Produto Interno Bruto a precos correntes' (Mil Reais)",2026-09-03,datacentermap_novo
pecem-datacenter,São Gonçalo do Amarante,CE,2312403,2017,3083998.0,"Reaproveitado de teste_api_municipios_brasil_serie_historica_2010.csv (Guilherme, datacenter-extracao-modelos/data/01_bronze/) — confirmado por amostragem cruzada como leitura de IBGE SIDRA tabela 5938 'Produto Interno Bruto dos Municipios - Referencia 2010', variavel 37 'Produto Interno Bruto a precos correntes' (Mil Reais)",2026-09-03,datacentermap_novo
pecem-datacenter,São Gonçalo do Amarante,CE,2312403,2018,4219743.0,"Reaproveitado de teste_api_municipios_brasil_serie_historica_2010.csv (Guilherme, datacenter-extracao-modelos/data/01_bronze/) — confirmado por amostragem cruzada como leitura de IBGE SIDRA tabela 5938 'Produto Interno Bruto dos Municipios - Referencia 2010', variavel 37 'Produto Interno Bruto a precos correntes' (Mil Reais)",2026-09-03,datacentermap_novo
pecem-datacenter,São Gonçalo do Amarante,CE,2312403,2019,3759946.0,"Reaproveitado de teste_api_municipios_brasil_serie_historica_2010.csv (Guilherme, datacenter-extracao-modelos/data/01_bronze/) — confirmado por amostragem cruzada como leitura de IBGE SIDRA tabela 5938 'Produto Interno Bruto dos Municipios - Referencia 2010', variavel 37 'Produto Interno Bruto a precos correntes' (Mil Reais)",2026-09-03,datacentermap_novo
pecem-datacenter,São Gonçalo do Amarante,CE,2312403,2020,4192888.0,"Reaproveitado de teste_api_municipios_brasil_serie_historica_2010.csv (Guilherme, datacenter-extracao-modelos/data/01_bronze/) — confirmado por amostragem cruzada como leitura de IBGE SIDRA tabela 5938 'Produto Interno Bruto dos Municipios - Referencia 2010', variavel 37 'Produto Interno Bruto a precos correntes' (Mil Reais)",2026-09-03,datacentermap_novo
pecem-datacenter,São Gonçalo do Amarante,CE,2312403,2021,8624987.0,"Reaproveitado de teste_api_municipios_brasil_serie_historica_2010.csv (Guilherme, datacenter-extracao-modelos/data/01_bronze/) — confirmado por amostragem cruzada como leitura de IBGE SIDRA tabela 5938 'Produto Interno Bruto dos Municipios - Referencia 2010', variavel 37 'Produto Interno Bruto a precos correntes' (Mil Reais)",2026-09-03,datacentermap_novo
pecem-datacenter,São Gonçalo do Amarante,CE,2312403,2022,6894155.0,"Reaproveitado de teste_api_municipios_brasil_serie_historica_2010.csv (Guilherme, datacenter-extracao-modelos/data/01_bronze/) — confirmado por amostragem cruzada como leitura de IBGE SIDRA tabela 5938 'Produto Interno Bruto dos Municipios - Referencia 2010', variavel 37 'Produto Interno Bruto a precos correntes' (Mil Reais)",2026-09-03,datacentermap_novo
pecem-datacenter,São Gonçalo do Amarante,CE,2312403,2023,6908373.0,"Reaproveitado de teste_api_municipios_brasil_serie_historica_2010.csv (Guilherme, datacenter-extracao-modelos/data/01_bronze/) — confirmado por amostragem cruzada como leitura de IBGE SIDRA tabela 5938 'Produto Interno Bruto dos Municipios - Referencia 2010', variavel 37 'Produto Interno Bruto a precos correntes' (Mil Reais)",2026-09-03,datacentermap_novo
rtone-uberlandia,Uberlândia,MG,3170206,2016,32553439.0,"Reaproveitado de teste_api_municipios_brasil_serie_historica_2010.csv (Guilherme, datacenter-extracao-modelos/data/01_bronze/) — confirmado por amostragem cruzada como leitura de IBGE SIDRA tabela 5938 'Produto Interno Bruto dos Municipios - Referencia 2010', variavel 37 'Produto Interno Bruto a precos correntes' (Mil Reais)",2026-09-03,datacentermap_novo
rtone-uberlandia,Uberlândia,MG,3170206,2017,34211313.0,"Reaproveitado de teste_api_municipios_brasil_serie_historica_2010.csv (Guilherme, datacenter-extracao-modelos/data/01_bronze/) — confirmado por amostragem cruzada como leitura de IBGE SIDRA tabela 5938 'Produto Interno Bruto dos Municipios - Referencia 2010', variavel 37 'Produto Interno Bruto a precos correntes' (Mil Reais)",2026-09-03,datacentermap_novo
rtone-uberlandia,Uberlândia,MG,3170206,2018,37513607.0,"Reaproveitado de teste_api_municipios_brasil_serie_historica_2010.csv (Guilherme, datacenter-extracao-modelos/data/01_bronze/) — confirmado por amostragem cruzada como leitura de IBGE SIDRA tabela 5938 'Produto Interno Bruto dos Municipios - Referencia 2010', variavel 37 'Produto Interno Bruto a precos correntes' (Mil Reais)",2026-09-03,datacentermap_novo
rtone-uberlandia,Uberlândia,MG,3170206,2019,37638742.0,"Reaproveitado de teste_api_municipios_brasil_serie_historica_2010.csv (Guilherme, datacenter-extracao-modelos/data/01_bronze/) — confirmado por amostragem cruzada como leitura de IBGE SIDRA tabela 5938 'Produto Interno Bruto dos Municipios - Referencia 2010', variavel 37 'Produto Interno Bruto a precos correntes' (Mil Reais)",2026-09-03,datacentermap_novo
rtone-uberlandia,Uberlândia,MG,3170206,2020,37635138.0,"Reaproveitado de teste_api_municipios_brasil_serie_historica_2010.csv (Guilherme, datacenter-extracao-modelos/data/01_bronze/) — confirmado por amostragem cruzada como leitura de IBGE SIDRA tabela 5938 'Produto Interno Bruto dos Municipios - Referencia 2010', variavel 37 'Produto Interno Bruto a precos correntes' (Mil Reais)",2026-09-03,datacentermap_novo
rtone-uberlandia,Uberlândia,MG,3170206,2021,43030885.0,"Reaproveitado de teste_api_municipios_brasil_serie_historica_2010.csv (Guilherme, datacenter-extracao-modelos/data/01_bronze/) — confirmado por amostragem cruzada como leitura de IBGE SIDRA tabela 5938 'Produto Interno Bruto dos Municipios - Referencia 2010', variavel 37 'Produto Interno Bruto a precos correntes' (Mil Reais)",2026-09-03,datacentermap_novo
rtone-uberlandia,Uberlândia,MG,3170206,2022,47790807.0,"Reaproveitado de teste_api_municipios_brasil_serie_historica_2010.csv (Guilherme, datacenter-extracao-modelos/data/01_bronze/) — confirmado por amostragem cruzada como leitura de IBGE SIDRA tabela 5938 'Produto Interno Bruto dos Municipios - Referencia 2010', variavel 37 'Produto Interno Bruto a precos correntes' (Mil Reais)",2026-09-03,datacentermap_novo
rtone-uberlandia,Uberlândia,MG,3170206,2023,51065684.0,"Reaproveitado de teste_api_municipios_brasil_serie_historica_2010.csv (Guilherme, datacenter-extracao-modelos/data/01_bronze/) — confirmado por amostragem cruzada como leitura de IBGE SIDRA tabela 5938 'Produto Interno Bruto dos Municipios - Referencia 2010', variavel 37 'Produto Interno Bruto a precos correntes' (Mil Reais)",2026-09-03,datacentermap_novo
scala-ai-city,Eldorado do Sul,RS,4306767,2016,1477422.0,"Reaproveitado de teste_api_municipios_brasil_serie_historica_2010.csv (Guilherme, datacenter-extracao-modelos/data/01_bronze/) — confirmado por amostragem cruzada como leitura de IBGE SIDRA tabela 5938 'Produto Interno Bruto dos Municipios - Referencia 2010', variavel 37 'Produto Interno Bruto a precos correntes' (Mil Reais)",2026-09-03,datacentermap_novo
scala-ai-city,Eldorado do Sul,RS,4306767,2017,1585866.0,"Reaproveitado de teste_api_municipios_brasil_serie_historica_2010.csv (Guilherme, datacenter-extracao-modelos/data/01_bronze/) — confirmado por amostragem cruzada como leitura de IBGE SIDRA tabela 5938 'Produto Interno Bruto dos Municipios - Referencia 2010', variavel 37 'Produto Interno Bruto a precos correntes' (Mil Reais)",2026-09-03,datacentermap_novo
scala-ai-city,Eldorado do Sul,RS,4306767,2018,1608902.0,"Reaproveitado de teste_api_municipios_brasil_serie_historica_2010.csv (Guilherme, datacenter-extracao-modelos/data/01_bronze/) — confirmado por amostragem cruzada como leitura de IBGE SIDRA tabela 5938 'Produto Interno Bruto dos Municipios - Referencia 2010', variavel 37 'Produto Interno Bruto a precos correntes' (Mil Reais)",2026-09-03,datacentermap_novo
scala-ai-city,Eldorado do Sul,RS,4306767,2019,2154667.0,"Reaproveitado de teste_api_municipios_brasil_serie_historica_2010.csv (Guilherme, datacenter-extracao-modelos/data/01_bronze/) — confirmado por amostragem cruzada como leitura de IBGE SIDRA tabela 5938 'Produto Interno Bruto dos Municipios - Referencia 2010', variavel 37 'Produto Interno Bruto a precos correntes' (Mil Reais)",2026-09-03,datacentermap_novo
scala-ai-city,Eldorado do Sul,RS,4306767,2020,1804067.0,"Reaproveitado de teste_api_municipios_brasil_serie_historica_2010.csv (Guilherme, datacenter-extracao-modelos/data/01_bronze/) — confirmado por amostragem cruzada como leitura de IBGE SIDRA tabela 5938 'Produto Interno Bruto dos Municipios - Referencia 2010', variavel 37 'Produto Interno Bruto a precos correntes' (Mil Reais)",2026-09-03,datacentermap_novo
scala-ai-city,Eldorado do Sul,RS,4306767,2021,2120269.0,"Reaproveitado de teste_api_municipios_brasil_serie_historica_2010.csv (Guilherme, datacenter-extracao-modelos/data/01_bronze/) — confirmado por amostragem cruzada como leitura de IBGE SIDRA tabela 5938 'Produto Interno Bruto dos Municipios - Referencia 2010', variavel 37 'Produto Interno Bruto a precos correntes' (Mil Reais)",2026-09-03,datacentermap_novo
scala-ai-city,Eldorado do Sul,RS,4306767,2022,2442465.0,"Reaproveitado de teste_api_municipios_brasil_serie_historica_2010.csv (Guilherme, datacenter-extracao-modelos/data/01_bronze/) — confirmado por amostragem cruzada como leitura de IBGE SIDRA tabela 5938 'Produto Interno Bruto dos Municipios - Referencia 2010', variavel 37 'Produto Interno Bruto a precos correntes' (Mil Reais)",2026-09-03,datacentermap_novo
scala-ai-city,Eldorado do Sul,RS,4306767,2023,2623491.0,"Reaproveitado de teste_api_municipios_brasil_serie_historica_2010.csv (Guilherme, datacenter-extracao-modelos/data/01_bronze/) — confirmado por amostragem cruzada como leitura de IBGE SIDRA tabela 5938 'Produto Interno Bruto dos Municipios - Referencia 2010', variavel 37 'Produto Interno Bruto a precos correntes' (Mil Reais)",2026-09-03,datacentermap_novo
scala-sgigsm01,São João de Meriti,RJ,3305109,2016,9405814.0,"Reaproveitado de teste_api_municipios_brasil_serie_historica_2010.csv (Guilherme, datacenter-extracao-modelos/data/01_bronze/) — confirmado por amostragem cruzada como leitura de IBGE SIDRA tabela 5938 'Produto Interno Bruto dos Municipios - Referencia 2010', variavel 37 'Produto Interno Bruto a precos correntes' (Mil Reais)",2026-09-03,sites_validados
scala-sgigsm01,São João de Meriti,RJ,3305109,2017,9196061.0,"Reaproveitado de teste_api_municipios_brasil_serie_historica_2010.csv (Guilherme, datacenter-extracao-modelos/data/01_bronze/) — confirmado por amostragem cruzada como leitura de IBGE SIDRA tabela 5938 'Produto Interno Bruto dos Municipios - Referencia 2010', variavel 37 'Produto Interno Bruto a precos correntes' (Mil Reais)",2026-09-03,sites_validados
scala-sgigsm01,São João de Meriti,RJ,3305109,2018,9319208.0,"Reaproveitado de teste_api_municipios_brasil_serie_historica_2010.csv (Guilherme, datacenter-extracao-modelos/data/01_bronze/) — confirmado por amostragem cruzada como leitura de IBGE SIDRA tabela 5938 'Produto Interno Bruto dos Municipios - Referencia 2010', variavel 37 'Produto Interno Bruto a precos correntes' (Mil Reais)",2026-09-03,sites_validados
scala-sgigsm01,São João de Meriti,RJ,3305109,2019,9746519.0,"Reaproveitado de teste_api_municipios_brasil_serie_historica_2010.csv (Guilherme, datacenter-extracao-modelos/data/01_bronze/) — confirmado por amostragem cruzada como leitura de IBGE SIDRA tabela 5938 'Produto Interno Bruto dos Municipios - Referencia 2010', variavel 37 'Produto Interno Bruto a precos correntes' (Mil Reais)",2026-09-03,sites_validados
scala-sgigsm01,São João de Meriti,RJ,3305109,2020,9112402.0,"Reaproveitado de teste_api_municipios_brasil_serie_historica_2010.csv (Guilherme, datacenter-extracao-modelos/data/01_bronze/) — confirmado por amostragem cruzada como leitura de IBGE SIDRA tabela 5938 'Produto Interno Bruto dos Municipios - Referencia 2010', variavel 37 'Produto Interno Bruto a precos correntes' (Mil Reais)",2026-09-03,sites_validados
scala-sgigsm01,São João de Meriti,RJ,3305109,2021,8963716.0,"Reaproveitado de teste_api_municipios_brasil_serie_historica_2010.csv (Guilherme, datacenter-extracao-modelos/data/01_bronze/) — confirmado por amostragem cruzada como leitura de IBGE SIDRA tabela 5938 'Produto Interno Bruto dos Municipios - Referencia 2010', variavel 37 'Produto Interno Bruto a precos correntes' (Mil Reais)",2026-09-03,sites_validados
scala-sgigsm01,São João de Meriti,RJ,3305109,2022,10615039.0,"Reaproveitado de teste_api_municipios_brasil_serie_historica_2010.csv (Guilherme, datacenter-extracao-modelos/data/01_bronze/) — confirmado por amostragem cruzada como leitura de IBGE SIDRA tabela 5938 'Produto Interno Bruto dos Municipios - Referencia 2010', variavel 37 'Produto Interno Bruto a precos correntes' (Mil Reais)",2026-09-03,sites_validados
scala-sgigsm01,São João de Meriti,RJ,3305109,2023,11534047.0,"Reaproveitado de teste_api_municipios_brasil_serie_historica_2010.csv (Guilherme, datacenter-extracao-modelos/data/01_bronze/) — confirmado por amostragem cruzada como leitura de IBGE SIDRA tabela 5938 'Produto Interno Bruto dos Municipios - Referencia 2010', variavel 37 'Produto Interno Bruto a precos correntes' (Mil Reais)",2026-09-03,sites_validados
scala-spoapa01,Porto Alegre,RS,4314902,2016,72734881.0,"Reaproveitado de teste_api_municipios_brasil_serie_historica_2010.csv (Guilherme, datacenter-extracao-modelos/data/01_bronze/) — confirmado por amostragem cruzada como leitura de IBGE SIDRA tabela 5938 'Produto Interno Bruto dos Municipios - Referencia 2010', variavel 37 'Produto Interno Bruto a precos correntes' (Mil Reais)",2026-09-03,sites_validados
scala-spoapa01,Porto Alegre,RS,4314902,2017,73314029.0,"Reaproveitado de teste_api_municipios_brasil_serie_historica_2010.csv (Guilherme, datacenter-extracao-modelos/data/01_bronze/) — confirmado por amostragem cruzada como leitura de IBGE SIDRA tabela 5938 'Produto Interno Bruto dos Municipios - Referencia 2010', variavel 37 'Produto Interno Bruto a precos correntes' (Mil Reais)",2026-09-03,sites_validados
scala-spoapa01,Porto Alegre,RS,4314902,2018,77181703.0,"Reaproveitado de teste_api_municipios_brasil_serie_historica_2010.csv (Guilherme, datacenter-extracao-modelos/data/01_bronze/) — confirmado por amostragem cruzada como leitura de IBGE SIDRA tabela 5938 'Produto Interno Bruto dos Municipios - Referencia 2010', variavel 37 'Produto Interno Bruto a precos correntes' (Mil Reais)",2026-09-03,sites_validados
scala-spoapa01,Porto Alegre,RS,4314902,2019,82320598.0,"Reaproveitado de teste_api_municipios_brasil_serie_historica_2010.csv (Guilherme, datacenter-extracao-modelos/data/01_bronze/) — confirmado por amostragem cruzada como leitura de IBGE SIDRA tabela 5938 'Produto Interno Bruto dos Municipios - Referencia 2010', variavel 37 'Produto Interno Bruto a precos correntes' (Mil Reais)",2026-09-03,sites_validados
scala-spoapa01,Porto Alegre,RS,4314902,2020,75976656.0,"Reaproveitado de teste_api_municipios_brasil_serie_historica_2010.csv (Guilherme, datacenter-extracao-modelos/data/01_bronze/) — confirmado por amostragem cruzada como leitura de IBGE SIDRA tabela 5938 'Produto Interno Bruto dos Municipios - Referencia 2010', variavel 37 'Produto Interno Bruto a precos correntes' (Mil Reais)",2026-09-03,sites_validados
scala-spoapa01,Porto Alegre,RS,4314902,2021,81563063.0,"Reaproveitado de teste_api_municipios_brasil_serie_historica_2010.csv (Guilherme, datacenter-extracao-modelos/data/01_bronze/) — confirmado por amostragem cruzada como leitura de IBGE SIDRA tabela 5938 'Produto Interno Bruto dos Municipios - Referencia 2010', variavel 37 'Produto Interno Bruto a precos correntes' (Mil Reais)",2026-09-03,sites_validados
scala-spoapa01,Porto Alegre,RS,4314902,2022,90214952.0,"Reaproveitado de teste_api_municipios_brasil_serie_historica_2010.csv (Guilherme, datacenter-extracao-modelos/data/01_bronze/) — confirmado por amostragem cruzada como leitura de IBGE SIDRA tabela 5938 'Produto Interno Bruto dos Municipios - Referencia 2010', variavel 37 'Produto Interno Bruto a precos correntes' (Mil Reais)",2026-09-03,sites_validados
scala-spoapa01,Porto Alegre,RS,4314902,2023,104743272.0,"Reaproveitado de teste_api_municipios_brasil_serie_historica_2010.csv (Guilherme, datacenter-extracao-modelos/data/01_bronze/) — confirmado por amostragem cruzada como leitura de IBGE SIDRA tabela 5938 'Produto Interno Bruto dos Municipios - Referencia 2010', variavel 37 'Produto Interno Bruto a precos correntes' (Mil Reais)",2026-09-03,sites_validados
scala-tambore,Barueri,SP,3505708,2016,47063173.0,"Reaproveitado de teste_api_municipios_brasil_serie_historica_2010.csv (Guilherme, datacenter-extracao-modelos/data/01_bronze/) — confirmado por amostragem cruzada como leitura de IBGE SIDRA tabela 5938 'Produto Interno Bruto dos Municipios - Referencia 2010', variavel 37 'Produto Interno Bruto a precos correntes' (Mil Reais)",2026-09-03,sites_validados
scala-tambore,Barueri,SP,3505708,2017,47741849.0,"Reaproveitado de teste_api_municipios_brasil_serie_historica_2010.csv (Guilherme, datacenter-extracao-modelos/data/01_bronze/) — confirmado por amostragem cruzada como leitura de IBGE SIDRA tabela 5938 'Produto Interno Bruto dos Municipios - Referencia 2010', variavel 37 'Produto Interno Bruto a precos correntes' (Mil Reais)",2026-09-03,sites_validados
scala-tambore,Barueri,SP,3505708,2018,50562704.0,"Reaproveitado de teste_api_municipios_brasil_serie_historica_2010.csv (Guilherme, datacenter-extracao-modelos/data/01_bronze/) — confirmado por amostragem cruzada como leitura de IBGE SIDRA tabela 5938 'Produto Interno Bruto dos Municipios - Referencia 2010', variavel 37 'Produto Interno Bruto a precos correntes' (Mil Reais)",2026-09-03,sites_validados
scala-tambore,Barueri,SP,3505708,2019,52744931.0,"Reaproveitado de teste_api_municipios_brasil_serie_historica_2010.csv (Guilherme, datacenter-extracao-modelos/data/01_bronze/) — confirmado por amostragem cruzada como leitura de IBGE SIDRA tabela 5938 'Produto Interno Bruto dos Municipios - Referencia 2010', variavel 37 'Produto Interno Bruto a precos correntes' (Mil Reais)",2026-09-03,sites_validados
scala-tambore,Barueri,SP,3505708,2020,51600338.0,"Reaproveitado de teste_api_municipios_brasil_serie_historica_2010.csv (Guilherme, datacenter-extracao-modelos/data/01_bronze/) — confirmado por amostragem cruzada como leitura de IBGE SIDRA tabela 5938 'Produto Interno Bruto dos Municipios - Referencia 2010', variavel 37 'Produto Interno Bruto a precos correntes' (Mil Reais)",2026-09-03,sites_validados
scala-tambore,Barueri,SP,3505708,2021,58027667.0,"Reaproveitado de teste_api_municipios_brasil_serie_historica_2010.csv (Guilherme, datacenter-extracao-modelos/data/01_bronze/) — confirmado por amostragem cruzada como leitura de IBGE SIDRA tabela 5938 'Produto Interno Bruto dos Municipios - Referencia 2010', variavel 37 'Produto Interno Bruto a precos correntes' (Mil Reais)",2026-09-03,sites_validados
scala-tambore,Barueri,SP,3505708,2022,69665769.0,"Reaproveitado de teste_api_municipios_brasil_serie_historica_2010.csv (Guilherme, datacenter-extracao-modelos/data/01_bronze/) — confirmado por amostragem cruzada como leitura de IBGE SIDRA tabela 5938 'Produto Interno Bruto dos Municipios - Referencia 2010', variavel 37 'Produto Interno Bruto a precos correntes' (Mil Reais)",2026-09-03,sites_validados
scala-tambore,Barueri,SP,3505708,2023,71646710.0,"Reaproveitado de teste_api_municipios_brasil_serie_historica_2010.csv (Guilherme, datacenter-extracao-modelos/data/01_bronze/) — confirmado por amostragem cruzada como leitura de IBGE SIDRA tabela 5938 'Produto Interno Bruto dos Municipios - Referencia 2010', variavel 37 'Produto Interno Bruto a precos correntes' (Mil Reais)",2026-09-03,sites_validados
