aoi_id,nome_exibicao,operador,municipio,uf,regiao,bioma_estimado,n_predios,predios_json,ano_construcao_min,ano_operacao_min,ano_construcao_max,ano_operacao_max,periodo_pre,periodo_durante,periodo_pos,status_2026,elegivel,criterio_reprovacao,tier,fonte_lista,fontes_url,lat,lon,precisao_coordenada,observacao
algar-tech-uberlandia,Algar Tech Uberlândia – Granja Marileusa,Algar Tech,Uberlândia,MG,Sudeste,Cerrado,1,"[{""nome"": ""Algar Tech Uberlândia – Granja Marileusa"", ""ano_construcao"": null, ""ano_operacao"": null, ""status"": ""Não documentado"", ""fonte"": ""lista_30""}]",,,,,,,,,False,E1,,lista_30,https://www.datacentermap.com/brazil/uberlandia/,,,pendente,Sem ano documentado em nenhuma fonte consultada.
angonap-fortaleza,AngoNAP Fortaleza,Angola Cables,Fortaleza,CE,Nordeste,Caatinga,1,"[{""nome"": ""AngoNAP Fortaleza"", ""ano_construcao"": ""2017"", ""ano_operacao"": ""2019"", ""status"": ""Operacional"", ""fonte"": ""pesquisa_sv24_rodada2""}]",2017,2019,2017,2019,2014-2016,2017-2019,2020-2025,Operacional,True,,1,lista_30,https://teletime.com.br/11/07/2017/angola-cables-comeca-construir-data-center-em-fortaleza/,,,pendente,"REVISADO NA RODADA 2 (SV-24 continuação, 2026-08-31): a lista_30 não tinha coluna de ano; pesquisa dirigida encontrou o ano de início da obra e o ano de operação em fontes públicas. Construção: pedra fundamental lançada em 11/07/2017, marcando o início das fases de fundação, terraplenagem e drenagem, na Praia do Futuro, Fortaleza (https://teletime.com.br/11/07/2017/angola-cables-comeca-construir-data-center-em-fortaleza/ ; confirmado por fonte governamental: https://www.sct.ce.gov.br/2017/07/11/angola-cables-inicia-obras-do-data-center-conectando-o-ceara-a-angola/). Operação: inaugurado em 16/04/2019 (https://www.datacenterdynamics.com/br/opini%C3%B5es/angola-cables-inaugura-data-center-angonap-fortaleza/ ; https://www.fortaleza.ce.gov.br/noticias/prefeito-roberto-claudio-participa-da-inauguracao-do-data-center-da-empresa-angola-cables). Construção 2017 é ERA LANDSAT (pré-2019) — 1º evento datável de Nordeste/Caatinga na série. E2: construção nova em terreno aberto na Praia do Futuro (obra de fundação/terraplenagem documentada, não colocation em prédio existente), área total 9.000 m² (0,9 ha) ao final das fases — pegada da mesma ordem de grandeza de AOIs já aceitas (ex.: scala-spoapa01, 4.070 m²). E3: endereço físico documentado (Praia do Futuro, Fortaleza) em múltiplas fontes de imprensa e prefeitura; coordenada exata fica para SV-25. E4: nenhuma outra AOI elegível em Fortaleza/CE nesta rodada além de ascenty-maracanau (município distinto, Maracanaú, sem fusão automática)."
armazem-joinville,Armazém DC Joinville,Armazém Cloud,Joinville,SC,Sul,Mata Atlântica,1,"[{""nome"": ""Armazém DC Joinville"", ""ano_construcao"": null, ""ano_operacao"": null, ""status"": ""Não documentado"", ""fonte"": ""lista_30""}]",,,,,,,,,False,E1,,lista_30,https://www.armazem.cloud/,,,pendente,Sem ano documentado em nenhuma fonte consultada.
ascenty-campinas-cps1,Ascenty Campinas CPS1,Ascenty,Campinas,SP,Sudeste,Mata Atlântica,1,"[{""nome"": ""Ascenty Campinas CPS1"", ""ano_construcao"": null, ""ano_operacao"": null, ""status"": ""Não documentado"", ""fonte"": ""lista_30""}]",,,,,,,,,False,E1,,lista_30,https://www.datacentermap.com/brazil/campinas/,,,pendente,Sem ano de construção ou operação em nenhuma fonte consultada (lista_30 não tem coluna de ano; não citado na página de referência).
ascenty-hortolandia,Ascenty Hortolândia (campus),Ascenty,Hortolândia,SP,Sudeste,Mata Atlântica,6,"[{""nome"": ""Ascenty Hortolândia 1"", ""ano_construcao"": null, ""ano_operacao"": ""2015"", ""status"": ""Operacional (presumido)"", ""fonte"": ""pagina_referencia_notion""}, {""nome"": ""Ascenty Hortolândia 2"", ""ano_construcao"": ""2018-2019"", ""ano_operacao"": ""2019"", ""status"": ""Operacional"", ""fonte"": ""lista_20""}, {""nome"": ""Ascenty Hortolândia 3"", ""ano_construcao"": ""2018-2019"", ""ano_operacao"": ""2019"", ""status"": ""Operacional"", ""fonte"": ""lista_20""}, {""nome"": ""Ascenty Hortolândia 4"", ""ano_construcao"": ""2020-2021"", ""ano_operacao"": ""2021"", ""status"": ""Operacional"", ""fonte"": ""lista_20""}, {""nome"": ""Ascenty Hortolândia 5"", ""ano_construcao"": ""2021-2022"", ""ano_operacao"": ""2022"", ""status"": ""Operacional"", ""fonte"": ""lista_20""}, {""nome"": ""Ascenty Hortolândia HTL6"", ""ano_construcao"": null, ""ano_operacao"": null, ""status"": ""Não documentado"", ""fonte"": ""lista_30""}]",2018,2015,2021,2022,2015-2017,2018-2022,2023-2025,Operacional,True,,1,lista_20+lista_30,https://www.datacentermap.com/brazil/campinas/,,,pendente,"Fusão de nível AOI: 5 prédios da lista_20 (Hortolândia 2/3/4/5, mesmo operador+município) + HTL6 da lista_30 (mesmo operador+município) + Hortolândia 1 (só na página de referência, sem ano de construção documentado, apenas operação desde 2015). Escada de eventos preservada: construção 2018 (Hortolândia 2/3, ERA LANDSAT — antes de 2019), 2020, 2021; operação 2015, 2019, 2019, 2021, 2022. HTL6 sem data em nenhuma fonte consultada. Coordenada de alta confiança já disponível na página de referência do Notion (fonte primária citada: publicação direta da Ascenty): lat -22.896022, lon -47.179246 (mesmo endereço para Hortolândia 1/2/3/5 — provável geocode do campus, não do prédio individual). Usar como ponto de partida em SV-25. ATENÇÃO — E4 (achado mais importante desta tarefa): esta coordenada de referência fica a ~1,7 km de odata-hortolandia (AOI já aceita), dentro do buffer de 5 km. Ver observação de odata-hortolandia. Marcado elegível porque os 4 critérios E1-E4 são satisfeitos com os dados disponíveis nesta etapa (SV-24 não busca coordenada real), mas a possível colisão de buffer precisa ser resolvida em SV-25 antes de comprometer orçamento de rotulagem manual nas duas."
ascenty-jundiai,Ascenty Jundiaí 2,Ascenty,Jundiaí,SP,Sudeste,Mata Atlântica,1,"[{""nome"": ""Ascenty Jundiaí 2"", ""ano_construcao"": ""2019"", ""ano_operacao"": ""2019"", ""status"": ""Operacional"", ""fonte"": ""lista_20""}]",2019,2019,2019,2019,2016-2018,2019-2019,2020-2025,Operacional,True,,2,lista_20,,,,pendente,"Prédio único, só na lista_20 (nome sugere existir um 'Jundiaí 1' em algum lugar — não citado em nenhuma das duas listas; não inventado aqui). Valor analítico: comparação com Vinhedo/Sumaré/Hortolândia no mesmo eixo industrial, mesma era de sensor. REBALANCEADO NA RODADA 2 (SV-24 continuação, 2026-08-31): movido de tier 1 para tier 2 pelo mesmo motivo de ascenty-paulinia (ver observação daquela AOI) — redundante em bioma/era/UF com outras AOIs de tier 1 agora que o conjunto tem diversidade de bioma real vinda de outras regiões. Mantida elegível, passa a alimentar o conjunto de generalização fora-da-amostra."
ascenty-maracanau,Ascenty Fortaleza 1,Ascenty,Maracanaú,CE,Nordeste,Caatinga,1,"[{""nome"": ""Ascenty Fortaleza 1"", ""ano_construcao"": ""2014"", ""ano_operacao"": ""2015"", ""status"": ""Operacional"", ""fonte"": ""pesquisa_sv24_rodada2+pagina_referencia_notion""}]",2014,2015,2014,2015,2011-2013,2014-2015,2016-2025,Operacional,True,,1,pagina_referencia_notion,https://ascenty.com/en/data-centers-en/location/brazil/ceara/fortaleza-1/,,,pendente,"ADICIONADO NA RODADA 2 (SV-24 continuação, 2026-08-31). Facility citada na página de referência do Notion ('Dados - informações de data centers') mas fora do escopo original de SV-24 por não constar em nenhuma das duas listas oficiais (lista_20/lista_30) — ADR-005 já sinalizava como forte candidato de diversidade regional a reconsiderar. Esta rodada busca e confirma o ano de construção que faltava: obra iniciada em 2014, inaugurado em junho de 2015 como terceiro data center da Ascenty no Brasil e primeiro fora de SP (https://www.datacenterdynamics.com/br/opini%C3%B5es/ascenty-inaugura-data-center-de-r-120-milh%C3%B5es-no-nordeste/). Construção 2014 é ERA LANDSAT (pré-2019) — evento mais antigo do conjunto elegível fora de SP. Coordenada de fonte primária já conhecida da página de referência do Notion (a própria Ascenty publica localização/capacidade da unidade): -3.830803,-38.611253, 9.000 m² de área total (0,9 ha) — pegada visível, E2 passa. lat/lon deste arquivo ficam vazios e precisao_coordenada 'pendente' por não fazer parte do escopo de SV-24 buscar/confirmar coordenada em escala (SV-25); a coordenada acima é só um ponto de partida documentado para SV-25 usar. E3 forte (fonte primária do operador). E4: município Maracanaú é distinto de Fortaleza (angonap-fortaleza) — sem fusão automática; municípios vizinhos na região metropolitana, mas Maracanaú fica ~15-20 km a oeste do centro de Fortaleza e a AngoNAP fica na Praia do Futuro (litoral leste) — plausivelmente fora do buffer de 5 km, mas a confirmação com coordenada exata fica para SV-25."
ascenty-osasco,Ascenty São Paulo 3/4 (Osasco),Ascenty,Osasco,SP,Sudeste,Mata Atlântica,2,"[{""nome"": ""Ascenty São Paulo 3"", ""ano_construcao"": ""2020"", ""ano_operacao"": ""2020"", ""status"": ""Operacional"", ""fonte"": ""lista_20""}, {""nome"": ""Ascenty São Paulo 4"", ""ano_construcao"": ""2022"", ""ano_operacao"": ""2023"", ""status"": ""Operacional"", ""fonte"": ""lista_20""}]",2020,2020,2022,2023,2017-2019,2020-2023,2024-2025,Operacional,True,,1,lista_20,,,,pendente,"Fusão de nível AOI: São Paulo 3 e 4, mesmo operador+município (Osasco), só na lista_20. Caso urbano/metropolitano (l1 chama de 'caso urbano' explicitamente) — contraste de uso do solo com os campi industriais do interior. Possível relação com 'Ascenty SPO06' (lista_30 #9, município 'Grande São Paulo', sem ano): o nome sugere numeração da mesma série (SP3, SP4, SP06...), mas o município da lista_30 é impreciso (não é um município real) e não bate literalmente com 'Osasco' — regra da tarefa veda fusão automática entre municípios diferentes. NÃO fundido aqui; marcado revisar_manualmente para SV-25 confirmar com coordenada real se SPO06 é o mesmo campus."
ascenty-paulinia,Ascenty Paulínia 1,Ascenty,Paulínia,SP,Sudeste,Mata Atlântica,1,"[{""nome"": ""Ascenty Paulínia 1"", ""ano_construcao"": ""2019"", ""ano_operacao"": ""2019"", ""status"": ""Operacional"", ""fonte"": ""lista_20""}]",2019,2019,2019,2019,2016-2018,2019-2019,2020-2025,Operacional,True,,2,lista_20,,,,pendente,"Prédio único, só na lista_20. Inserido em polo industrial/petroquímico (contexto de uso do solo distinto de Vinhedo/Hortolândia, valor analítico mesmo sem diversidade de bioma/era). REBALANCEADO NA RODADA 2 (SV-24 continuação, 2026-08-31): movido de tier 1 para tier 2. Com a chegada de 4 AOIs de novos biomas nesta rodada (Cerrado, Caatinga x2, Amazônia), a prioridade (a) do enunciado (diversidade de bioma) e (b) (era Landsat) já ficam bem cobertas sem esta AOI, que é a 3ª unidade Ascenty de SP/Sudeste/era Sentinel-2/construção 2019 no conjunto (junto com vinhedo e jundiai) — a mais redundante do grupo por esse motivo, exatamente a opção (c) que o ADR-005 já cogitava. Mantida elegível (nenhum critério E1-E4 mudou), só passa a alimentar o conjunto de generalização fora-da-amostra em vez da rotulagem manual."
ascenty-spo06,Ascenty SPO06,Ascenty,Grande São Paulo,SP,Sudeste,Mata Atlântica,1,"[{""nome"": ""Ascenty SPO06"", ""ano_construcao"": null, ""ano_operacao"": null, ""status"": ""Não documentado"", ""fonte"": ""lista_30""}]",,,,,,,,,False,E1,,lista_30,https://ascenty.com/blog/news-ascenty/ascenty-campus-sao-paulo/,,,pendente,"Sem ano documentado. Município 'Grande São Paulo' na lista_30 não é um município real — possível o mesmo campus de ascenty-osasco (São Paulo 3/4), mas regra da tarefa veda fusão automática entre municípios diferentes; revisar_manualmente em SV-25 com coordenada real."
ascenty-sumare,Ascenty Sumaré (campus),Ascenty,Sumaré,SP,Sudeste,Mata Atlântica,2,"[{""nome"": ""Ascenty Sumaré 1"", ""ano_construcao"": ""2017"", ""ano_operacao"": ""2017"", ""status"": ""Operacional"", ""fonte"": ""lista_20""}, {""nome"": ""Ascenty Sumaré 2"", ""ano_construcao"": ""2019"", ""ano_operacao"": ""2019"", ""status"": ""Operacional"", ""fonte"": ""lista_20""}]",2017,2017,2019,2019,2014-2016,2017-2019,2020-2025,Operacional,True,,1,lista_20,,,,pendente,"Fusão de nível AOI: Sumaré 1 e 2, mesmo operador+município, só na lista_20 (não aparece na lista_30). Construção 2017 é o evento mais antigo do conjunto elegível — ERA LANDSAT, essencial para o critério de aceite 'pelo menos 2 AOIs tier 1 com obra antes de 2019'. Coordenada 'A validar' nas duas colunas da lista_20 — nenhuma fonte de coordenada disponível nesta etapa; E3 aprovado só pela plausibilidade de fonte (Ascenty publica página de localização por unidade), não por uma URL já em mãos."
ascenty-vinhedo,Ascenty Vinhedo,Ascenty,Vinhedo,SP,Sudeste,Mata Atlântica,2,"[{""nome"": ""Ascenty Vinhedo 1"", ""ano_construcao"": ""2019"", ""ano_operacao"": ""2019"", ""status"": ""Operacional"", ""fonte"": ""lista_20+lista_30""}, {""nome"": ""Ascenty Vinhedo 2"", ""ano_construcao"": ""2020"", ""ano_operacao"": ""2020"", ""status"": ""Operacional"", ""fonte"": ""lista_20+lista_30""}]",2019,2019,2020,2020,2016-2018,2019-2020,2021-2025,Operacional,True,,1,lista_20+lista_30,https://ascenty.com/data-centers/localizacao/brasil/sao-paulo-interior/vinhedo/,,,confirmada,"AOI já existente (ADR-001), aoi_id fixo — não renomear. Coordenada real já está em config/sites.geojson (-23.0700044,-47.0118926), confirmada via Google Maps; lat/lon deste arquivo ficam vazios por consistência de schema com as demais linhas, não porque a coordenada esteja pendente. Fusão de nível prédio: 'Vinhedo 1' e 'Vinhedo 2' aparecem idênticas nas duas listas (lista_20 #6/#8, lista_30 #3/#4). Fusão de nível AOI: os dois prédios (mesmo operador, mesmo município, campus único) viram uma AOI."
atlantic-recife,Atlantic Data Center Recife 1,Atlantic Data Centers / Um Telecom,Recife,PE,Nordeste,Mata Atlântica,1,"[{""nome"": ""Atlantic Data Center Recife 1"", ""ano_construcao"": ""2025"", ""ano_operacao"": null, ""status"": ""Em construção"", ""fonte"": ""pesquisa_sv24_rodada2""}]",2025,,2025,,,,,Em construção,False,E1,,lista_30,https://revistane.com.br/2025/01/16/um-telecom-inicia-a-construcao-do-recife1-primeiro-data-center-da-atlantic-data-centers-em-pernambuco/,,,pendente,"PESQUISADO NA RODADA 2 (2026-08-31): construção iniciada em janeiro de 2025 no Parqtel (Parque Tecnológico de Eletrônicos), bairro Várzea, Recife (https://revistane.com.br/2025/01/16/um-telecom-inicia-a-construcao-do-recife1-primeiro-data-center-da-atlantic-data-centers-em-pernambuco/); inauguração prevista para o 1º trimestre de 2026 (https://teletime.com.br/21/07/2025/eletronet-sera-primeira-a-ancorar-em-data-center-da-atlantic-no-recife/). Ano de construção real (2025) agora conhecido, mas cai FORA da janela E1 (2013-2024) por 1 ano — e mesmo se fosse aceito, a operação prevista (2026) deixaria periodo_pos vazio (mesmo padrão de equinix-rj3/bytedance-pecem). Reprovação por E1 mantida, agora com data real em vez de 'sem dado'. É construção nova em terreno aberto (~14.000 m², E2 passaria) — o único motivo de reprovação é a data."
bytedance-pecem,Data Center ByteDance / Pecém,Omnia / Pátria,São Gonçalo do Amarante,CE,Nordeste,Caatinga,1,"[{""nome"": ""Data Center ByteDance / Pecém"", ""ano_construcao"": ""2026"", ""ano_operacao"": null, ""status"": ""Em construção"", ""fonte"": ""lista_20+lista_30""}]",2026,,2026,,,,,Em construção,False,E1,,lista_20+lista_30,https://bpmoney.com.br/inovacao/tecnologia/tiktok-data-center-ceara-50-bilhoes/,,,pendente,"Fusão de nível prédio: aparece nas duas listas com operador atribuído de forma divergente (lista_20 chama de 'ByteDance', lista_30 atribui a 'Omnia/Pátria' — discrepância preservada, não resolvida aqui). Ano de construção documentado é 2026, fora da janela E1 (2013-2024); status 'Em construção' sugere que a obra já começou, mas nenhuma fonte consultada documenta um ano de início anterior a 2026 — reprovado pelo dado disponível, não por presunção. CONFIRMADO NA RODADA 2 (2026-08-31): as obras do Complexo do Pecém começaram em janeiro de 2026 (https://bpmoney.com.br/inovacao/tecnologia/tiktok-data-center-ceara-50-bilhoes/ ; reportagens de imagens da obra e início de montagem confirmam o mesmo período), com início de operação previsto só para o 3º trimestre de 2027. Isso é AINDA MAIS TARDE que a suposição anterior (2026) — a data real (2026) segue fora da janela E1 (2013-2024), e mesmo usando 2026 como início, o período pós ficaria vazio (operação prevista 2027, fora da série 2013-2025). Reprovação por E1 mantida e reforçada, não revertida — apesar de ser o candidato de maior perfil de Nordeste/Caatinga, a linha do tempo real o exclui claramente desta rodada."
cirion-curitiba,Cirion CUR1,Cirion Technologies,Curitiba,PR,Sul,Mata Atlântica,1,"[{""nome"": ""Cirion CUR1"", ""ano_construcao"": null, ""ano_operacao"": null, ""status"": ""Não documentado"", ""fonte"": ""lista_30""}]",,,,,,,,,False,E1,,lista_30,https://www.ciriontechnologies.com/pt-br/data-center/nossos-data-centers/curitiba-1/,,,pendente,"Sem ano documentado em nenhuma fonte consultada. PESQUISADO NA RODADA 2 (2026-08-31): confirmado que era originalmente uma facility Level3 (telecom legado), rebatizada Cirion em 2022 — rebranding não é construção nova nem dá um ano de construção verificável dentro da janela; a estrutura física é provavelmente anterior a 2013. Reprovação mantida por E1, agora com motivo mais preciso (facility legada, não sem-dado)."
clickip-manaus,ClickIP Datacenters,ClickIP Datacenters,Manaus,AM,Norte,Amazônia,1,"[{""nome"": ""ClickIP Datacenters"", ""ano_construcao"": ""2023"", ""ano_operacao"": ""2024"", ""status"": ""Operacional"", ""fonte"": ""pesquisa_sv24_rodada2""}]",2023,2024,2023,2024,2020-2022,2023-2024,2025-2025,Operacional,True,,1,lista_30,https://telesintese.com.br/grupo-clickip-inaugura-maior-data-center-da-regiao-norte/,,,pendente,"REVISADO NA RODADA 2 (SV-24 continuação, 2026-08-31): a lista_30 não tinha ano; pesquisa dirigida encontrou construção e operação em imprensa especializada. Construção: reportagem de julho/2023 já descreve obra em ritmo acelerado com ~R$16 milhões investidos na construção do espaço até aquele momento, visando inauguração no último trimestre de 2023 (https://telesintese.com.br/clickip-vai-inaugurar-maior-datacenter-comercial-da-regiao-norte/) — usado 2023 como ano de construção (obra já em andamento nessa data, início exato dentro de 2023 não documentado com mais precisão). Operação: inauguração efetiva em 22/08/2024, após atraso em relação ao previsto em 2023 (https://telesintese.com.br/grupo-clickip-inaugura-maior-data-center-da-regiao-norte/ ; https://www.arandanet.com.br/revista/rti/noticia/9467-Grupo-ClickIP-inaugura-data-center-edge-em-Manaus.html). ÚNICO candidato de Região Norte/bioma Amazônia em qualquer uma das duas listas — sem esta AOI, a região fica sem nenhuma representação no estudo. ATENÇÃO — ressalva de E2 para revisão humana: pegada pequena (área construída 685 m² em terreno de 1.200 m² = 0,12 ha), bem abaixo da ordem de grandeza '≥ 1 ha' citada no enunciado de SV-24 e menor que qualquer outra AOI elegível do conjunto (a menor até aqui era scala-spoapa01, 4.070 m² = 0,4 ha). É construção nova em terreno aberto, não colocation em prédio existente (passa no teste literal de E2 do ADR-005: greenfield vs. colocation urbana), mas a 34x35 m de footprint está no limite de visibilidade mesmo em Sentinel-2 (10 m, ~3x3 pixels) e é essencialmente invisível em Landsat (30 m) — o que não chega a importar aqui porque toda a janela pré/durante/pós desta AOI (2020-2025) cai na era Sentinel-2. Marcado elegível por satisfazer o critério E2 como documentado (não a leitura estendida de visibilidade em pixel), mas a decisão de manter é do usuário na aprovação do tier. E3: endereço e coordenada plausíveis via imprensa/DataCenterMap; exata fica para SV-25. E4: nenhuma outra AOI elegível em Manaus/AM."
elea-brasilia,Elea BSB2,Elea Data Centers,Brasília,DF,Centro-Oeste,Cerrado,1,"[{""nome"": ""Elea BSB2"", ""ano_construcao"": ""2004"", ""ano_operacao"": null, ""status"": ""Não documentado"", ""fonte"": ""lista_30+pagina_referencia_notion""}]",2004,,2004,,,,,,False,E1,,lista_30,https://eleadatacenters.com/datacenters/bsb2-brasilia/,,,pendente,"Construção documentada em 2004 (página de referência do Notion) — ANTERIOR à janela 2013-2025 do repositório (ADR-001). Único candidato de Centro-Oeste/Cerrado com data encontrada; perdido só por ser velho demais para a série, não por falta de dado."
elea-curitiba,Elea CTA1,Elea Data Centers,Curitiba,PR,Sul,Mata Atlântica,1,"[{""nome"": ""Elea CTA1"", ""ano_construcao"": null, ""ano_operacao"": null, ""status"": ""Não documentado"", ""fonte"": ""lista_30""}]",,,,,,,,,False,E1,,lista_30,https://eleadatacenters.com/datacenters/cta1-curitiba/,,,pendente,"Sem ano documentado em nenhuma fonte consultada. PESQUISADO NA RODADA 2 (2026-08-31): confirmado que a Elea adquiriu esta facility da Oi em 2021 (Elea Data Centers foi fundada em 2020 pela Piemonte Holding) — é aquisição de infraestrutura de telecom legada, não construção nova; ano de construção original permanece indocumentado. Reprovação mantida por E1 (e provável risco adicional de E2, aquisição/rebranding em vez de greenfield, análogo ao caso elea-poa2 desta mesma rodada)."
elea-poa2,Elea POA2,Elea Data Centers,Porto Alegre,RS,Sul,Mata Atlântica,1,"[{""nome"": ""Elea POA2"", ""ano_construcao"": ""2022"", ""ano_operacao"": ""2023"", ""status"": ""Operacional"", ""fonte"": ""pesquisa_sv24_rodada2+pagina_referencia_notion""}]",2022,2023,2022,2023,2019-2021,2022-2023,2024-2025,Operacional,False,E2,,pagina_referencia_notion,https://www.datacenterdynamics.com/en/news/piemontes-elea-buys-tim-data-center-in-porto-alegre-brazil/,,,pendente,"ADICIONADO NA RODADA 2 (SV-24 continuação, 2026-08-31) por ter sido citado no ADR-005 como achado da página de referência do Notion a conferir. Não está em nenhuma das duas listas oficiais (lista_20/lista_30). Pesquisa dirigida confirma: a Elea comprou um prédio já existente da TIM Brasil em setembro/2022 ('purchase and sale agreement of a real estate owned by TIM'), no centro de Porto Alegre, com 4.000 m² já construídos junto a uma subestação de energia e dutos de fibra já existentes; primeira fase inaugurada em março/2023 (https://www.datacenterdynamics.com/en/news/piemontes-elea-buys-tim-data-center-in-porto-alegre-brazil/). REPROVADO POR E2: é aquisição/retrofit de uma instalação de telecom já existente (antigo PoP da TIM), não construção nova em terreno aberto — mesmo padrão do exemplo negativo do enunciado (surfix-recife). Também não acrescentaria bioma novo: mesmo município/UF de scala-spoapa01 (já elegível, Mata Atlântica/possível fronteira Pampa)."
equinix-rio-de-janeiro,Equinix RJ1/RJ2,Equinix,Rio de Janeiro,RJ,Sudeste,Mata Atlântica,2,"[{""nome"": ""Equinix RJ1"", ""ano_construcao"": null, ""ano_operacao"": null, ""status"": ""Não documentado"", ""fonte"": ""lista_30""}, {""nome"": ""Equinix RJ2"", ""ano_construcao"": null, ""ano_operacao"": null, ""status"": ""Não documentado"", ""fonte"": ""lista_30""}]",,,,,,,,,False,E1,,lista_30,https://www.equinix.com/data-centers/americas-colocation/brazil-colocation/rio-de-janeiro-data-centers,,,pendente,"Fusão de nível AOI: RJ1+RJ2, mesmo operador+município, só na lista_30. Sem ano documentado — unidades aparentam ser legado da Equinix no Rio (mercado que a Equinix entrou há mais de uma década no Brasil), plausivelmente anteriores a 2013, mas isso não está confirmado em nenhuma fonte consultada; reprovado por ausência de data verificável, não por presumir data."
equinix-rj3,Equinix RJ3,Equinix,São João de Meriti,RJ,Sudeste,Mata Atlântica,1,"[{""nome"": ""Equinix RJ3"", ""ano_construcao"": ""2024-2025*"", ""ano_operacao"": ""2025*"", ""status"": ""Operacional / recente"", ""fonte"": ""lista_20+lista_30""}]",2024,2025,2024,2025,2021-2023,2024-2025,,Operacional / recente,False,E1,,lista_20+lista_30,https://www.equinix.com/data-centers/americas-colocation/brazil-colocation/rio-de-janeiro-data-centers,,,pendente,"Fusão de nível prédio: RJ3 aparece nas duas listas (lista_20 #17, lista_30 #12), mas com município divergente — lista_20 diz 'São João de Meriti', lista_30 diz genericamente 'Rio de Janeiro'. Usado o município da lista_20 (mais específico); revisar_manualmente em SV-25. Início de construção (2024) cai dentro da janela E1, mas operação estimada em 2025 significa periodo_pos = [2026,2025] — intervalo VAZIO dentro da série do repo (2013-2025), exatamente o caso descrito no enunciado ('um evento em 2025 não tem pós'). Reprovado por essa razão, não por falta de coordenada plausível (Equinix tem página com endereço, E3 passaria)."
equinix-santana-parnaiba,Equinix SP5x/SP6 (Santana de Parnaíba),Equinix,Santana de Parnaíba,SP,Sudeste,Mata Atlântica,2,"[{""nome"": ""Equinix SP5x"", ""ano_construcao"": ""2020-2021"", ""ano_operacao"": ""2021"", ""status"": ""Operacional"", ""fonte"": ""lista_20+lista_30""}, {""nome"": ""Equinix SP6"", ""ano_construcao"": null, ""ano_operacao"": ""2026"", ""status"": ""Operacional (2026)"", ""fonte"": ""lista_30""}]",2020,2021,2020,2021,2017-2019,2020-2021,2022-2025,Operacional,True,,1,lista_20+lista_30,https://www.equinix.com/data-centers/americas-colocation/brazil-colocation/sao-paulo-data-centers/sp6,,,pendente,"Fusão de nível prédio: SP5x aparece nas duas listas (lista_20 #10, lista_30 #2). Fusão de nível AOI: SP6 (só na lista_30, mesmo operador+município) entra como prédio adicional do mesmo campus. SP6 preservado em predios_json (nenhuma informação de ano perdida), mas EXCLUÍDO do cálculo de ano_operacao_max/periodo_pos porque sua operação (2026) cairia fora da série do repo (2013-2025) e geraria periodo_pos vazio para uma AOI que já é elegível via SP5x — ver ADR-005 para a regra geral. Reforço de fonte: a página de referência do Notion cita um estudo do governo federal com período de construção de 'Equinix SP5 – 1ª fase' de novembro/2020 a outubro/2021 — datas idênticas às de SP5x na lista_20, forte indício de que é o mesmo prédio (não um 7º prédio novo); tratado aqui como confirmação da data de SP5x, não como prédio adicional."
everest-goiania,Everest Digital Data Center,Everest Digital (Grupo Soluti),Goiânia,GO,Centro-Oeste,Cerrado,1,"[{""nome"": ""Everest Digital Data Center"", ""ano_construcao"": ""2021"", ""ano_operacao"": ""2023"", ""status"": ""Operacional"", ""fonte"": ""pesquisa_sv24_rodada2""}]",2021,2023,2021,2023,2018-2020,2021-2023,2024-2025,Operacional,True,,1,lista_30,"https://www.arandanet.com.br/revista/rti/noticia/8167-Everest-Digital,-o-primeiro-data-center-de-servicos-gerenciados-Tier-III-do-Centro-Oeste.html",,,pendente,"REVISADO NA RODADA 2 (SV-24 continuação, 2026-08-31): a lista_30 não tinha ano; pesquisa dirigida encontrou construção e operação em imprensa de negócios local. Construção: 'em 2021, a diretoria [do Grupo Soluti] anunciou a construção da nova sede em Goiânia com data center incluído', obras concluídas em ~1,5 ano (https://www.arandanet.com.br/revista/rti/noticia/8167-Everest-Digital,-o-primeiro-data-center-de-servicos-gerenciados-Tier-III-do-Centro-Oeste.html). Operação: Grupo Soluti inicia operações da Everest Digital em maio/2023 (https://empreenderemgoias.com.br/2023/05/02/grupo-soluti-inicia-operacoes-da-everest-digital/); sede/data center inaugurados formalmente em 31/10/2023 (https://empreenderemgoias.com.br/2023/10/31/soluti-inaugura-sede-inovadora-em-goiania/). Usado ano_operacao=2023 (início efetivo de operação, mais próximo do inauguração formal, convenção mais conservadora que a data de anúncio). ÚNICO candidato de Centro-Oeste/Cerrado elegível nesta rodada — elea-brasilia (BSB2) ficou de fora por construção de 2004 (anterior à janela 2013-2025) e nenhuma expansão datável foi encontrada. E2: construção nova (prédio-sede com data center integrado, LEED Gold, TUV Rheinland Tier III construção+operação), área total 4.500 m² (0,45 ha) — pegada visível. E3: fonte plausível (imprensa de negócios local + site institucional da Everest/Soluti); endereço exato fica para SV-25. E4: nenhuma outra AOI elegível em Goiânia/GO nesta rodada."
hostdime-joao-pessoa,HostDime Brazil (João Pessoa),HostDime,João Pessoa,PB,Nordeste,Mata Atlântica,1,"[{""nome"": ""HostDime Brazil"", ""ano_construcao"": ""2017"", ""ano_operacao"": ""2017"", ""status"": ""Operacional"", ""fonte"": ""pesquisa_sv24_rodada2+pagina_referencia_notion""}]",2017,2017,2017,2017,2014-2016,2017-2017,2018-2025,Operacional,True,,2,pagina_referencia_notion,https://www.datacenterdynamics.com/br/opini%C3%B5es/hostdime-instala-data-center-tier-iii-em-jo%C3%A3o-pessoa/,,,pendente,"ADICIONADO NA RODADA 2 (SV-24 continuação, 2026-08-31). Facility citada na página de referência do Notion mas fora do escopo original de SV-24 por não constar em nenhuma das duas listas oficiais — ADR-005 já sinalizava como candidato de diversidade regional a reconsiderar ('HostDime João Pessoa, operação 2017'). Pesquisa dirigida não encontrou um ano de INÍCIO DE CONSTRUÇÃO separado do ano de abertura em nenhuma fonte consultada — só 'opera desde 2017' / inauguração em 14/07/2017 (facility de 20.000 sq ft / ~1.858 m², R$ ~15 milhões) (https://www.datacenterdynamics.com/br/opini%C3%B5es/hostdime-instala-data-center-tier-iii-em-jo%C3%A3o-pessoa/). Usado ano_construcao=ano_operacao=2017 (mesma convenção já aplicada a outros prédios do conjunto quando a fonte só registra um ano — ex.: ascenty-paulinia, ascenty-jundiai) — não é invenção de dado, é a mesma regra de simplificação já usada no restante do arquivo, registrada aqui explicitamente. Construção/operação 2017 é ERA LANDSAT (pré-2019). NÃO acrescenta bioma novo (litoral de João Pessoa/PB é Mata Atlântica, já o bioma dominante do conjunto elegível) — por isso entra em TIER 2 (generalização), não tier 1: prioridade (a) do enunciado (diversidade de bioma) já está satisfeita por outras AOIs desta rodada, e prioridade (b) (era Landsat fora de SP) já está coberta por angonap-fortaleza/ascenty-maracanau. Valor real desta AOI é a diversidade de UF/região (Nordeste, PB) dentro do conjunto de generalização fora-da-amostra. Coordenada de fonte primária já citada na página de referência do Notion (via PeeringDB): -7.117382,-34.856902; ATENÇÃO: HostDime anunciou em 2025/2026 uma EXPANSÃO 4x maior com obra iniciando em janeiro/2026 (R$ 250 milhões) — evento futuro fora da janela 2013-2025, não usado aqui, mas relevante registrar para uma rodada futura (https://movimentoeconomico.com.br/tecnologia/2025/05/24/com-r-250-milhoes-multinacional-expande-data-center-na-paraiba/). E2: prédio purpose-built de 1.858 m² (0,19 ha) — pequeno mas maior que colocation urbana típica, mesma ordem de grandeza de prédios individuais já aceitos no conjunto (ex.: Ascenty Hortolândia 2/3, 2.000-3.000 m²). E3 forte (PeeringDB + fonte de imprensa). E4: nenhuma outra AOI elegível em João Pessoa/PB."
hostzone-campina-grande,Hostzone Data Center (CGE1),Hostzone,Campina Grande,PB,Nordeste,Caatinga,1,"[{""nome"": ""Hostzone Data Center (CGE1)"", ""ano_construcao"": null, ""ano_operacao"": null, ""status"": ""Não documentado"", ""fonte"": ""lista_30""}]",,,,,,,,,False,E1,,lista_30,https://cliente.hostzone.com.br/store/data-center,,,pendente,"Sem ano documentado em nenhuma fonte consultada. PESQUISADO NA RODADA 2 (2026-08-31): busca dirigida (site institucional, PeeringDB, DataCenterMap) não encontrou ano de fundação, construção ou inauguração em nenhuma fonte pública — reprovação mantida sem alteração."
odata-hortolandia,ODATA Data Center SP02,ODATA (Aligned Data Centers),Hortolândia,SP,Sudeste,Mata Atlântica,1,"[{""nome"": ""ODATA Data Center SP02"", ""ano_construcao"": null, ""ano_operacao"": null, ""status"": ""Operacional"", ""fonte"": ""config/sites.geojson (ADR-001)""}]",,,,,,,,Operacional,True,,1,existente,,,,confirmada,"AOI já existente (ADR-001), aoi_id fixo — não renomear. NÃO aparece em nenhuma das duas listas do Notion consolidadas nesta tarefa (nem lista de 20 nem lista de 30 citam ODATA) — carregada aqui só para manter as 3 AOIs de produção num único arquivo auditável. Ano de construção/operação não fazem parte do escopo original (ADR-001) e não foram buscados aqui (fora de escopo de SV-24 revisitar dado já fechado). ATENÇÃO — achado relevante para SV-25: o campus 'Ascenty Hortolândia' (nova AOI candidata 'ascenty-hortolandia' deste mesmo arquivo) tem coordenada de referência a ~1,7 km desta AOI (-22.896022,-47.179246 vs -22.8995299,-47.1952611 aqui) — dentro do buffer de 5 km. Se confirmado com coordenada real, isso é uma colisão de AOI (E4/V4 de SV-25) que precisa de decisão humana: fundir as duas ou manter separadas por serem operadores/prédios distintos."
prodeb-salvador,Data Center PRODEB,PRODEB / Governo da Bahia,Salvador,BA,Nordeste,Mata Atlântica,1,"[{""nome"": ""Data Center PRODEB"", ""ano_construcao"": null, ""ano_operacao"": null, ""status"": ""Não documentado"", ""fonte"": ""lista_30""}]",,,,,,,,,False,E1,,lista_30,https://www.ba.gov.br/prodeb/servicos,,,pendente,"Sem ano documentado em nenhuma fonte consultada. PESQUISADO NA RODADA 2 (2026-08-31): confirmado apenas que a PRODEB (empresa pública) foi instituída pela Lei nº 3.157 em 01/10/1973 — data da empresa, não do prédio do data center atual, e de qualquer forma muito anterior à janela 2013-2025. Nenhuma fonte encontrada documenta quando o data room atual foi construído. Reprovação mantida sem alteração."
rt-one-uberlandia,RT-One Uberlândia,RT-One,Uberlândia,MG,Sudeste,Cerrado,1,"[{""nome"": ""RT-One Uberlândia"", ""ano_construcao"": ""2025-2026*"", ""ano_operacao"": null, ""status"": ""Em implantação / licenciamento"", ""fonte"": ""lista_20+lista_30""}]",2025,,2025,,,,,Em implantação / licenciamento,False,E1,,lista_20+lista_30,https://rt-one.com/,,,pendente,"Fusão de nível prédio: aparece nas duas listas (lista_20 #18, lista_30 #13). Status explícito na lista_20: 'Não iniciada' (ano de operação) / 'Em implantação/licenciamento' — projeto ainda não começou a construção. Único candidato de Cerrado com dados nas duas listas; perdido só por não ter iniciado obra ainda, não por falta de coordenada ou pegada."
scala-ai-city,Scala AI City,Scala Data Centers,Eldorado do Sul,RS,Sul,Mata Atlântica,1,"[{""nome"": ""Scala AI City"", ""ano_construcao"": ""2026+*"", ""ano_operacao"": null, ""status"": ""Projeto / implantação"", ""fonte"": ""lista_20+lista_30""}]",2026,,2026,,,,,Projeto / implantação,False,E1,,lista_20+lista_30,https://www.eldorado.rs.gov.br/portal/noticias/0/3/4671/eldorado-do-sul-assina-protocolo-de-intencoes-scala,,,pendente,"Fusão de nível prédio: aparece nas duas listas (lista_20 #20, lista_30 #18). Status explícito: 'Não iniciada'. Projeto futuro de grande escala — bom candidato para uma rodada futura assim que a obra iniciar (dentro da janela 2013-2025 restante, isso teria que ser em 2025 mesmo, o que já não deixaria 'pós' — improvável que entre nesta série mesmo depois de iniciada). CONFIRMADO NA RODADA 2 (2026-08-31), respondendo à pergunta 'já pode estar elegível?' — NÃO: vice-presidente da Scala declarou que a obra deve iniciar em 2027, condicionada a licenciamento ainda em curso; entrada em operação da unidade inicial prevista entre fim de 2028 e início de 2029 (https://www.guaiba.online/noticia/vice-presidente-da-scala-diz-que-ai-city-de-eldorado-do-sul-deve-iniciar-obras-em-2027). Nenhuma obra iniciada até a data da pesquisa; reprovação por E1 mantida com folga."
scala-campinas-svcpcp01,Scala Campinas SVCPCP01,Scala Data Centers,Campinas,SP,Sudeste,Mata Atlântica,1,"[{""nome"": ""Scala SVCPCP01"", ""ano_construcao"": null, ""ano_operacao"": null, ""status"": ""Não documentado"", ""fonte"": ""lista_30""}]",,,,,,,,,False,E1,,lista_30,https://scaladatacenters.com/data-centers/,,,pendente,"Sem ano documentado em nenhuma fonte (a própria página de referência do Notion marca construção E operação como 'N/D' explicitamente para este prédio). Coordenada de alta confiança JÁ disponível (-22.820539,-47.100058, PeeringDB) e footprint grande (12.015 m², citado na lista_30) — E2 e E3 passariam com folga; só falta uma data. Candidata forte para reconsideração se o time encontrar o ano de construção fora do escopo desta tarefa."
scala-fortaleza,Scala Fortaleza Campus,Scala Data Centers,Fortaleza,CE,Nordeste,Caatinga,1,"[{""nome"": ""Scala Fortaleza Campus (SFORPF01)"", ""ano_construcao"": ""2024"", ""ano_operacao"": null, ""status"": ""Em construção"", ""fonte"": ""pesquisa_sv24_rodada2""}]",2024,,2024,,,,,Em construção,False,E1,,lista_30,https://itforum.com.br/noticias/scala-data-centers-obra-1-bi-fortaleza/,,,pendente,"PESQUISADO NA RODADA 2 (2026-08-31): pedra fundamental lançada em 25/06/2024 (obra 'SFORPF01', R$ 1 bilhão, 24.000 m², 2 prédios + subestação) (https://itforum.com.br/noticias/scala-data-centers-obra-1-bi-fortaleza/ ; https://www.fortaleza.ce.gov.br/noticias/pedra-fundamental-do-1-data-center-da-scala-em-fortaleza-e-lancada-com-a-presenca-do-prefeito-jose-sarto). Construção 2024 CAI DENTRO da janela E1 (2013-2024) — mas a operação inicial estava prevista para o começo de 2025 e a conclusão plena do campus só em 2028; usando o o operação=2025 (mais otimista encontrado), periodo_pos = [2026,2025] fica VAZIO dentro da série do repo (2013-2025) — o mesmo padrão exato que já reprova equinix-rj3 neste arquivo. Reprovado por E1 por essa razão (não por falta de coordenada ou pegada — teria E2/E3 fortes). Candidato a reconsiderar em uma rodada futura se a operação real de 2025 for confirmada e o repositório aceitar um período pós de 1 ano só, ou se a série for estendida além de 2025."
scala-sgigsm01,Scala SGIGSM01,Scala Data Centers,São João de Meriti,RJ,Sudeste,Mata Atlântica,1,"[{""nome"": ""Scala SGIGSM01"", ""ano_construcao"": ""2022-2023*"", ""ano_operacao"": ""2023*"", ""status"": ""Operacional"", ""fonte"": ""lista_20""}]",2022,2023,2022,2023,2019-2021,2022-2023,2024-2025,Operacional,True,,1,lista_20,https://www.peeringdb.com/fac/13398,,,pendente,"Prédio único, só na lista_20. Única AOI elegível fora de SP nesta rodada. Coordenada de alta confiança disponível: PeeringDB (citado na própria lista_20) dá -22.7999/-43.3538; a página de referência do Notion cross-confirma com -22.799883/-43.353842 — concordância à 4ª casa decimal, forte candidata a coordenada 'exata' em SV-25 (fonte A da cascata de SV-25)."
scala-spoapa01,Scala SPOAPA01,Scala Data Centers,Porto Alegre,RS,Sul,Mata Atlântica,1,"[{""nome"": ""Scala SPOAPA01"", ""ano_construcao"": ""2023"", ""ano_operacao"": ""2023"", ""status"": ""Operacional"", ""fonte"": ""lista_20""}]",2023,2023,2023,2023,2020-2022,2023-2023,2024-2025,Operacional,True,,1,lista_20,https://www.peeringdb.com/fac/14336,,,pendente,"Prédio único, só na lista_20. Única AOI elegível na Região Sul nesta rodada. Coordenada de alta confiança: PeeringDB (citado na lista_20) dá -30.0028/-51.1981; página de referência do Notion cross-confirma com -30.002768/-51.198149. bioma_estimado='Mata Atlântica' por estimativa de domínio biogeográfico (Porto Alegre fica perto da fronteira IBGE Mata Atlântica/Pampa) — NÃO CONFIRMADO por fonte oficial nesta tarefa (fora de escopo buscar); se for Pampa, esta AOI passa a cobrir um 2º bioma distinto, o que mudaria a conclusão sobre diversidade de bioma do tier 1. Recomenda-se checar o mapa de biomas do IBGE por sobreposição espacial assim que a coordenada real existir (SV-25)."
scala-tambore,Scala Data Centers - SGRUTB12,Scala Data Centers,Barueri,SP,Sudeste,Mata Atlântica,6,"[{""nome"": ""Scala SGRUTB12 (site já ativo)"", ""ano_construcao"": null, ""ano_operacao"": null, ""status"": ""Operacional"", ""fonte"": ""config/sites.geojson (ADR-001)""}, {""nome"": ""Scala Campus Tamboré (descrição agregada da lista_20)"", ""ano_construcao"": ""2022-2024*"", ""ano_operacao"": ""2023+*"", ""status"": ""Operacional / expansão"", ""fonte"": ""lista_20""}, {""nome"": ""Scala SGRUTB01"", ""ano_construcao"": null, ""ano_operacao"": null, ""status"": ""Operacional (presumido)"", ""fonte"": ""pagina_referencia_notion""}, {""nome"": ""Scala SGRUTB03"", ""ano_construcao"": null, ""ano_operacao"": null, ""status"": ""Operacional (presumido)"", ""fonte"": ""pagina_referencia_notion""}, {""nome"": ""Scala SGRUTB04"", ""ano_construcao"": ""2021-22"", ""ano_operacao"": ""2022"", ""status"": ""Operacional"", ""fonte"": ""pagina_referencia_notion""}, {""nome"": ""Scala SGRUTB05"", ""ano_construcao"": null, ""ano_operacao"": ""2023"", ""status"": ""Operacional"", ""fonte"": ""pagina_referencia_notion""}]",2021,2022,2022,2023,2018-2020,2021-2023,2024-2025,Operacional / expansão,True,,1,lista_20,https://www.gbcbrasil.org.br/certificacao/certificacao-leed/empreendimentos/,,,confirmada,"AOI já existente (ADR-001), aoi_id fixo — não renomear. Coordenada real já em config/sites.geojson (-23.4948321,-46.8130769). A lista_20 trata 'Scala Campus Tamboré' como um único item (#14) mas a página de referência do Notion ('Dados - informações de data centers') documenta pelo menos 5 prédios distintos na Av. Ceci (SGRUTB01/03/04/05, coordenadas via PeeringDB) além do SGRUTB12 já ativo — preservados aqui em predios_json como enriquecimento de coordenada/ano de alta confiança (não são um terceiro item de lista, só contexto citado na página de referência). SGRUTB01/03 não têm ano documentado em nenhuma fonte consultada (N/D explícito na tabela da página de referência)."
surfix-recife,Surfix Data Center,Surfix Cloud & Data Center,Recife,PE,Nordeste,Mata Atlântica,1,"[{""nome"": ""Surfix Data Center"", ""ano_construcao"": null, ""ano_operacao"": null, ""status"": ""Não documentado"", ""fonte"": ""lista_30""}]",,,,,,,,,False,E2,,lista_30,https://surfix.com.br/data-center/,,,pendente,"Colocation em edifício urbano existente em Boa Viagem, Recife (endereço citado na própria relevância da lista_30) — exatamente o exemplo negativo citado no enunciado de SV-24 ('um data center que ocupa dois andares de um edifício em Boa Viagem'). Não é construção nova em terreno aberto; não muda pegada visível em imagem de satélite. Reprovado por E2."
tecto-porto-alegre,Tecto TPOA1,Tecto Data Centers,Porto Alegre,RS,Sul,Mata Atlântica,1,"[{""nome"": ""Tecto TPOA1"", ""ano_construcao"": null, ""ano_operacao"": null, ""status"": ""Projeto anunciado"", ""fonte"": ""lista_30""}]",,,,,,,,,False,E1,,lista_30,https://tecto.com/en/news-and-insights/tecto-announces-r200-million-investment-in-a-new-data-center-in-porto-alegre-connected-to-v-tals-submarine-cable/,,,pendente,"Projeto anunciado em 2026 (obra ainda não iniciada segundo a relevância da lista_30) — sem construção iniciada, E1 reprova. PESQUISADO NA RODADA 2 (2026-08-31): confirmado que o projeto é o RETROFIT de um armazém/galpão já existente no bairro Sarandi (não construção nova em terreno aberto), com 1ª fase (3 MW) prevista para entrar em operação só no 4º trimestre de 2026 — fora da janela 2013-2025 mesmo se a obra começasse imediatamente. Dupla reprovação potencial: E1 (nenhuma obra iniciada ainda) e E2 (retrofit de galpão existente, não greenfield) (https://tecto.com/en/news-and-insights/tecto-announces-r200-million-investment-in-a-new-data-center-in-porto-alegre-connected-to-v-tals-submarine-cable/)."
tip-brasil-campinas,TIP Brasil Campinas,TIP Brasil,Campinas,SP,Sudeste,Mata Atlântica,1,"[{""nome"": ""TIP Brasil Campinas"", ""ano_construcao"": null, ""ano_operacao"": null, ""status"": ""Não documentado"", ""fonte"": ""lista_30""}]",,,,,,,,,False,E1,,lista_30,https://setup.zeus.tipbrasil.com.br/portal-tip/artigo/tip-brasil-investe-r-500-milhoes-em-datacenter-tier-3-em-campinas,,,pendente,"Sem ano documentado. Adicionalmente, a relevância da lista_30 descreve 'aquisição, modernização e expansão' de um data center já existente — sinal de que pode não ser construção nova em terreno aberto (possível risco de E2 também), mas E1 já é suficiente para reprovar sem precisar resolver essa ambiguidade."
unifique-timbo,Unifique Timbó DC1,Unifique,Timbó,SC,Sul,Mata Atlântica,1,"[{""nome"": ""Unifique Timbó DC1"", ""ano_construcao"": null, ""ano_operacao"": null, ""status"": ""Não documentado"", ""fonte"": ""lista_30""}]",,,,,,,,,False,E1,,lista_30,https://unifique.com.br/datacenter,,,pendente,Sem ano documentado em nenhuma fonte consultada.
