site_id,nome,municipio,uf,regiao,bioma,origem_lista,ano,lst_media_celsius,temp_n_observacoes,populacao,populacao_tipo_estimativa,emprego_formal_total,numero_empresas,pib_mil_reais,area_vegetacao_densa_ha,area_vegetacao_rala_ha,area_solo_exposto_obras_ha,area_construida_urbana_ha,area_agua_ha,classificador_sensor_usado,faixa_serie
angonap-fortaleza,AngoNAP Fortaleza,Fortaleza,CE,Nordeste,Caatinga,sites_validados,2013,,,,,,,,608.94,912.87,276.75,2820.51,5392.89,landsat,landsat_pre2019_nao_corrigido
angonap-fortaleza,AngoNAP Fortaleza,Fortaleza,CE,Nordeste,Caatinga,sites_validados,2014,,,,,,,,587.43,941.49,256.32,2837.07,5395.05,landsat,landsat_pre2019_nao_corrigido
angonap-fortaleza,AngoNAP Fortaleza,Fortaleza,CE,Nordeste,Caatinga,sites_validados,2015,,,,,,,,533.52,984.06,217.8,2808.9,5394.96,landsat,landsat_pre2019_nao_corrigido
angonap-fortaleza,AngoNAP Fortaleza,Fortaleza,CE,Nordeste,Caatinga,sites_validados,2016,31.84,43.0,2609716.0,estimativa_intercensitaria,764914.0,59046.0,60088001.0,534.78,962.82,225.99,2899.53,5374.44,landsat,landsat_pre2019_nao_corrigido
angonap-fortaleza,AngoNAP Fortaleza,Fortaleza,CE,Nordeste,Caatinga,sites_validados,2017,31.3,46.0,2627482.0,estimativa_intercensitaria,757867.0,58323.0,61592347.0,567.81,988.29,226.17,2844.0,5383.53,landsat,landsat_pre2019_nao_corrigido
angonap-fortaleza,AngoNAP Fortaleza,Fortaleza,CE,Nordeste,Caatinga,sites_validados,2018,31.58,42.0,2643247.0,estimativa_intercensitaria,766815.0,56922.0,66381302.0,581.4,947.43,214.2,2896.74,5377.05,landsat,landsat_pre2019_nao_corrigido
angonap-fortaleza,AngoNAP Fortaleza,Fortaleza,CE,Nordeste,Caatinga,sites_validados,2019,31.85,42.0,2669342.0,estimativa_intercensitaria,763558.0,60618.0,67401430.0,632.22,966.99,882.56,2133.94,5424.33,sentinel2,sentinel2_oficial_2019_2025
angonap-fortaleza,AngoNAP Fortaleza,Fortaleza,CE,Nordeste,Caatinga,sites_validados,2020,31.19,46.0,2686612.0,estimativa_intercensitaria,729661.0,62532.0,64821582.0,626.16,1003.06,896.42,2103.83,5410.57,sentinel2,sentinel2_oficial_2019_2025
angonap-fortaleza,AngoNAP Fortaleza,Fortaleza,CE,Nordeste,Caatinga,sites_validados,2021,31.71,46.0,2703391.0,estimativa_intercensitaria,754786.0,65610.0,73437739.0,640.51,902.49,993.09,2112.48,5391.47,sentinel2,sentinel2_oficial_2019_2025
angonap-fortaleza,AngoNAP Fortaleza,Fortaleza,CE,Nordeste,Caatinga,sites_validados,2022,30.81,44.0,2428708.0,censo,802592.0,112708.0,81362333.0,643.12,935.06,868.91,2177.34,5415.61,sentinel2,sentinel2_oficial_2019_2025
angonap-fortaleza,AngoNAP Fortaleza,Fortaleza,CE,Nordeste,Caatinga,sites_validados,2023,30.83,45.0,,,794017.0,122950.0,86939832.0,599.84,942.25,882.81,2225.04,5390.1,sentinel2,sentinel2_oficial_2019_2025
angonap-fortaleza,AngoNAP Fortaleza,Fortaleza,CE,Nordeste,Caatinga,sites_validados,2024,30.27,42.0,2574412.0,estimativa_intercensitaria,853909.0,132367.0,,638.88,929.57,874.24,2196.22,5401.13,sentinel2,sentinel2_oficial_2019_2025
angonap-fortaleza,AngoNAP Fortaleza,Fortaleza,CE,Nordeste,Caatinga,sites_validados,2025,28.45,46.0,2578483.0,estimativa_intercensitaria,,,,672.34,968.22,873.61,2122.08,5403.79,sentinel2,sentinel2_oficial_2019_2025
ascenty-hortolandia,Ascenty Hortolândia (campus),Hortolândia,SP,Sudeste,Mata Atlântica,sites_validados,2013,,,,,,,,884.61,4341.96,121.68,4675.14,14.49,landsat,landsat_pre2019_nao_corrigido
ascenty-hortolandia,Ascenty Hortolândia (campus),Hortolândia,SP,Sudeste,Mata Atlântica,sites_validados,2014,,,,,,,,583.29,4083.66,186.3,5159.16,14.94,landsat,landsat_pre2019_nao_corrigido
ascenty-hortolandia,Ascenty Hortolândia (campus),Hortolândia,SP,Sudeste,Mata Atlântica,sites_validados,2015,,,,,,,,889.65,4168.71,112.68,4833.9,33.48,landsat,landsat_pre2019_nao_corrigido
ascenty-hortolandia,Ascenty Hortolândia (campus),Hortolândia,SP,Sudeste,Mata Atlântica,sites_validados,2016,31.23,44.0,219039.0,estimativa_intercensitaria,43916.0,4551.0,11245733.0,621.0,4148.55,117.27,5121.72,30.96,landsat,landsat_pre2019_nao_corrigido
ascenty-hortolandia,Ascenty Hortolândia (campus),Hortolândia,SP,Sudeste,Mata Atlântica,sites_validados,2017,30.99,44.0,222186.0,estimativa_intercensitaria,45683.0,4340.0,12411319.0,597.33,4018.68,119.7,5275.17,29.16,landsat,landsat_pre2019_nao_corrigido
ascenty-hortolandia,Ascenty Hortolândia (campus),Hortolândia,SP,Sudeste,Mata Atlântica,sites_validados,2018,31.35,44.0,227353.0,estimativa_intercensitaria,43989.0,4437.0,13154947.0,607.05,4085.64,116.28,5202.18,28.62,landsat,landsat_pre2019_nao_corrigido
ascenty-hortolandia,Ascenty Hortolândia (campus),Hortolândia,SP,Sudeste,Mata Atlântica,sites_validados,2019,31.62,44.0,230851.0,estimativa_intercensitaria,46222.0,4759.0,14738378.0,941.95,4161.63,1556.93,3321.29,58.24,sentinel2,sentinel2_oficial_2019_2025
ascenty-hortolandia,Ascenty Hortolândia (campus),Hortolândia,SP,Sudeste,Mata Atlântica,sites_validados,2020,32.1,46.0,234259.0,estimativa_intercensitaria,46849.0,5044.0,16386639.0,812.06,4064.09,1865.1,3245.53,53.26,sentinel2,sentinel2_oficial_2019_2025
ascenty-hortolandia,Ascenty Hortolândia (campus),Hortolândia,SP,Sudeste,Mata Atlântica,sites_validados,2021,32.08,46.0,237570.0,estimativa_intercensitaria,48701.0,5502.0,18377822.0,622.74,3872.87,2070.99,3425.32,48.12,sentinel2,sentinel2_oficial_2019_2025
ascenty-hortolandia,Ascenty Hortolândia (campus),Hortolândia,SP,Sudeste,Mata Atlântica,sites_validados,2022,30.41,42.0,236641.0,censo,52612.0,8386.0,21420797.0,675.81,3810.94,1896.37,3598.87,58.05,sentinel2,sentinel2_oficial_2019_2025
ascenty-hortolandia,Ascenty Hortolândia (campus),Hortolândia,SP,Sudeste,Mata Atlântica,sites_validados,2023,30.26,45.0,,,56564.0,9002.0,22163924.0,871.41,3974.44,1504.49,3632.83,56.87,sentinel2,sentinel2_oficial_2019_2025
ascenty-hortolandia,Ascenty Hortolândia (campus),Hortolândia,SP,Sudeste,Mata Atlântica,sites_validados,2024,30.2,46.0,247331.0,estimativa_intercensitaria,58099.0,9701.0,,660.59,3893.92,1766.24,3668.07,51.22,sentinel2,sentinel2_oficial_2019_2025
ascenty-hortolandia,Ascenty Hortolândia (campus),Hortolândia,SP,Sudeste,Mata Atlântica,sites_validados,2025,27.41,45.0,248842.0,estimativa_intercensitaria,,,,508.97,4078.1,2013.79,3391.13,48.05,sentinel2,sentinel2_oficial_2019_2025
ascenty-jundiai,Ascenty Jundiaí 2,Jundiaí,SP,Sudeste,Mata Atlântica,sites_validados,2013,,,,,,,,3522.33,4026.51,220.86,2154.42,60.48,landsat,landsat_pre2019_nao_corrigido
ascenty-jundiai,Ascenty Jundiaí 2,Jundiaí,SP,Sudeste,Mata Atlântica,sites_validados,2014,,,,,,,,3204.0,4118.13,259.29,2282.4,55.62,landsat,landsat_pre2019_nao_corrigido
ascenty-jundiai,Ascenty Jundiaí 2,Jundiaí,SP,Sudeste,Mata Atlântica,sites_validados,2015,,,,,,,,2830.59,4327.74,211.59,2615.31,53.1,landsat,landsat_pre2019_nao_corrigido
ascenty-jundiai,Ascenty Jundiaí 2,Jundiaí,SP,Sudeste,Mata Atlântica,sites_validados,2016,27.32,44.0,405740.0,estimativa_intercensitaria,165524.0,17099.0,40317016.0,3081.15,4074.84,224.64,2518.11,58.05,landsat,landsat_pre2019_nao_corrigido
ascenty-jundiai,Ascenty Jundiaí 2,Jundiaí,SP,Sudeste,Mata Atlântica,sites_validados,2017,27.43,43.0,409497.0,estimativa_intercensitaria,161787.0,17707.0,41084447.0,3013.11,4092.93,219.15,2649.69,53.91,landsat,landsat_pre2019_nao_corrigido
ascenty-jundiai,Ascenty Jundiaí 2,Jundiaí,SP,Sudeste,Mata Atlântica,sites_validados,2018,27.12,44.0,414810.0,estimativa_intercensitaria,164279.0,17788.0,43630306.0,2754.27,4534.65,195.03,2472.84,51.57,landsat,landsat_pre2019_nao_corrigido
ascenty-jundiai,Ascenty Jundiaí 2,Jundiaí,SP,Sudeste,Mata Atlântica,sites_validados,2019,27.41,45.0,418962.0,estimativa_intercensitaria,167534.0,20143.0,46959283.0,3575.09,3948.79,1223.11,1194.52,98.53,sentinel2,sentinel2_oficial_2019_2025
ascenty-jundiai,Ascenty Jundiaí 2,Jundiaí,SP,Sudeste,Mata Atlântica,sites_validados,2020,28.45,46.0,423006.0,estimativa_intercensitaria,162810.0,20889.0,51740230.0,3280.76,4059.82,1486.25,1120.87,92.34,sentinel2,sentinel2_oficial_2019_2025
ascenty-jundiai,Ascenty Jundiaí 2,Jundiaí,SP,Sudeste,Mata Atlântica,sites_validados,2021,27.43,46.0,426935.0,estimativa_intercensitaria,177226.0,21969.0,57670893.0,2999.98,4283.65,1531.34,1141.85,83.22,sentinel2,sentinel2_oficial_2019_2025
ascenty-jundiai,Ascenty Jundiaí 2,Jundiaí,SP,Sudeste,Mata Atlântica,sites_validados,2022,26.27,42.0,443221.0,censo,181896.0,31733.0,63835907.0,3332.03,3954.95,1390.0,1275.02,88.04,sentinel2,sentinel2_oficial_2019_2025
ascenty-jundiai,Ascenty Jundiaí 2,Jundiaí,SP,Sudeste,Mata Atlântica,sites_validados,2023,26.93,46.0,,,193296.0,33889.0,65418378.0,3624.94,3666.17,1210.75,1451.84,86.34,sentinel2,sentinel2_oficial_2019_2025
ascenty-jundiai,Ascenty Jundiaí 2,Jundiaí,SP,Sudeste,Mata Atlântica,sites_validados,2024,26.43,46.0,460313.0,estimativa_intercensitaria,199782.0,36583.0,,3477.42,3876.24,1307.76,1299.91,78.71,sentinel2,sentinel2_oficial_2019_2025
ascenty-jundiai,Ascenty Jundiaí 2,Jundiaí,SP,Sudeste,Mata Atlântica,sites_validados,2025,23.96,45.0,463039.0,estimativa_intercensitaria,,,,3474.88,3687.47,1461.19,1337.96,78.54,sentinel2,sentinel2_oficial_2019_2025
ascenty-maracanau,Ascenty Fortaleza 1,Maracanaú,CE,Nordeste,Caatinga,sites_validados,2013,,,,,,,,1766.61,2708.46,119.52,5271.39,193.23,landsat,landsat_pre2019_nao_corrigido
ascenty-maracanau,Ascenty Fortaleza 1,Maracanaú,CE,Nordeste,Caatinga,sites_validados,2014,,,,,,,,1801.08,2562.48,95.58,5399.01,184.05,landsat,landsat_pre2019_nao_corrigido
ascenty-maracanau,Ascenty Fortaleza 1,Maracanaú,CE,Nordeste,Caatinga,sites_validados,2015,,,,,,,,1422.09,2721.51,110.61,5562.72,229.5,landsat,landsat_pre2019_nao_corrigido
ascenty-maracanau,Ascenty Fortaleza 1,Maracanaú,CE,Nordeste,Caatinga,sites_validados,2016,33.87,38.0,223188.0,estimativa_intercensitaria,53956.0,3557.0,8100726.0,992.07,2895.66,92.97,5853.15,236.16,landsat,landsat_pre2019_nao_corrigido
ascenty-maracanau,Ascenty Fortaleza 1,Maracanaú,CE,Nordeste,Caatinga,sites_validados,2017,32.49,41.0,224804.0,estimativa_intercensitaria,54196.0,3422.0,8540212.0,1278.0,2609.73,115.83,5835.87,230.4,landsat,landsat_pre2019_nao_corrigido
ascenty-maracanau,Ascenty Fortaleza 1,Maracanaú,CE,Nordeste,Caatinga,sites_validados,2018,33.16,38.0,226128.0,estimativa_intercensitaria,56220.0,3462.0,10330813.0,1520.28,2394.54,89.91,5807.88,219.96,landsat,landsat_pre2019_nao_corrigido
ascenty-maracanau,Ascenty Fortaleza 1,Maracanaú,CE,Nordeste,Caatinga,sites_validados,2019,33.09,38.0,227886.0,estimativa_intercensitaria,60691.0,3515.0,9746884.0,961.95,2899.98,799.31,5108.43,300.43,sentinel2,sentinel2_oficial_2019_2025
ascenty-maracanau,Ascenty Fortaleza 1,Maracanaú,CE,Nordeste,Caatinga,sites_validados,2020,32.86,40.0,229458.0,estimativa_intercensitaria,60589.0,3764.0,10031432.0,702.72,2926.95,906.92,5233.17,300.34,sentinel2,sentinel2_oficial_2019_2025
ascenty-maracanau,Ascenty Fortaleza 1,Maracanaú,CE,Nordeste,Caatinga,sites_validados,2021,33.6,41.0,230986.0,estimativa_intercensitaria,61622.0,3988.0,12336717.0,804.78,2730.43,1106.14,5146.24,282.5,sentinel2,sentinel2_oficial_2019_2025
ascenty-maracanau,Ascenty Fortaleza 1,Maracanaú,CE,Nordeste,Caatinga,sites_validados,2022,32.03,39.0,234509.0,censo,62628.0,6650.0,14004934.0,891.77,2611.66,919.42,5348.61,298.64,sentinel2,sentinel2_oficial_2019_2025
ascenty-maracanau,Ascenty Fortaleza 1,Maracanaú,CE,Nordeste,Caatinga,sites_validados,2023,31.84,40.0,,,69058.0,7021.0,13540094.0,561.32,3003.79,933.4,5285.81,285.78,sentinel2,sentinel2_oficial_2019_2025
ascenty-maracanau,Ascenty Fortaleza 1,Maracanaú,CE,Nordeste,Caatinga,sites_validados,2024,30.96,39.0,249684.0,estimativa_intercensitaria,69510.0,7357.0,,1006.68,2526.25,788.12,5471.47,277.58,sentinel2,sentinel2_oficial_2019_2025
ascenty-maracanau,Ascenty Fortaleza 1,Maracanaú,CE,Nordeste,Caatinga,sites_validados,2025,29.42,39.0,251613.0,estimativa_intercensitaria,,,,883.07,2725.5,916.97,5275.59,268.97,sentinel2,sentinel2_oficial_2019_2025
ascenty-osasco,Ascenty São Paulo 3/4 (Osasco),Osasco,SP,Sudeste,Mata Atlântica,sites_validados,2013,,,,,,,,2227.86,1502.19,58.41,6135.57,134.37,landsat,landsat_pre2019_nao_corrigido
ascenty-osasco,Ascenty São Paulo 3/4 (Osasco),Osasco,SP,Sudeste,Mata Atlântica,sites_validados,2014,,,,,,,,2159.19,1454.04,85.77,6182.19,134.37,landsat,landsat_pre2019_nao_corrigido
ascenty-osasco,Ascenty São Paulo 3/4 (Osasco),Osasco,SP,Sudeste,Mata Atlântica,sites_validados,2015,,,,,,,,1828.8,1583.64,99.72,6460.92,96.84,landsat,landsat_pre2019_nao_corrigido
ascenty-osasco,Ascenty São Paulo 3/4 (Osasco),Osasco,SP,Sudeste,Mata Atlântica,sites_validados,2016,28.96,44.0,696382.0,estimativa_intercensitaria,157538.0,16072.0,75683470.0,2075.13,1508.13,86.58,6244.65,120.69,landsat,landsat_pre2019_nao_corrigido
ascenty-osasco,Ascenty São Paulo 3/4 (Osasco),Osasco,SP,Sudeste,Mata Atlântica,sites_validados,2017,28.77,45.0,697886.0,estimativa_intercensitaria,156613.0,16133.0,77927043.0,2011.32,1538.37,75.06,6361.11,83.88,landsat,landsat_pre2019_nao_corrigido
ascenty-osasco,Ascenty São Paulo 3/4 (Osasco),Osasco,SP,Sudeste,Mata Atlântica,sites_validados,2018,28.63,45.0,696850.0,estimativa_intercensitaria,158207.0,15878.0,76607992.0,2028.42,1592.73,80.37,6292.62,75.42,landsat,landsat_pre2019_nao_corrigido
ascenty-osasco,Ascenty São Paulo 3/4 (Osasco),Osasco,SP,Sudeste,Mata Atlântica,sites_validados,2019,29.41,46.0,698418.0,estimativa_intercensitaria,161102.0,18330.0,81908401.0,2436.95,1204.89,1405.33,4763.2,259.73,sentinel2,sentinel2_oficial_2019_2025
ascenty-osasco,Ascenty São Paulo 3/4 (Osasco),Osasco,SP,Sudeste,Mata Atlântica,sites_validados,2020,29.11,46.0,699944.0,estimativa_intercensitaria,158995.0,18952.0,76612072.0,2228.51,1266.99,1496.82,4838.22,239.56,sentinel2,sentinel2_oficial_2019_2025
ascenty-osasco,Ascenty São Paulo 3/4 (Osasco),Osasco,SP,Sudeste,Mata Atlântica,sites_validados,2021,28.62,46.0,701428.0,estimativa_intercensitaria,178496.0,20631.0,86111260.0,2035.76,1321.08,1672.85,4811.72,228.69,sentinel2,sentinel2_oficial_2019_2025
ascenty-osasco,Ascenty São Paulo 3/4 (Osasco),Osasco,SP,Sudeste,Mata Atlântica,sites_validados,2022,27.72,44.0,728615.0,censo,191047.0,38468.0,112145798.0,2238.8,1210.21,1478.94,4863.98,278.17,sentinel2,sentinel2_oficial_2019_2025
ascenty-osasco,Ascenty São Paulo 3/4 (Osasco),Osasco,SP,Sudeste,Mata Atlântica,sites_validados,2023,28.38,45.0,,,209469.0,40717.0,119404053.0,2311.01,1148.07,1282.82,4999.62,328.58,sentinel2,sentinel2_oficial_2019_2025
ascenty-osasco,Ascenty São Paulo 3/4 (Osasco),Osasco,SP,Sudeste,Mata Atlântica,sites_validados,2024,27.63,46.0,756952.0,estimativa_intercensitaria,223756.0,41851.0,,2214.29,1245.74,1426.14,4941.34,242.59,sentinel2,sentinel2_oficial_2019_2025
ascenty-osasco,Ascenty São Paulo 3/4 (Osasco),Osasco,SP,Sudeste,Mata Atlântica,sites_validados,2025,24.54,45.0,759524.0,estimativa_intercensitaria,,,,2334.85,1161.35,1536.17,4763.98,273.75,sentinel2,sentinel2_oficial_2019_2025
ascenty-paulinia,Ascenty Paulínia 1,Paulínia,SP,Sudeste,Mata Atlântica,sites_validados,2013,,,,,,,,1124.01,5275.98,128.43,3389.67,121.95,landsat,landsat_pre2019_nao_corrigido
ascenty-paulinia,Ascenty Paulínia 1,Paulínia,SP,Sudeste,Mata Atlântica,sites_validados,2014,,,,,,,,874.26,4846.86,150.21,4071.42,97.29,landsat,landsat_pre2019_nao_corrigido
ascenty-paulinia,Ascenty Paulínia 1,Paulínia,SP,Sudeste,Mata Atlântica,sites_validados,2015,,,,,,,,1070.82,4994.1,110.16,3752.55,112.41,landsat,landsat_pre2019_nao_corrigido
ascenty-paulinia,Ascenty Paulínia 1,Paulínia,SP,Sudeste,Mata Atlântica,sites_validados,2016,31.34,43.0,100128.0,estimativa_intercensitaria,43167.0,3481.0,36499593.0,760.86,4973.67,97.65,4092.39,115.47,landsat,landsat_pre2019_nao_corrigido
ascenty-paulinia,Ascenty Paulínia 1,Paulínia,SP,Sudeste,Mata Atlântica,sites_validados,2017,31.08,44.0,102499.0,estimativa_intercensitaria,40120.0,3585.0,35540436.0,796.68,5144.31,97.02,3900.6,101.43,landsat,landsat_pre2019_nao_corrigido
ascenty-paulinia,Ascenty Paulínia 1,Paulínia,SP,Sudeste,Mata Atlântica,sites_validados,2018,31.43,45.0,106776.0,estimativa_intercensitaria,41249.0,3573.0,32658835.0,893.34,4850.82,98.46,4103.19,94.23,landsat,landsat_pre2019_nao_corrigido
ascenty-paulinia,Ascenty Paulínia 1,Paulínia,SP,Sudeste,Mata Atlântica,sites_validados,2019,31.67,44.0,109424.0,estimativa_intercensitaria,44576.0,3932.0,37366101.0,1344.3,4998.36,1432.2,2072.88,192.3,sentinel2,sentinel2_oficial_2019_2025
ascenty-paulinia,Ascenty Paulínia 1,Paulínia,SP,Sudeste,Mata Atlântica,sites_validados,2020,32.27,46.0,112003.0,estimativa_intercensitaria,43098.0,4253.0,39807062.0,1128.99,4854.79,1812.65,2014.89,228.72,sentinel2,sentinel2_oficial_2019_2025
ascenty-paulinia,Ascenty Paulínia 1,Paulínia,SP,Sudeste,Mata Atlântica,sites_validados,2021,32.18,46.0,114508.0,estimativa_intercensitaria,46086.0,4758.0,52389437.0,946.11,4791.09,2071.29,2067.13,164.42,sentinel2,sentinel2_oficial_2019_2025
ascenty-paulinia,Ascenty Paulínia 1,Paulínia,SP,Sudeste,Mata Atlântica,sites_validados,2022,30.37,42.0,110537.0,censo,50393.0,6975.0,70496584.0,1143.54,4912.54,1652.97,2166.99,164.0,sentinel2,sentinel2_oficial_2019_2025
ascenty-paulinia,Ascenty Paulínia 1,Paulínia,SP,Sudeste,Mata Atlântica,sites_validados,2023,29.97,45.0,,,54177.0,7393.0,67067300.0,1319.98,4995.78,1380.99,2160.74,182.55,sentinel2,sentinel2_oficial_2019_2025
ascenty-paulinia,Ascenty Paulínia 1,Paulínia,SP,Sudeste,Mata Atlântica,sites_validados,2024,30.07,46.0,115690.0,estimativa_intercensitaria,55276.0,7966.0,,1391.02,4626.53,1710.81,2131.13,180.55,sentinel2,sentinel2_oficial_2019_2025
ascenty-paulinia,Ascenty Paulínia 1,Paulínia,SP,Sudeste,Mata Atlântica,sites_validados,2025,27.21,45.0,116674.0,estimativa_intercensitaria,,,,1131.32,4335.04,2317.33,2097.02,159.33,sentinel2,sentinel2_oficial_2019_2025
ascenty-sumare,Ascenty Sumaré (campus),Sumaré,SP,Sudeste,Mata Atlântica,sites_validados,2013,,,,,,,,513.36,5116.41,197.01,4180.05,63.0,landsat,landsat_pre2019_nao_corrigido
ascenty-sumare,Ascenty Sumaré (campus),Sumaré,SP,Sudeste,Mata Atlântica,sites_validados,2014,,,,,,,,278.46,4805.01,288.27,4652.01,45.72,landsat,landsat_pre2019_nao_corrigido
ascenty-sumare,Ascenty Sumaré (campus),Sumaré,SP,Sudeste,Mata Atlântica,sites_validados,2015,,,,,,,,494.73,5002.38,197.19,4320.9,54.9,landsat,landsat_pre2019_nao_corrigido
ascenty-sumare,Ascenty Sumaré (campus),Sumaré,SP,Sudeste,Mata Atlântica,sites_validados,2016,31.18,44.0,269522.0,estimativa_intercensitaria,55230.0,5800.0,12237213.0,342.45,4714.56,207.63,4743.0,62.46,landsat,landsat_pre2019_nao_corrigido
ascenty-sumare,Ascenty Sumaré (campus),Sumaré,SP,Sudeste,Mata Atlântica,sites_validados,2017,31.12,45.0,273007.0,estimativa_intercensitaria,52747.0,5750.0,13615800.0,317.88,4451.31,217.89,5027.85,55.17,landsat,landsat_pre2019_nao_corrigido
ascenty-sumare,Ascenty Sumaré (campus),Sumaré,SP,Sudeste,Mata Atlântica,sites_validados,2018,31.14,45.0,278571.0,estimativa_intercensitaria,54288.0,5947.0,14438510.0,343.98,4740.12,232.47,4703.13,50.4,landsat,landsat_pre2019_nao_corrigido
ascenty-sumare,Ascenty Sumaré (campus),Sumaré,SP,Sudeste,Mata Atlântica,sites_validados,2019,31.59,44.0,282441.0,estimativa_intercensitaria,54015.0,6163.0,14913287.0,805.57,4752.83,1630.07,2796.11,85.52,sentinel2,sentinel2_oficial_2019_2025
ascenty-sumare,Ascenty Sumaré (campus),Sumaré,SP,Sudeste,Mata Atlântica,sites_validados,2020,32.2,46.0,286211.0,estimativa_intercensitaria,54139.0,6449.0,13672590.0,597.13,4549.63,1991.07,2853.43,78.84,sentinel2,sentinel2_oficial_2019_2025
ascenty-sumare,Ascenty Sumaré (campus),Sumaré,SP,Sudeste,Mata Atlântica,sites_validados,2021,32.31,46.0,289875.0,estimativa_intercensitaria,56552.0,6891.0,16179892.0,507.87,4524.39,2092.82,2865.91,79.11,sentinel2,sentinel2_oficial_2019_2025
ascenty-sumare,Ascenty Sumaré (campus),Sumaré,SP,Sudeste,Mata Atlântica,sites_validados,2022,30.56,44.0,279545.0,censo,61576.0,10988.0,17753219.0,541.99,4309.64,1920.3,3224.42,73.75,sentinel2,sentinel2_oficial_2019_2025
ascenty-sumare,Ascenty Sumaré (campus),Sumaré,SP,Sudeste,Mata Atlântica,sites_validados,2023,30.25,46.0,,,69294.0,11568.0,19026093.0,768.18,4659.68,1534.97,3024.35,82.92,sentinel2,sentinel2_oficial_2019_2025
ascenty-sumare,Ascenty Sumaré (campus),Sumaré,SP,Sudeste,Mata Atlântica,sites_validados,2024,30.08,46.0,289787.0,estimativa_intercensitaria,70323.0,12157.0,,737.59,4497.67,1812.41,2941.51,80.92,sentinel2,sentinel2_oficial_2019_2025
ascenty-sumare,Ascenty Sumaré (campus),Sumaré,SP,Sudeste,Mata Atlântica,sites_validados,2025,27.48,46.0,291116.0,estimativa_intercensitaria,,,,646.48,4120.64,2307.22,2914.41,81.35,sentinel2,sentinel2_oficial_2019_2025
ascenty-vinhedo,Ascenty Vinhedo,Vinhedo,SP,Sudeste,Mata Atlântica,sites_validados,2013,,,,,,,,2325.42,5424.48,90.63,2101.68,126.09,landsat,landsat_pre2019_nao_corrigido
ascenty-vinhedo,Ascenty Vinhedo,Vinhedo,SP,Sudeste,Mata Atlântica,sites_validados,2014,,,,,,,,1912.05,5644.26,120.87,2227.41,119.97,landsat,landsat_pre2019_nao_corrigido
ascenty-vinhedo,Ascenty Vinhedo,Vinhedo,SP,Sudeste,Mata Atlântica,sites_validados,2015,,,,,,,,1534.68,5866.65,100.89,2445.03,121.05,landsat,landsat_pre2019_nao_corrigido
ascenty-vinhedo,Ascenty Vinhedo,Vinhedo,SP,Sudeste,Mata Atlântica,sites_validados,2016,28.29,43.0,73855.0,estimativa_intercensitaria,35123.0,3397.0,8085038.0,1745.64,5718.51,93.87,2377.53,131.31,landsat,landsat_pre2019_nao_corrigido
ascenty-vinhedo,Ascenty Vinhedo,Vinhedo,SP,Sudeste,Mata Atlântica,sites_validados,2017,28.21,44.0,75129.0,estimativa_intercensitaria,34638.0,3426.0,8704161.0,1619.82,5726.79,98.64,2499.21,125.64,landsat,landsat_pre2019_nao_corrigido
ascenty-vinhedo,Ascenty Vinhedo,Vinhedo,SP,Sudeste,Mata Atlântica,sites_validados,2018,28.3,43.0,77308.0,estimativa_intercensitaria,35386.0,3403.0,9275194.0,1497.69,5900.22,86.58,2468.43,115.56,landsat,landsat_pre2019_nao_corrigido
ascenty-vinhedo,Ascenty Vinhedo,Vinhedo,SP,Sudeste,Mata Atlântica,sites_validados,2019,28.73,45.0,78728.0,estimativa_intercensitaria,36987.0,3960.0,9665022.0,2220.9,5317.03,1044.47,1314.36,173.34,sentinel2,sentinel2_oficial_2019_2025
ascenty-vinhedo,Ascenty Vinhedo,Vinhedo,SP,Sudeste,Mata Atlântica,sites_validados,2020,29.63,45.0,80111.0,estimativa_intercensitaria,37756.0,4239.0,10493525.0,1724.78,5562.05,1334.94,1281.44,166.89,sentinel2,sentinel2_oficial_2019_2025
ascenty-vinhedo,Ascenty Vinhedo,Vinhedo,SP,Sudeste,Mata Atlântica,sites_validados,2021,28.72,46.0,81516.0,estimativa_intercensitaria,40639.0,4545.0,12557909.0,1671.82,5617.84,1328.6,1287.36,164.48,sentinel2,sentinel2_oficial_2019_2025
ascenty-vinhedo,Ascenty Vinhedo,Vinhedo,SP,Sudeste,Mata Atlântica,sites_validados,2022,27.39,41.0,76540.0,censo,42677.0,6854.0,14061248.0,2089.11,5265.52,1189.13,1356.45,169.89,sentinel2,sentinel2_oficial_2019_2025
ascenty-vinhedo,Ascenty Vinhedo,Vinhedo,SP,Sudeste,Mata Atlântica,sites_validados,2023,27.44,44.0,,,43031.0,7248.0,14699664.0,2238.76,5100.09,1095.5,1468.28,167.47,sentinel2,sentinel2_oficial_2019_2025
ascenty-vinhedo,Ascenty Vinhedo,Vinhedo,SP,Sudeste,Mata Atlântica,sites_validados,2024,27.38,46.0,79235.0,estimativa_intercensitaria,43021.0,7589.0,,2052.58,5378.61,1094.4,1386.09,158.42,sentinel2,sentinel2_oficial_2019_2025
ascenty-vinhedo,Ascenty Vinhedo,Vinhedo,SP,Sudeste,Mata Atlântica,sites_validados,2025,24.56,45.0,79089.0,estimativa_intercensitaria,,,,1985.15,5349.66,1225.23,1349.56,160.5,sentinel2,sentinel2_oficial_2019_2025
clickip-manaus,ClickIP Datacenters,Manaus,AM,Norte,Amazônia,sites_validados,2013,,,,,,,,1773.99,1782.45,86.04,6407.82,6.12,landsat,landsat_pre2019_nao_corrigido
clickip-manaus,ClickIP Datacenters,Manaus,AM,Norte,Amazônia,sites_validados,2014,,,,,,,,1657.53,1749.15,76.32,6560.64,6.57,landsat,landsat_pre2019_nao_corrigido
clickip-manaus,ClickIP Datacenters,Manaus,AM,Norte,Amazônia,sites_validados,2015,,,,,,,,1300.32,1617.48,75.51,7071.03,5.76,landsat,landsat_pre2019_nao_corrigido
clickip-manaus,ClickIP Datacenters,Manaus,AM,Norte,Amazônia,sites_validados,2016,35.42,25.0,2094391.0,estimativa_intercensitaria,475393.0,22679.0,70234306.0,1714.5,1632.69,55.44,6662.7,4.77,landsat,landsat_pre2019_nao_corrigido
clickip-manaus,ClickIP Datacenters,Manaus,AM,Norte,Amazônia,sites_validados,2017,35.08,27.0,2130264.0,estimativa_intercensitaria,476487.0,22830.0,73225449.0,1768.68,1502.1,63.99,6721.65,4.77,landsat,landsat_pre2019_nao_corrigido
clickip-manaus,ClickIP Datacenters,Manaus,AM,Norte,Amazônia,sites_validados,2018,35.79,26.0,2145444.0,estimativa_intercensitaria,478264.0,22960.0,78155386.0,1677.24,1490.67,46.17,6849.63,6.39,landsat,landsat_pre2019_nao_corrigido
clickip-manaus,ClickIP Datacenters,Manaus,AM,Norte,Amazônia,sites_validados,2019,34.58,28.0,2182763.0,estimativa_intercensitaria,486727.0,25652.0,84566043.0,1383.5,1761.48,890.35,6017.34,17.43,sentinel2,sentinel2_oficial_2019_2025
clickip-manaus,ClickIP Datacenters,Manaus,AM,Norte,Amazônia,sites_validados,2020,35.41,30.0,2219580.0,estimativa_intercensitaria,492343.0,27395.0,91773536.0,1384.35,1732.46,939.58,6004.47,9.24,sentinel2,sentinel2_oficial_2019_2025
clickip-manaus,ClickIP Datacenters,Manaus,AM,Norte,Amazônia,sites_validados,2021,34.14,29.0,2255903.0,estimativa_intercensitaria,519130.0,28737.0,103281400.0,1317.51,1823.5,822.3,6090.28,16.51,sentinel2,sentinel2_oficial_2019_2025
clickip-manaus,ClickIP Datacenters,Manaus,AM,Norte,Amazônia,sites_validados,2022,33.79,29.0,2063689.0,censo,554669.0,67347.0,113465435.0,1366.22,1614.78,859.77,6220.37,8.96,sentinel2,sentinel2_oficial_2019_2025
clickip-manaus,ClickIP Datacenters,Manaus,AM,Norte,Amazônia,sites_validados,2023,34.65,27.0,,,570748.0,72121.0,127649795.0,1221.68,1697.63,858.43,6284.8,7.56,sentinel2,sentinel2_oficial_2019_2025
clickip-manaus,ClickIP Datacenters,Manaus,AM,Norte,Amazônia,sites_validados,2024,34.21,32.0,2279686.0,estimativa_intercensitaria,599717.0,77108.0,,1396.97,1468.0,876.45,6321.88,6.8,sentinel2,sentinel2_oficial_2019_2025
clickip-manaus,ClickIP Datacenters,Manaus,AM,Norte,Amazônia,sites_validados,2025,30.12,35.0,2303732.0,estimativa_intercensitaria,,,,1354.56,1634.62,838.92,6232.5,9.5,sentinel2,sentinel2_oficial_2019_2025
equinix-santana-parnaiba,Equinix SP5x/SP6 (Santana de Parnaíba),Santana de Parnaíba,SP,Sudeste,Mata Atlântica,sites_validados,2013,,,,,,,,3808.89,2350.62,70.02,3697.83,122.67,landsat,landsat_pre2019_nao_corrigido
equinix-santana-parnaiba,Equinix SP5x/SP6 (Santana de Parnaíba),Santana de Parnaíba,SP,Sudeste,Mata Atlântica,sites_validados,2014,,,,,,,,3628.71,2396.34,99.63,3784.32,133.74,landsat,landsat_pre2019_nao_corrigido
equinix-santana-parnaiba,Equinix SP5x/SP6 (Santana de Parnaíba),Santana de Parnaíba,SP,Sudeste,Mata Atlântica,sites_validados,2015,,,,,,,,2971.17,2787.21,122.49,4072.86,115.29,landsat,landsat_pre2019_nao_corrigido
equinix-santana-parnaiba,Equinix SP5x/SP6 (Santana de Parnaíba),Santana de Parnaíba,SP,Sudeste,Mata Atlântica,sites_validados,2016,27.01,44.0,129261.0,estimativa_intercensitaria,57191.0,9187.0,8265334.0,3473.37,2458.08,80.19,3890.88,135.99,landsat,landsat_pre2019_nao_corrigido
equinix-santana-parnaiba,Equinix SP5x/SP6 (Santana de Parnaíba),Santana de Parnaíba,SP,Sudeste,Mata Atlântica,sites_validados,2017,26.69,45.0,131887.0,estimativa_intercensitaria,54197.0,9034.0,8784815.0,3375.54,2494.35,68.22,4021.38,110.16,landsat,landsat_pre2019_nao_corrigido
equinix-santana-parnaiba,Equinix SP5x/SP6 (Santana de Parnaíba),Santana de Parnaíba,SP,Sudeste,Mata Atlântica,sites_validados,2018,26.83,45.0,136517.0,estimativa_intercensitaria,53866.0,8260.0,9231821.0,3278.16,2587.05,91.8,4004.91,107.1,landsat,landsat_pre2019_nao_corrigido
equinix-santana-parnaiba,Equinix SP5x/SP6 (Santana de Parnaíba),Santana de Parnaíba,SP,Sudeste,Mata Atlântica,sites_validados,2019,27.45,46.0,139447.0,estimativa_intercensitaria,55042.0,9427.0,9475380.0,3845.93,2082.15,1364.54,2518.45,259.03,sentinel2,sentinel2_oficial_2019_2025
equinix-santana-parnaiba,Equinix SP5x/SP6 (Santana de Parnaíba),Santana de Parnaíba,SP,Sudeste,Mata Atlântica,sites_validados,2020,26.94,46.0,142301.0,estimativa_intercensitaria,53933.0,9496.0,9962481.0,3496.98,2152.41,1565.78,2631.68,223.25,sentinel2,sentinel2_oficial_2019_2025
equinix-santana-parnaiba,Equinix SP5x/SP6 (Santana de Parnaíba),Santana de Parnaíba,SP,Sudeste,Mata Atlântica,sites_validados,2021,26.47,46.0,145073.0,estimativa_intercensitaria,55735.0,9606.0,11544903.0,3128.75,2318.18,1810.16,2594.91,218.1,sentinel2,sentinel2_oficial_2019_2025
equinix-santana-parnaiba,Equinix SP5x/SP6 (Santana de Parnaíba),Santana de Parnaíba,SP,Sudeste,Mata Atlântica,sites_validados,2022,25.81,43.0,154105.0,censo,60682.0,15190.0,12774324.0,3618.17,1986.48,1534.12,2641.29,290.04,sentinel2,sentinel2_oficial_2019_2025
equinix-santana-parnaiba,Equinix SP5x/SP6 (Santana de Parnaíba),Santana de Parnaíba,SP,Sudeste,Mata Atlântica,sites_validados,2023,26.2,46.0,,,62749.0,15675.0,14328397.0,3789.9,1840.42,1301.68,2827.41,310.69,sentinel2,sentinel2_oficial_2019_2025
equinix-santana-parnaiba,Equinix SP5x/SP6 (Santana de Parnaíba),Santana de Parnaíba,SP,Sudeste,Mata Atlântica,sites_validados,2024,25.91,46.0,162341.0,estimativa_intercensitaria,65863.0,16392.0,,3537.74,2091.16,1437.71,2746.57,256.92,sentinel2,sentinel2_oficial_2019_2025
equinix-santana-parnaiba,Equinix SP5x/SP6 (Santana de Parnaíba),Santana de Parnaíba,SP,Sudeste,Mata Atlântica,sites_validados,2025,23.21,45.0,163787.0,estimativa_intercensitaria,,,,3746.83,1848.24,1566.62,2642.21,266.2,sentinel2,sentinel2_oficial_2019_2025
everest-goiania,Everest Digital Data Center,Goiânia,GO,Centro-Oeste,Cerrado,sites_validados,2013,,,,,,,,736.47,1961.91,112.77,7187.76,41.13,landsat,landsat_pre2019_nao_corrigido
everest-goiania,Everest Digital Data Center,Goiânia,GO,Centro-Oeste,Cerrado,sites_validados,2014,,,,,,,,806.49,1941.57,99.81,7149.06,43.11,landsat,landsat_pre2019_nao_corrigido
everest-goiania,Everest Digital Data Center,Goiânia,GO,Centro-Oeste,Cerrado,sites_validados,2015,,,,,,,,983.34,2124.63,105.39,6777.9,48.78,landsat,landsat_pre2019_nao_corrigido
everest-goiania,Everest Digital Data Center,Goiânia,GO,Centro-Oeste,Cerrado,sites_validados,2016,35.6,44.0,1448639.0,estimativa_intercensitaria,575096.0,59337.0,46612711.0,571.23,1892.07,73.26,7466.58,36.9,landsat,landsat_pre2019_nao_corrigido
everest-goiania,Everest Digital Data Center,Goiânia,GO,Centro-Oeste,Cerrado,sites_validados,2017,35.52,45.0,1466105.0,estimativa_intercensitaria,597379.0,59776.0,49049178.0,827.37,1682.37,97.92,7400.16,32.22,landsat,landsat_pre2019_nao_corrigido
everest-goiania,Everest Digital Data Center,Goiânia,GO,Centro-Oeste,Cerrado,sites_validados,2018,34.62,45.0,1495705.0,estimativa_intercensitaria,580767.0,59951.0,49347603.0,847.71,1891.98,92.43,7167.78,39.87,landsat,landsat_pre2019_nao_corrigido
everest-goiania,Everest Digital Data Center,Goiânia,GO,Centro-Oeste,Cerrado,sites_validados,2019,36.16,45.0,1516113.0,estimativa_intercensitaria,578917.0,65866.0,52978067.0,729.79,1941.78,1849.71,5407.05,111.71,sentinel2,sentinel2_oficial_2019_2025
everest-goiania,Everest Digital Data Center,Goiânia,GO,Centro-Oeste,Cerrado,sites_validados,2020,35.43,43.0,1536097.0,estimativa_intercensitaria,546141.0,68827.0,51830626.0,681.89,1837.93,2133.81,5280.38,106.03,sentinel2,sentinel2_oficial_2019_2025
everest-goiania,Everest Digital Data Center,Goiânia,GO,Centro-Oeste,Cerrado,sites_validados,2021,34.94,43.0,1555626.0,estimativa_intercensitaria,575699.0,74298.0,59870499.0,609.04,1782.24,2027.33,5512.02,109.41,sentinel2,sentinel2_oficial_2019_2025
everest-goiania,Everest Digital Data Center,Goiânia,GO,Centro-Oeste,Cerrado,sites_validados,2022,34.21,42.0,1437366.0,censo,618316.0,118063.0,66273858.0,728.64,1688.85,2019.94,5473.38,129.23,sentinel2,sentinel2_oficial_2019_2025
everest-goiania,Everest Digital Data Center,Goiânia,GO,Centro-Oeste,Cerrado,sites_validados,2023,34.12,45.0,,,652049.0,128111.0,75780846.0,796.54,1713.66,1732.18,5661.68,135.98,sentinel2,sentinel2_oficial_2019_2025
everest-goiania,Everest Digital Data Center,Goiânia,GO,Centro-Oeste,Cerrado,sites_validados,2024,33.0,43.0,1494599.0,estimativa_intercensitaria,674435.0,137098.0,,774.0,1636.91,2112.35,5385.68,131.1,sentinel2,sentinel2_oficial_2019_2025
everest-goiania,Everest Digital Data Center,Goiânia,GO,Centro-Oeste,Cerrado,sites_validados,2025,30.5,44.0,1503256.0,estimativa_intercensitaria,,,,772.19,1703.93,2290.87,5157.91,115.14,sentinel2,sentinel2_oficial_2019_2025
hostdime-joao-pessoa,HostDime Brazil (João Pessoa),João Pessoa,PB,Nordeste,Mata Atlântica,sites_validados,2013,,,,,,,,1933.02,2302.29,66.6,3856.41,1808.37,landsat,landsat_pre2019_nao_corrigido
hostdime-joao-pessoa,HostDime Brazil (João Pessoa),João Pessoa,PB,Nordeste,Mata Atlântica,sites_validados,2014,,,,,,,,2003.04,2149.2,67.95,3665.34,1659.87,landsat,landsat_pre2019_nao_corrigido
hostdime-joao-pessoa,HostDime Brazil (João Pessoa),João Pessoa,PB,Nordeste,Mata Atlântica,sites_validados,2015,,,,,,,,1783.08,1884.33,88.29,3923.01,1689.03,landsat,landsat_pre2019_nao_corrigido
hostdime-joao-pessoa,HostDime Brazil (João Pessoa),João Pessoa,PB,Nordeste,Mata Atlântica,sites_validados,2016,30.26,44.0,801718.0,estimativa_intercensitaria,273087.0,18651.0,18740050.0,1874.88,1893.6,85.5,3915.54,1732.05,landsat,landsat_pre2019_nao_corrigido
hostdime-joao-pessoa,HostDime Brazil (João Pessoa),João Pessoa,PB,Nordeste,Mata Atlântica,sites_validados,2017,29.08,45.0,811598.0,estimativa_intercensitaria,265153.0,18638.0,19740717.0,1790.19,2116.35,72.72,3626.91,1765.89,landsat,landsat_pre2019_nao_corrigido
hostdime-joao-pessoa,HostDime Brazil (João Pessoa),João Pessoa,PB,Nordeste,Mata Atlântica,sites_validados,2018,29.79,46.0,800323.0,estimativa_intercensitaria,260937.0,18545.0,19810216.0,1895.31,2013.93,111.51,4163.58,1853.73,landsat,landsat_pre2019_nao_corrigido
hostdime-joao-pessoa,HostDime Brazil (João Pessoa),João Pessoa,PB,Nordeste,Mata Atlântica,sites_validados,2019,29.92,44.0,809015.0,estimativa_intercensitaria,267971.0,20316.0,20846014.0,1884.32,1406.11,903.78,3859.56,1986.27,sentinel2,sentinel2_oficial_2019_2025
hostdime-joao-pessoa,HostDime Brazil (João Pessoa),João Pessoa,PB,Nordeste,Mata Atlântica,sites_validados,2020,30.45,44.0,817511.0,estimativa_intercensitaria,262019.0,21584.0,20728227.0,1947.33,1370.23,823.32,3887.69,2011.47,sentinel2,sentinel2_oficial_2019_2025
hostdime-joao-pessoa,HostDime Brazil (João Pessoa),João Pessoa,PB,Nordeste,Mata Atlântica,sites_validados,2021,29.83,45.0,825796.0,estimativa_intercensitaria,274381.0,23253.0,21865637.0,1895.27,1398.47,854.81,3898.77,1992.72,sentinel2,sentinel2_oficial_2019_2025
hostdime-joao-pessoa,HostDime Brazil (João Pessoa),João Pessoa,PB,Nordeste,Mata Atlântica,sites_validados,2022,29.42,44.0,833932.0,censo,278720.0,40087.0,24669919.0,2069.64,1205.19,741.42,4016.45,2007.34,sentinel2,sentinel2_oficial_2019_2025
hostdime-joao-pessoa,HostDime Brazil (João Pessoa),João Pessoa,PB,Nordeste,Mata Atlântica,sites_validados,2023,29.54,45.0,,,319286.0,44131.0,28442131.0,1898.56,1402.95,822.28,3887.9,2028.34,sentinel2,sentinel2_oficial_2019_2025
hostdime-joao-pessoa,HostDime Brazil (João Pessoa),João Pessoa,PB,Nordeste,Mata Atlântica,sites_validados,2024,29.43,46.0,888679.0,estimativa_intercensitaria,324808.0,48049.0,,2025.21,1198.41,752.3,4068.08,1996.04,sentinel2,sentinel2_oficial_2019_2025
hostdime-joao-pessoa,HostDime Brazil (João Pessoa),João Pessoa,PB,Nordeste,Mata Atlântica,sites_validados,2025,27.84,45.0,897633.0,estimativa_intercensitaria,,,,1860.96,1443.16,898.7,3861.06,1976.16,sentinel2,sentinel2_oficial_2019_2025
odata-hortolandia,ODATA Data Center SP02,Hortolândia,SP,Sudeste,Mata Atlântica,sites_validados,2013,,,,,,,,819.72,4426.2,104.85,4649.04,38.07,landsat,landsat_pre2019_nao_corrigido
odata-hortolandia,ODATA Data Center SP02,Hortolândia,SP,Sudeste,Mata Atlântica,sites_validados,2014,,,,,,,,561.51,4209.12,174.6,5045.49,36.81,landsat,landsat_pre2019_nao_corrigido
odata-hortolandia,ODATA Data Center SP02,Hortolândia,SP,Sudeste,Mata Atlântica,sites_validados,2015,,,,,,,,797.76,4248.54,101.43,4832.55,58.14,landsat,landsat_pre2019_nao_corrigido
odata-hortolandia,ODATA Data Center SP02,Hortolândia,SP,Sudeste,Mata Atlântica,sites_validados,2016,31.14,44.0,219039.0,estimativa_intercensitaria,43916.0,4551.0,11245733.0,558.72,4221.18,102.87,5101.47,55.26,landsat,landsat_pre2019_nao_corrigido
odata-hortolandia,ODATA Data Center SP02,Hortolândia,SP,Sudeste,Mata Atlântica,sites_validados,2017,30.91,44.0,222186.0,estimativa_intercensitaria,45683.0,4340.0,12411319.0,535.14,4069.44,108.0,5280.57,46.89,landsat,landsat_pre2019_nao_corrigido
odata-hortolandia,ODATA Data Center SP02,Hortolândia,SP,Sudeste,Mata Atlântica,sites_validados,2018,31.26,44.0,227353.0,estimativa_intercensitaria,43989.0,4437.0,13154947.0,546.21,4175.19,112.41,5158.17,47.79,landsat,landsat_pre2019_nao_corrigido
odata-hortolandia,ODATA Data Center SP02,Hortolândia,SP,Sudeste,Mata Atlântica,sites_validados,2019,31.58,44.0,230851.0,estimativa_intercensitaria,46222.0,4759.0,14738378.0,860.01,4198.91,1513.77,3391.51,75.84,sentinel2,sentinel2_oficial_2019_2025
odata-hortolandia,ODATA Data Center SP02,Hortolândia,SP,Sudeste,Mata Atlântica,sites_validados,2020,31.99,46.0,234259.0,estimativa_intercensitaria,46849.0,5044.0,16386639.0,754.32,4140.62,1827.59,3244.39,73.12,sentinel2,sentinel2_oficial_2019_2025
odata-hortolandia,ODATA Data Center SP02,Hortolândia,SP,Sudeste,Mata Atlântica,sites_validados,2021,32.04,46.0,237570.0,estimativa_intercensitaria,48701.0,5502.0,18377822.0,590.42,3935.31,2010.63,3434.56,69.12,sentinel2,sentinel2_oficial_2019_2025
odata-hortolandia,ODATA Data Center SP02,Hortolândia,SP,Sudeste,Mata Atlântica,sites_validados,2022,30.15,43.0,236641.0,censo,52612.0,8386.0,21420797.0,635.61,3847.24,1835.73,3630.69,90.77,sentinel2,sentinel2_oficial_2019_2025
odata-hortolandia,ODATA Data Center SP02,Hortolândia,SP,Sudeste,Mata Atlântica,sites_validados,2023,30.18,45.0,,,56564.0,9002.0,22163924.0,786.96,4023.9,1462.32,3679.8,87.06,sentinel2,sentinel2_oficial_2019_2025
odata-hortolandia,ODATA Data Center SP02,Hortolândia,SP,Sudeste,Mata Atlântica,sites_validados,2024,30.05,46.0,247331.0,estimativa_intercensitaria,58099.0,9701.0,,618.41,3965.88,1720.47,3655.63,79.65,sentinel2,sentinel2_oficial_2019_2025
odata-hortolandia,ODATA Data Center SP02,Hortolândia,SP,Sudeste,Mata Atlântica,sites_validados,2025,27.34,45.0,248842.0,estimativa_intercensitaria,,,,477.52,4093.65,1964.41,3427.24,77.22,sentinel2,sentinel2_oficial_2019_2025
pecem-datacenter,Pecém Data Center,São Gonçalo do Amarante,CE,,,datacentermap_novo,2016,,,,,,,2361426.0,,,,,,,
pecem-datacenter,Pecém Data Center,São Gonçalo do Amarante,CE,,,datacentermap_novo,2017,,,,,,,3083998.0,,,,,,,
pecem-datacenter,Pecém Data Center,São Gonçalo do Amarante,CE,,,datacentermap_novo,2018,,,,,,,4219743.0,,,,,,,
pecem-datacenter,Pecém Data Center,São Gonçalo do Amarante,CE,,,datacentermap_novo,2019,,,,,,,3759946.0,,,,,,,
pecem-datacenter,Pecém Data Center,São Gonçalo do Amarante,CE,,,datacentermap_novo,2020,,,,,,,4192888.0,,,,,,,
pecem-datacenter,Pecém Data Center,São Gonçalo do Amarante,CE,,,datacentermap_novo,2021,,,,,,,8624987.0,,,,,,,
pecem-datacenter,Pecém Data Center,São Gonçalo do Amarante,CE,,,datacentermap_novo,2022,,,,,,,6894155.0,,,,,,,
pecem-datacenter,Pecém Data Center,São Gonçalo do Amarante,CE,,,datacentermap_novo,2023,,,,,,,6908373.0,,,,,,,
rtone-uberlandia,RT-One Uberlândia,Uberlândia,MG,,,datacentermap_novo,2016,,,,,,,32553439.0,,,,,,,
rtone-uberlandia,RT-One Uberlândia,Uberlândia,MG,,,datacentermap_novo,2017,,,,,,,34211313.0,,,,,,,
rtone-uberlandia,RT-One Uberlândia,Uberlândia,MG,,,datacentermap_novo,2018,,,,,,,37513607.0,,,,,,,
rtone-uberlandia,RT-One Uberlândia,Uberlândia,MG,,,datacentermap_novo,2019,,,,,,,37638742.0,,,,,,,
rtone-uberlandia,RT-One Uberlândia,Uberlândia,MG,,,datacentermap_novo,2020,,,,,,,37635138.0,,,,,,,
rtone-uberlandia,RT-One Uberlândia,Uberlândia,MG,,,datacentermap_novo,2021,,,,,,,43030885.0,,,,,,,
rtone-uberlandia,RT-One Uberlândia,Uberlândia,MG,,,datacentermap_novo,2022,,,,,,,47790807.0,,,,,,,
rtone-uberlandia,RT-One Uberlândia,Uberlândia,MG,,,datacentermap_novo,2023,,,,,,,51065684.0,,,,,,,
scala-ai-city,Scala AI City,Eldorado do Sul,RS,,,datacentermap_novo,2016,,,,,,,1477422.0,,,,,,,
scala-ai-city,Scala AI City,Eldorado do Sul,RS,,,datacentermap_novo,2017,,,,,,,1585866.0,,,,,,,
scala-ai-city,Scala AI City,Eldorado do Sul,RS,,,datacentermap_novo,2018,,,,,,,1608902.0,,,,,,,
scala-ai-city,Scala AI City,Eldorado do Sul,RS,,,datacentermap_novo,2019,,,,,,,2154667.0,,,,,,,
scala-ai-city,Scala AI City,Eldorado do Sul,RS,,,datacentermap_novo,2020,,,,,,,1804067.0,,,,,,,
scala-ai-city,Scala AI City,Eldorado do Sul,RS,,,datacentermap_novo,2021,,,,,,,2120269.0,,,,,,,
scala-ai-city,Scala AI City,Eldorado do Sul,RS,,,datacentermap_novo,2022,,,,,,,2442465.0,,,,,,,
scala-ai-city,Scala AI City,Eldorado do Sul,RS,,,datacentermap_novo,2023,,,,,,,2623491.0,,,,,,,
scala-sgigsm01,Scala SGIGSM01,São João de Meriti,RJ,Sudeste,Mata Atlântica,sites_validados,2013,,,,,,,,180.27,939.24,31.41,8881.38,37.8,landsat,landsat_pre2019_nao_corrigido
scala-sgigsm01,Scala SGIGSM01,São João de Meriti,RJ,Sudeste,Mata Atlântica,sites_validados,2014,,,,,,,,212.04,878.67,22.59,8909.82,35.73,landsat,landsat_pre2019_nao_corrigido
scala-sgigsm01,Scala SGIGSM01,São João de Meriti,RJ,Sudeste,Mata Atlântica,sites_validados,2015,,,,,,,,107.64,656.1,14.49,9249.03,42.84,landsat,landsat_pre2019_nao_corrigido
scala-sgigsm01,Scala SGIGSM01,São João de Meriti,RJ,Sudeste,Mata Atlântica,sites_validados,2016,33.76,43.0,460541.0,estimativa_intercensitaria,57188.0,5270.0,9405814.0,193.05,797.13,18.36,9016.11,35.19,landsat,landsat_pre2019_nao_corrigido
scala-sgigsm01,Scala SGIGSM01,São João de Meriti,RJ,Sudeste,Mata Atlântica,sites_validados,2017,34.15,43.0,460461.0,estimativa_intercensitaria,54693.0,5185.0,9196061.0,244.17,733.14,63.18,8994.15,33.66,landsat,landsat_pre2019_nao_corrigido
scala-sgigsm01,Scala SGIGSM01,São João de Meriti,RJ,Sudeste,Mata Atlântica,sites_validados,2018,34.16,44.0,471888.0,estimativa_intercensitaria,53650.0,4907.0,9319208.0,250.29,792.18,60.84,8929.98,36.36,landsat,landsat_pre2019_nao_corrigido
scala-sgigsm01,Scala SGIGSM01,São João de Meriti,RJ,Sudeste,Mata Atlântica,sites_validados,2019,34.97,44.0,472406.0,estimativa_intercensitaria,54378.0,5069.0,9746519.0,268.0,770.29,1277.49,7683.15,71.17,sentinel2,sentinel2_oficial_2019_2025
scala-sgigsm01,Scala SGIGSM01,São João de Meriti,RJ,Sudeste,Mata Atlântica,sites_validados,2020,34.39,45.0,472906.0,estimativa_intercensitaria,50672.0,4909.0,9112402.0,294.73,763.09,1209.52,7725.58,77.18,sentinel2,sentinel2_oficial_2019_2025
scala-sgigsm01,Scala SGIGSM01,São João de Meriti,RJ,Sudeste,Mata Atlântica,sites_validados,2021,33.83,44.0,473385.0,estimativa_intercensitaria,51990.0,5077.0,8963716.0,258.33,755.41,1209.99,7776.49,69.88,sentinel2,sentinel2_oficial_2019_2025
scala-sgigsm01,Scala SGIGSM01,São João de Meriti,RJ,Sudeste,Mata Atlântica,sites_validados,2022,32.57,42.0,440962.0,censo,54023.0,8888.0,10615039.0,381.65,733.08,1043.34,7829.19,82.84,sentinel2,sentinel2_oficial_2019_2025
scala-sgigsm01,Scala SGIGSM01,São João de Meriti,RJ,Sudeste,Mata Atlântica,sites_validados,2023,33.27,44.0,,,62684.0,9182.0,11534047.0,363.11,614.25,1245.58,7765.06,82.1,sentinel2,sentinel2_oficial_2019_2025
scala-sgigsm01,Scala SGIGSM01,São João de Meriti,RJ,Sudeste,Mata Atlântica,sites_validados,2024,32.5,45.0,466536.0,estimativa_intercensitaria,60793.0,9209.0,,293.5,720.6,1050.12,7938.75,67.13,sentinel2,sentinel2_oficial_2019_2025
scala-sgigsm01,Scala SGIGSM01,São João de Meriti,RJ,Sudeste,Mata Atlântica,sites_validados,2025,29.81,44.0,466503.0,estimativa_intercensitaria,,,,356.22,790.22,1158.93,7690.37,74.36,sentinel2,sentinel2_oficial_2019_2025
scala-spoapa01,Scala SPOAPA01,Porto Alegre,RS,Sul,Mata Atlântica,sites_validados,2013,,,,,,,,873.63,1581.75,77.31,5208.93,1810.17,landsat,landsat_pre2019_nao_corrigido
scala-spoapa01,Scala SPOAPA01,Porto Alegre,RS,Sul,Mata Atlântica,sites_validados,2014,,,,,,,,1113.03,1840.23,66.42,4987.26,2006.01,landsat,landsat_pre2019_nao_corrigido
scala-spoapa01,Scala SPOAPA01,Porto Alegre,RS,Sul,Mata Atlântica,sites_validados,2015,,,,,,,,863.1,2039.58,55.89,5232.87,1848.06,landsat,landsat_pre2019_nao_corrigido
scala-spoapa01,Scala SPOAPA01,Porto Alegre,RS,Sul,Mata Atlântica,sites_validados,2016,23.85,46.0,1481019.0,estimativa_intercensitaria,709997.0,82365.0,72734881.0,910.35,1910.97,71.82,4668.03,1761.93,landsat,landsat_pre2019_nao_corrigido
scala-spoapa01,Scala SPOAPA01,Porto Alegre,RS,Sul,Mata Atlântica,sites_validados,2017,24.97,45.0,1484941.0,estimativa_intercensitaria,685467.0,81222.0,73314029.0,916.83,1875.96,51.84,5293.44,1901.61,landsat,landsat_pre2019_nao_corrigido
scala-spoapa01,Scala SPOAPA01,Porto Alegre,RS,Sul,Mata Atlântica,sites_validados,2018,24.58,46.0,1479101.0,estimativa_intercensitaria,678387.0,80124.0,77181703.0,1067.22,1832.13,48.24,5208.39,1883.97,landsat,landsat_pre2019_nao_corrigido
scala-spoapa01,Scala SPOAPA01,Porto Alegre,RS,Sul,Mata Atlântica,sites_validados,2019,25.28,45.0,1483771.0,estimativa_intercensitaria,673982.0,85956.0,82320598.0,934.16,1570.3,1805.96,3682.96,2046.66,sentinel2,sentinel2_oficial_2019_2025
scala-spoapa01,Scala SPOAPA01,Porto Alegre,RS,Sul,Mata Atlântica,sites_validados,2020,25.07,46.0,1488252.0,estimativa_intercensitaria,637650.0,87459.0,75976656.0,1183.19,1375.03,1874.14,3403.65,2204.03,sentinel2,sentinel2_oficial_2019_2025
scala-spoapa01,Scala SPOAPA01,Porto Alegre,RS,Sul,Mata Atlântica,sites_validados,2021,24.83,46.0,1492530.0,estimativa_intercensitaria,644623.0,90258.0,81563063.0,1166.22,1477.17,1607.7,3643.86,2145.09,sentinel2,sentinel2_oficial_2019_2025
scala-spoapa01,Scala SPOAPA01,Porto Alegre,RS,Sul,Mata Atlântica,sites_validados,2022,23.96,45.0,1332845.0,censo,660355.0,136102.0,90214952.0,1536.2,1179.99,1548.31,3622.1,2153.44,sentinel2,sentinel2_oficial_2019_2025
scala-spoapa01,Scala SPOAPA01,Porto Alegre,RS,Sul,Mata Atlântica,sites_validados,2023,24.06,46.0,,,683450.0,141750.0,104743272.0,1409.91,1293.34,1576.82,3610.62,2149.35,sentinel2,sentinel2_oficial_2019_2025
scala-spoapa01,Scala SPOAPA01,Porto Alegre,RS,Sul,Mata Atlântica,sites_validados,2024,23.84,44.0,1389322.0,estimativa_intercensitaria,699207.0,146301.0,,881.96,939.91,1407.95,3991.2,2819.02,sentinel2,sentinel2_oficial_2019_2025
scala-spoapa01,Scala SPOAPA01,Porto Alegre,RS,Sul,Mata Atlântica,sites_validados,2025,22.13,46.0,1388794.0,estimativa_intercensitaria,,,,1184.74,1160.26,1704.7,3540.47,2449.87,sentinel2,sentinel2_oficial_2019_2025
scala-tambore,Scala Data Centers - SGRUTB12,Barueri,SP,Sudeste,Mata Atlântica,sites_validados,2013,,,,,,,,2393.01,1511.73,83.16,5922.45,141.57,landsat,landsat_pre2019_nao_corrigido
scala-tambore,Scala Data Centers - SGRUTB12,Barueri,SP,Sudeste,Mata Atlântica,sites_validados,2014,,,,,,,,2310.3,1525.14,105.3,5891.04,145.8,landsat,landsat_pre2019_nao_corrigido
scala-tambore,Scala Data Centers - SGRUTB12,Barueri,SP,Sudeste,Mata Atlântica,sites_validados,2015,,,,,,,,1985.85,1635.75,122.04,6220.26,105.03,landsat,landsat_pre2019_nao_corrigido
scala-tambore,Scala Data Centers - SGRUTB12,Barueri,SP,Sudeste,Mata Atlântica,sites_validados,2016,28.8,44.0,264935.0,estimativa_intercensitaria,255718.0,13461.0,47063173.0,2227.32,1587.06,100.71,5968.44,130.05,landsat,landsat_pre2019_nao_corrigido
scala-tambore,Scala Data Centers - SGRUTB12,Barueri,SP,Sudeste,Mata Atlântica,sites_validados,2017,28.52,45.0,267534.0,estimativa_intercensitaria,252909.0,13397.0,47741849.0,2186.1,1602.81,79.29,6109.2,92.16,landsat,landsat_pre2019_nao_corrigido
scala-tambore,Scala Data Centers - SGRUTB12,Barueri,SP,Sudeste,Mata Atlântica,sites_validados,2018,28.8,43.0,271306.0,estimativa_intercensitaria,263148.0,13889.0,50562704.0,2209.23,1647.63,83.34,6042.87,85.68,landsat,landsat_pre2019_nao_corrigido
scala-tambore,Scala Data Centers - SGRUTB12,Barueri,SP,Sudeste,Mata Atlântica,sites_validados,2019,29.35,46.0,274182.0,estimativa_intercensitaria,278250.0,16923.0,52744931.0,2564.5,1292.03,1517.83,4425.79,269.95,sentinel2,sentinel2_oficial_2019_2025
scala-tambore,Scala Data Centers - SGRUTB12,Barueri,SP,Sudeste,Mata Atlântica,sites_validados,2020,28.96,46.0,276982.0,estimativa_intercensitaria,286841.0,18195.0,51600338.0,2382.47,1327.32,1624.2,4503.34,232.77,sentinel2,sentinel2_oficial_2019_2025
scala-tambore,Scala Data Centers - SGRUTB12,Barueri,SP,Sudeste,Mata Atlântica,sites_validados,2021,28.48,46.0,279704.0,estimativa_intercensitaria,312802.0,19885.0,58027667.0,2210.65,1364.84,1821.06,4445.87,227.68,sentinel2,sentinel2_oficial_2019_2025
scala-tambore,Scala Data Centers - SGRUTB12,Barueri,SP,Sudeste,Mata Atlântica,sites_validados,2022,27.58,44.0,316473.0,censo,351261.0,32866.0,69665769.0,2423.18,1264.97,1591.66,4512.32,277.97,sentinel2,sentinel2_oficial_2019_2025
scala-tambore,Scala Data Centers - SGRUTB12,Barueri,SP,Sudeste,Mata Atlântica,sites_validados,2023,28.2,46.0,,,372191.0,36329.0,71646710.0,2520.64,1189.9,1400.13,4648.15,311.28,sentinel2,sentinel2_oficial_2019_2025
scala-tambore,Scala Data Centers - SGRUTB12,Barueri,SP,Sudeste,Mata Atlântica,sites_validados,2024,27.48,46.0,330339.0,estimativa_intercensitaria,382619.0,41015.0,,2422.04,1323.72,1534.66,4551.08,238.6,sentinel2,sentinel2_oficial_2019_2025
scala-tambore,Scala Data Centers - SGRUTB12,Barueri,SP,Sudeste,Mata Atlântica,sites_validados,2025,24.41,45.0,333737.0,estimativa_intercensitaria,,,,2525.17,1173.84,1699.36,4413.16,258.57,sentinel2,sentinel2_oficial_2019_2025
