site_id,municipio,uf,codigo_ibge,ano,faixa_etaria_base,nivel_instrucao,populacao,percentual_do_total,fonte,data_extracao,origem_lista
angonap-fortaleza,Fortaleza,CE,2304400,2010,10 anos ou mais,Fundamental completo e médio incompleto,394590.0,18.73,"IBGE - Censo Demografico 2010, SIDRA tabela 3540 (Pessoas de 10 anos ou mais de idade, por nivel de instrucao)",2026-09-03,sites_validados
angonap-fortaleza,Fortaleza,CE,2304400,2010,10 anos ou mais,Médio completo e superior incompleto,635690.0,30.18,"IBGE - Censo Demografico 2010, SIDRA tabela 3540 (Pessoas de 10 anos ou mais de idade, por nivel de instrucao)",2026-09-03,sites_validados
angonap-fortaleza,Fortaleza,CE,2304400,2010,10 anos ou mais,Sem instrução e fundamental incompleto,855536.0,40.62,"IBGE - Censo Demografico 2010, SIDRA tabela 3540 (Pessoas de 10 anos ou mais de idade, por nivel de instrucao)",2026-09-03,sites_validados
angonap-fortaleza,Fortaleza,CE,2304400,2010,10 anos ou mais,Superior completo,206796.0,9.82,"IBGE - Censo Demografico 2010, SIDRA tabela 3540 (Pessoas de 10 anos ou mais de idade, por nivel de instrucao)",2026-09-03,sites_validados
angonap-fortaleza,Fortaleza,CE,2304400,2010,10 anos ou mais,Total,2106309.0,100.0,"IBGE - Censo Demografico 2010, SIDRA tabela 3540 (Pessoas de 10 anos ou mais de idade, por nivel de instrucao)",2026-09-03,sites_validados
angonap-fortaleza,Fortaleza,CE,2304400,2022,18 anos ou mais,Fundamental completo e médio incompleto,299687.0,15.92,"IBGE - Censo Demografico 2022, SIDRA tabela 10061 (Pessoas de 18 anos ou mais de idade, por nivel de instrucao)",2026-09-03,sites_validados
angonap-fortaleza,Fortaleza,CE,2304400,2022,18 anos ou mais,Médio completo e superior incompleto,745878.0,39.62,"IBGE - Censo Demografico 2022, SIDRA tabela 10061 (Pessoas de 18 anos ou mais de idade, por nivel de instrucao)",2026-09-03,sites_validados
angonap-fortaleza,Fortaleza,CE,2304400,2022,18 anos ou mais,Sem instrução e fundamental incompleto,474763.0,25.22,"IBGE - Censo Demografico 2022, SIDRA tabela 10061 (Pessoas de 18 anos ou mais de idade, por nivel de instrucao)",2026-09-03,sites_validados
angonap-fortaleza,Fortaleza,CE,2304400,2022,18 anos ou mais,Superior completo,362155.0,19.24,"IBGE - Censo Demografico 2022, SIDRA tabela 10061 (Pessoas de 18 anos ou mais de idade, por nivel de instrucao)",2026-09-03,sites_validados
angonap-fortaleza,Fortaleza,CE,2304400,2022,18 anos ou mais,Total,1882484.0,100.0,"IBGE - Censo Demografico 2022, SIDRA tabela 10061 (Pessoas de 18 anos ou mais de idade, por nivel de instrucao)",2026-09-03,sites_validados
ascenty-hortolandia,Hortolândia,SP,3519071,2010,10 anos ou mais,Fundamental completo e médio incompleto,34864.0,21.17,"IBGE - Censo Demografico 2010, SIDRA tabela 3540 (Pessoas de 10 anos ou mais de idade, por nivel de instrucao)",2026-09-03,sites_validados
ascenty-hortolandia,Hortolândia,SP,3519071,2010,10 anos ou mais,Médio completo e superior incompleto,45546.0,27.66,"IBGE - Censo Demografico 2010, SIDRA tabela 3540 (Pessoas de 10 anos ou mais de idade, por nivel de instrucao)",2026-09-03,sites_validados
ascenty-hortolandia,Hortolândia,SP,3519071,2010,10 anos ou mais,Sem instrução e fundamental incompleto,75225.0,45.68,"IBGE - Censo Demografico 2010, SIDRA tabela 3540 (Pessoas de 10 anos ou mais de idade, por nivel de instrucao)",2026-09-03,sites_validados
ascenty-hortolandia,Hortolândia,SP,3519071,2010,10 anos ou mais,Superior completo,7471.0,4.54,"IBGE - Censo Demografico 2010, SIDRA tabela 3540 (Pessoas de 10 anos ou mais de idade, por nivel de instrucao)",2026-09-03,sites_validados
ascenty-hortolandia,Hortolândia,SP,3519071,2010,10 anos ou mais,Total,164679.0,100.0,"IBGE - Censo Demografico 2010, SIDRA tabela 3540 (Pessoas de 10 anos ou mais de idade, por nivel de instrucao)",2026-09-03,sites_validados
ascenty-hortolandia,Hortolândia,SP,3519071,2022,18 anos ou mais,Fundamental completo e médio incompleto,26130.0,14.42,"IBGE - Censo Demografico 2022, SIDRA tabela 10061 (Pessoas de 18 anos ou mais de idade, por nivel de instrucao)",2026-09-03,sites_validados
ascenty-hortolandia,Hortolândia,SP,3519071,2022,18 anos ou mais,Médio completo e superior incompleto,85712.0,47.32,"IBGE - Censo Demografico 2022, SIDRA tabela 10061 (Pessoas de 18 anos ou mais de idade, por nivel de instrucao)",2026-09-03,sites_validados
ascenty-hortolandia,Hortolândia,SP,3519071,2022,18 anos ou mais,Sem instrução e fundamental incompleto,43071.0,23.78,"IBGE - Censo Demografico 2022, SIDRA tabela 10061 (Pessoas de 18 anos ou mais de idade, por nivel de instrucao)",2026-09-03,sites_validados
ascenty-hortolandia,Hortolândia,SP,3519071,2022,18 anos ou mais,Superior completo,26231.0,14.48,"IBGE - Censo Demografico 2022, SIDRA tabela 10061 (Pessoas de 18 anos ou mais de idade, por nivel de instrucao)",2026-09-03,sites_validados
ascenty-hortolandia,Hortolândia,SP,3519071,2022,18 anos ou mais,Total,181144.0,100.0,"IBGE - Censo Demografico 2022, SIDRA tabela 10061 (Pessoas de 18 anos ou mais de idade, por nivel de instrucao)",2026-09-03,sites_validados
ascenty-jundiai,Jundiaí,SP,3525904,2010,10 anos ou mais,Fundamental completo e médio incompleto,57973.0,17.83,"IBGE - Censo Demografico 2010, SIDRA tabela 3540 (Pessoas de 10 anos ou mais de idade, por nivel de instrucao)",2026-09-03,sites_validados
ascenty-jundiai,Jundiaí,SP,3525904,2010,10 anos ou mais,Médio completo e superior incompleto,91434.0,28.12,"IBGE - Censo Demografico 2010, SIDRA tabela 3540 (Pessoas de 10 anos ou mais de idade, por nivel de instrucao)",2026-09-03,sites_validados
ascenty-jundiai,Jundiaí,SP,3525904,2010,10 anos ou mais,Sem instrução e fundamental incompleto,120027.0,36.91,"IBGE - Censo Demografico 2010, SIDRA tabela 3540 (Pessoas de 10 anos ou mais de idade, por nivel de instrucao)",2026-09-03,sites_validados
ascenty-jundiai,Jundiaí,SP,3525904,2010,10 anos ou mais,Superior completo,53694.0,16.51,"IBGE - Censo Demografico 2010, SIDRA tabela 3540 (Pessoas de 10 anos ou mais de idade, por nivel de instrucao)",2026-09-03,sites_validados
ascenty-jundiai,Jundiaí,SP,3525904,2010,10 anos ou mais,Total,325159.0,100.0,"IBGE - Censo Demografico 2010, SIDRA tabela 3540 (Pessoas de 10 anos ou mais de idade, por nivel de instrucao)",2026-09-03,sites_validados
ascenty-jundiai,Jundiaí,SP,3525904,2022,18 anos ou mais,Fundamental completo e médio incompleto,45746.0,12.96,"IBGE - Censo Demografico 2022, SIDRA tabela 10061 (Pessoas de 18 anos ou mais de idade, por nivel de instrucao)",2026-09-03,sites_validados
ascenty-jundiai,Jundiaí,SP,3525904,2022,18 anos ou mais,Médio completo e superior incompleto,134559.0,38.12,"IBGE - Censo Demografico 2022, SIDRA tabela 10061 (Pessoas de 18 anos ou mais de idade, por nivel de instrucao)",2026-09-03,sites_validados
ascenty-jundiai,Jundiaí,SP,3525904,2022,18 anos ou mais,Sem instrução e fundamental incompleto,68447.0,19.39,"IBGE - Censo Demografico 2022, SIDRA tabela 10061 (Pessoas de 18 anos ou mais de idade, por nivel de instrucao)",2026-09-03,sites_validados
ascenty-jundiai,Jundiaí,SP,3525904,2022,18 anos ou mais,Superior completo,104265.0,29.54,"IBGE - Censo Demografico 2022, SIDRA tabela 10061 (Pessoas de 18 anos ou mais de idade, por nivel de instrucao)",2026-09-03,sites_validados
ascenty-jundiai,Jundiaí,SP,3525904,2022,18 anos ou mais,Total,353016.0,100.0,"IBGE - Censo Demografico 2022, SIDRA tabela 10061 (Pessoas de 18 anos ou mais de idade, por nivel de instrucao)",2026-09-03,sites_validados
ascenty-maracanau,Maracanaú,CE,2307650,2010,10 anos ou mais,Fundamental completo e médio incompleto,35773.0,20.3,"IBGE - Censo Demografico 2010, SIDRA tabela 3540 (Pessoas de 10 anos ou mais de idade, por nivel de instrucao)",2026-09-03,sites_validados
ascenty-maracanau,Maracanaú,CE,2307650,2010,10 anos ou mais,Médio completo e superior incompleto,51711.0,29.35,"IBGE - Censo Demografico 2010, SIDRA tabela 3540 (Pessoas de 10 anos ou mais de idade, por nivel de instrucao)",2026-09-03,sites_validados
ascenty-maracanau,Maracanaú,CE,2307650,2010,10 anos ou mais,Sem instrução e fundamental incompleto,84053.0,47.7,"IBGE - Censo Demografico 2010, SIDRA tabela 3540 (Pessoas de 10 anos ou mais de idade, por nivel de instrucao)",2026-09-03,sites_validados
ascenty-maracanau,Maracanaú,CE,2307650,2010,10 anos ou mais,Superior completo,3696.0,2.1,"IBGE - Censo Demografico 2010, SIDRA tabela 3540 (Pessoas de 10 anos ou mais de idade, por nivel de instrucao)",2026-09-03,sites_validados
ascenty-maracanau,Maracanaú,CE,2307650,2010,10 anos ou mais,Total,176199.0,100.0,"IBGE - Censo Demografico 2010, SIDRA tabela 3540 (Pessoas de 10 anos ou mais de idade, por nivel de instrucao)",2026-09-03,sites_validados
ascenty-maracanau,Maracanaú,CE,2307650,2022,18 anos ou mais,Fundamental completo e médio incompleto,29366.0,16.88,"IBGE - Censo Demografico 2022, SIDRA tabela 10061 (Pessoas de 18 anos ou mais de idade, por nivel de instrucao)",2026-09-03,sites_validados
ascenty-maracanau,Maracanaú,CE,2307650,2022,18 anos ou mais,Médio completo e superior incompleto,79888.0,45.93,"IBGE - Censo Demografico 2022, SIDRA tabela 10061 (Pessoas de 18 anos ou mais de idade, por nivel de instrucao)",2026-09-03,sites_validados
ascenty-maracanau,Maracanaú,CE,2307650,2022,18 anos ou mais,Sem instrução e fundamental incompleto,50592.0,29.08,"IBGE - Censo Demografico 2022, SIDRA tabela 10061 (Pessoas de 18 anos ou mais de idade, por nivel de instrucao)",2026-09-03,sites_validados
ascenty-maracanau,Maracanaú,CE,2307650,2022,18 anos ou mais,Superior completo,14100.0,8.11,"IBGE - Censo Demografico 2022, SIDRA tabela 10061 (Pessoas de 18 anos ou mais de idade, por nivel de instrucao)",2026-09-03,sites_validados
ascenty-maracanau,Maracanaú,CE,2307650,2022,18 anos ou mais,Total,173946.0,100.0,"IBGE - Censo Demografico 2022, SIDRA tabela 10061 (Pessoas de 18 anos ou mais de idade, por nivel de instrucao)",2026-09-03,sites_validados
ascenty-osasco,Osasco,SP,3534401,2010,10 anos ou mais,Fundamental completo e médio incompleto,113869.0,19.83,"IBGE - Censo Demografico 2010, SIDRA tabela 3540 (Pessoas de 10 anos ou mais de idade, por nivel de instrucao)",2026-09-03,sites_validados
ascenty-osasco,Osasco,SP,3534401,2010,10 anos ou mais,Médio completo e superior incompleto,156201.0,27.21,"IBGE - Censo Demografico 2010, SIDRA tabela 3540 (Pessoas de 10 anos ou mais de idade, por nivel de instrucao)",2026-09-03,sites_validados
ascenty-osasco,Osasco,SP,3534401,2010,10 anos ou mais,Sem instrução e fundamental incompleto,231943.0,40.4,"IBGE - Censo Demografico 2010, SIDRA tabela 3540 (Pessoas de 10 anos ou mais de idade, por nivel de instrucao)",2026-09-03,sites_validados
ascenty-osasco,Osasco,SP,3534401,2010,10 anos ou mais,Superior completo,63855.0,11.12,"IBGE - Censo Demografico 2010, SIDRA tabela 3540 (Pessoas de 10 anos ou mais de idade, por nivel de instrucao)",2026-09-03,sites_validados
ascenty-osasco,Osasco,SP,3534401,2010,10 anos ou mais,Total,574104.0,100.0,"IBGE - Censo Demografico 2010, SIDRA tabela 3540 (Pessoas de 10 anos ou mais de idade, por nivel de instrucao)",2026-09-03,sites_validados
ascenty-osasco,Osasco,SP,3534401,2022,18 anos ou mais,Fundamental completo e médio incompleto,87883.0,15.58,"IBGE - Censo Demografico 2022, SIDRA tabela 10061 (Pessoas de 18 anos ou mais de idade, por nivel de instrucao)",2026-09-03,sites_validados
ascenty-osasco,Osasco,SP,3534401,2022,18 anos ou mais,Médio completo e superior incompleto,226349.0,40.13,"IBGE - Censo Demografico 2022, SIDRA tabela 10061 (Pessoas de 18 anos ou mais de idade, por nivel de instrucao)",2026-09-03,sites_validados
ascenty-osasco,Osasco,SP,3534401,2022,18 anos ou mais,Sem instrução e fundamental incompleto,120475.0,21.36,"IBGE - Censo Demografico 2022, SIDRA tabela 10061 (Pessoas de 18 anos ou mais de idade, por nivel de instrucao)",2026-09-03,sites_validados
ascenty-osasco,Osasco,SP,3534401,2022,18 anos ou mais,Superior completo,129397.0,22.94,"IBGE - Censo Demografico 2022, SIDRA tabela 10061 (Pessoas de 18 anos ou mais de idade, por nivel de instrucao)",2026-09-03,sites_validados
ascenty-osasco,Osasco,SP,3534401,2022,18 anos ou mais,Total,564103.0,100.0,"IBGE - Censo Demografico 2022, SIDRA tabela 10061 (Pessoas de 18 anos ou mais de idade, por nivel de instrucao)",2026-09-03,sites_validados
ascenty-paulinia,Paulínia,SP,3536505,2010,10 anos ou mais,Fundamental completo e médio incompleto,11999.0,17.13,"IBGE - Censo Demografico 2010, SIDRA tabela 3540 (Pessoas de 10 anos ou mais de idade, por nivel de instrucao)",2026-09-03,sites_validados
ascenty-paulinia,Paulínia,SP,3536505,2010,10 anos ou mais,Médio completo e superior incompleto,21852.0,31.2,"IBGE - Censo Demografico 2010, SIDRA tabela 3540 (Pessoas de 10 anos ou mais de idade, por nivel de instrucao)",2026-09-03,sites_validados
ascenty-paulinia,Paulínia,SP,3536505,2010,10 anos ou mais,Sem instrução e fundamental incompleto,26746.0,38.18,"IBGE - Censo Demografico 2010, SIDRA tabela 3540 (Pessoas de 10 anos ou mais de idade, por nivel de instrucao)",2026-09-03,sites_validados
ascenty-paulinia,Paulínia,SP,3536505,2010,10 anos ou mais,Superior completo,9122.0,13.02,"IBGE - Censo Demografico 2010, SIDRA tabela 3540 (Pessoas de 10 anos ou mais de idade, por nivel de instrucao)",2026-09-03,sites_validados
ascenty-paulinia,Paulínia,SP,3536505,2010,10 anos ou mais,Total,70047.0,100.0,"IBGE - Censo Demografico 2010, SIDRA tabela 3540 (Pessoas de 10 anos ou mais de idade, por nivel de instrucao)",2026-09-03,sites_validados
ascenty-paulinia,Paulínia,SP,3536505,2022,18 anos ou mais,Fundamental completo e médio incompleto,9742.0,11.46,"IBGE - Censo Demografico 2022, SIDRA tabela 10061 (Pessoas de 18 anos ou mais de idade, por nivel de instrucao)",2026-09-03,sites_validados
ascenty-paulinia,Paulínia,SP,3536505,2022,18 anos ou mais,Médio completo e superior incompleto,32728.0,38.51,"IBGE - Censo Demografico 2022, SIDRA tabela 10061 (Pessoas de 18 anos ou mais de idade, por nivel de instrucao)",2026-09-03,sites_validados
ascenty-paulinia,Paulínia,SP,3536505,2022,18 anos ou mais,Sem instrução e fundamental incompleto,19269.0,22.68,"IBGE - Censo Demografico 2022, SIDRA tabela 10061 (Pessoas de 18 anos ou mais de idade, por nivel de instrucao)",2026-09-03,sites_validados
ascenty-paulinia,Paulínia,SP,3536505,2022,18 anos ou mais,Superior completo,23236.0,27.34,"IBGE - Censo Demografico 2022, SIDRA tabela 10061 (Pessoas de 18 anos ou mais de idade, por nivel de instrucao)",2026-09-03,sites_validados
ascenty-paulinia,Paulínia,SP,3536505,2022,18 anos ou mais,Total,84975.0,100.0,"IBGE - Censo Demografico 2022, SIDRA tabela 10061 (Pessoas de 18 anos ou mais de idade, por nivel de instrucao)",2026-09-03,sites_validados
ascenty-sumare,Sumaré,SP,3552403,2010,10 anos ou mais,Fundamental completo e médio incompleto,41611.0,20.17,"IBGE - Censo Demografico 2010, SIDRA tabela 3540 (Pessoas de 10 anos ou mais de idade, por nivel de instrucao)",2026-09-03,sites_validados
ascenty-sumare,Sumaré,SP,3552403,2010,10 anos ou mais,Médio completo e superior incompleto,58414.0,28.31,"IBGE - Censo Demografico 2010, SIDRA tabela 3540 (Pessoas de 10 anos ou mais de idade, por nivel de instrucao)",2026-09-03,sites_validados
ascenty-sumare,Sumaré,SP,3552403,2010,10 anos ou mais,Sem instrução e fundamental incompleto,92169.0,44.67,"IBGE - Censo Demografico 2010, SIDRA tabela 3540 (Pessoas de 10 anos ou mais de idade, por nivel de instrucao)",2026-09-03,sites_validados
ascenty-sumare,Sumaré,SP,3552403,2010,10 anos ou mais,Superior completo,12977.0,6.29,"IBGE - Censo Demografico 2010, SIDRA tabela 3540 (Pessoas de 10 anos ou mais de idade, por nivel de instrucao)",2026-09-03,sites_validados
ascenty-sumare,Sumaré,SP,3552403,2010,10 anos ou mais,Total,206311.0,100.0,"IBGE - Censo Demografico 2010, SIDRA tabela 3540 (Pessoas de 10 anos ou mais de idade, por nivel de instrucao)",2026-09-03,sites_validados
ascenty-sumare,Sumaré,SP,3552403,2022,18 anos ou mais,Fundamental completo e médio incompleto,32641.0,15.29,"IBGE - Censo Demografico 2022, SIDRA tabela 10061 (Pessoas de 18 anos ou mais de idade, por nivel de instrucao)",2026-09-03,sites_validados
ascenty-sumare,Sumaré,SP,3552403,2022,18 anos ou mais,Médio completo e superior incompleto,97609.0,45.73,"IBGE - Censo Demografico 2022, SIDRA tabela 10061 (Pessoas de 18 anos ou mais de idade, por nivel de instrucao)",2026-09-03,sites_validados
ascenty-sumare,Sumaré,SP,3552403,2022,18 anos ou mais,Sem instrução e fundamental incompleto,54968.0,25.75,"IBGE - Censo Demografico 2022, SIDRA tabela 10061 (Pessoas de 18 anos ou mais de idade, por nivel de instrucao)",2026-09-03,sites_validados
ascenty-sumare,Sumaré,SP,3552403,2022,18 anos ou mais,Superior completo,28211.0,13.22,"IBGE - Censo Demografico 2022, SIDRA tabela 10061 (Pessoas de 18 anos ou mais de idade, por nivel de instrucao)",2026-09-03,sites_validados
ascenty-sumare,Sumaré,SP,3552403,2022,18 anos ou mais,Total,213430.0,100.0,"IBGE - Censo Demografico 2022, SIDRA tabela 10061 (Pessoas de 18 anos ou mais de idade, por nivel de instrucao)",2026-09-03,sites_validados
ascenty-vinhedo,Vinhedo,SP,3556701,2010,10 anos ou mais,Fundamental completo e médio incompleto,8764.0,15.74,"IBGE - Censo Demografico 2010, SIDRA tabela 3540 (Pessoas de 10 anos ou mais de idade, por nivel de instrucao)",2026-09-03,sites_validados
ascenty-vinhedo,Vinhedo,SP,3556701,2010,10 anos ou mais,Médio completo e superior incompleto,15730.0,28.25,"IBGE - Censo Demografico 2010, SIDRA tabela 3540 (Pessoas de 10 anos ou mais de idade, por nivel de instrucao)",2026-09-03,sites_validados
ascenty-vinhedo,Vinhedo,SP,3556701,2010,10 anos ou mais,Sem instrução e fundamental incompleto,21395.0,38.43,"IBGE - Censo Demografico 2010, SIDRA tabela 3540 (Pessoas de 10 anos ou mais de idade, por nivel de instrucao)",2026-09-03,sites_validados
ascenty-vinhedo,Vinhedo,SP,3556701,2010,10 anos ou mais,Superior completo,9064.0,16.28,"IBGE - Censo Demografico 2010, SIDRA tabela 3540 (Pessoas de 10 anos ou mais de idade, por nivel de instrucao)",2026-09-03,sites_validados
ascenty-vinhedo,Vinhedo,SP,3556701,2010,10 anos ou mais,Total,55674.0,100.0,"IBGE - Censo Demografico 2010, SIDRA tabela 3540 (Pessoas de 10 anos ou mais de idade, por nivel de instrucao)",2026-09-03,sites_validados
ascenty-vinhedo,Vinhedo,SP,3556701,2022,18 anos ou mais,Fundamental completo e médio incompleto,7177.0,11.9,"IBGE - Censo Demografico 2022, SIDRA tabela 10061 (Pessoas de 18 anos ou mais de idade, por nivel de instrucao)",2026-09-03,sites_validados
ascenty-vinhedo,Vinhedo,SP,3556701,2022,18 anos ou mais,Médio completo e superior incompleto,22651.0,37.55,"IBGE - Censo Demografico 2022, SIDRA tabela 10061 (Pessoas de 18 anos ou mais de idade, por nivel de instrucao)",2026-09-03,sites_validados
ascenty-vinhedo,Vinhedo,SP,3556701,2022,18 anos ou mais,Sem instrução e fundamental incompleto,11822.0,19.6,"IBGE - Censo Demografico 2022, SIDRA tabela 10061 (Pessoas de 18 anos ou mais de idade, por nivel de instrucao)",2026-09-03,sites_validados
ascenty-vinhedo,Vinhedo,SP,3556701,2022,18 anos ou mais,Superior completo,18666.0,30.95,"IBGE - Censo Demografico 2022, SIDRA tabela 10061 (Pessoas de 18 anos ou mais de idade, por nivel de instrucao)",2026-09-03,sites_validados
ascenty-vinhedo,Vinhedo,SP,3556701,2022,18 anos ou mais,Total,60317.0,100.0,"IBGE - Censo Demografico 2022, SIDRA tabela 10061 (Pessoas de 18 anos ou mais de idade, por nivel de instrucao)",2026-09-03,sites_validados
clickip-manaus,Manaus,AM,1302603,2010,10 anos ou mais,Fundamental completo e médio incompleto,260377.0,17.66,"IBGE - Censo Demografico 2010, SIDRA tabela 3540 (Pessoas de 10 anos ou mais de idade, por nivel de instrucao)",2026-09-03,sites_validados
clickip-manaus,Manaus,AM,1302603,2010,10 anos ou mais,Médio completo e superior incompleto,480697.0,32.6,"IBGE - Censo Demografico 2010, SIDRA tabela 3540 (Pessoas de 10 anos ou mais de idade, por nivel de instrucao)",2026-09-03,sites_validados
clickip-manaus,Manaus,AM,1302603,2010,10 anos ou mais,Sem instrução e fundamental incompleto,605576.0,41.07,"IBGE - Censo Demografico 2010, SIDRA tabela 3540 (Pessoas de 10 anos ou mais de idade, por nivel de instrucao)",2026-09-03,sites_validados
clickip-manaus,Manaus,AM,1302603,2010,10 anos ou mais,Superior completo,112230.0,7.61,"IBGE - Censo Demografico 2010, SIDRA tabela 3540 (Pessoas de 10 anos ou mais de idade, por nivel de instrucao)",2026-09-03,sites_validados
clickip-manaus,Manaus,AM,1302603,2010,10 anos ou mais,Total,1474404.0,100.0,"IBGE - Censo Demografico 2010, SIDRA tabela 3540 (Pessoas de 10 anos ou mais de idade, por nivel de instrucao)",2026-09-03,sites_validados
clickip-manaus,Manaus,AM,1302603,2022,18 anos ou mais,Fundamental completo e médio incompleto,246123.0,16.67,"IBGE - Censo Demografico 2022, SIDRA tabela 10061 (Pessoas de 18 anos ou mais de idade, por nivel de instrucao)",2026-09-03,sites_validados
clickip-manaus,Manaus,AM,1302603,2022,18 anos ou mais,Médio completo e superior incompleto,665518.0,45.08,"IBGE - Censo Demografico 2022, SIDRA tabela 10061 (Pessoas de 18 anos ou mais de idade, por nivel de instrucao)",2026-09-03,sites_validados
clickip-manaus,Manaus,AM,1302603,2022,18 anos ou mais,Sem instrução e fundamental incompleto,306247.0,20.75,"IBGE - Censo Demografico 2022, SIDRA tabela 10061 (Pessoas de 18 anos ou mais de idade, por nivel de instrucao)",2026-09-03,sites_validados
clickip-manaus,Manaus,AM,1302603,2022,18 anos ou mais,Superior completo,258300.0,17.5,"IBGE - Censo Demografico 2022, SIDRA tabela 10061 (Pessoas de 18 anos ou mais de idade, por nivel de instrucao)",2026-09-03,sites_validados
clickip-manaus,Manaus,AM,1302603,2022,18 anos ou mais,Total,1476189.0,100.0,"IBGE - Censo Demografico 2022, SIDRA tabela 10061 (Pessoas de 18 anos ou mais de idade, por nivel de instrucao)",2026-09-03,sites_validados
equinix-santana-parnaiba,Santana de Parnaíba,SP,3547304,2010,10 anos ou mais,Fundamental completo e médio incompleto,14857.0,16.16,"IBGE - Censo Demografico 2010, SIDRA tabela 3540 (Pessoas de 10 anos ou mais de idade, por nivel de instrucao)",2026-09-03,sites_validados
equinix-santana-parnaiba,Santana de Parnaíba,SP,3547304,2010,10 anos ou mais,Médio completo e superior incompleto,22157.0,24.1,"IBGE - Censo Demografico 2010, SIDRA tabela 3540 (Pessoas de 10 anos ou mais de idade, por nivel de instrucao)",2026-09-03,sites_validados
equinix-santana-parnaiba,Santana de Parnaíba,SP,3547304,2010,10 anos ou mais,Sem instrução e fundamental incompleto,36987.0,40.22,"IBGE - Censo Demografico 2010, SIDRA tabela 3540 (Pessoas de 10 anos ou mais de idade, por nivel de instrucao)",2026-09-03,sites_validados
equinix-santana-parnaiba,Santana de Parnaíba,SP,3547304,2010,10 anos ou mais,Superior completo,15648.0,17.02,"IBGE - Censo Demografico 2010, SIDRA tabela 3540 (Pessoas de 10 anos ou mais de idade, por nivel de instrucao)",2026-09-03,sites_validados
equinix-santana-parnaiba,Santana de Parnaíba,SP,3547304,2010,10 anos ou mais,Total,91952.0,100.0,"IBGE - Censo Demografico 2010, SIDRA tabela 3540 (Pessoas de 10 anos ou mais de idade, por nivel de instrucao)",2026-09-03,sites_validados
equinix-santana-parnaiba,Santana de Parnaíba,SP,3547304,2022,18 anos ou mais,Fundamental completo e médio incompleto,12175.0,10.62,"IBGE - Censo Demografico 2022, SIDRA tabela 10061 (Pessoas de 18 anos ou mais de idade, por nivel de instrucao)",2026-09-03,sites_validados
equinix-santana-parnaiba,Santana de Parnaíba,SP,3547304,2022,18 anos ou mais,Médio completo e superior incompleto,47163.0,41.13,"IBGE - Censo Demografico 2022, SIDRA tabela 10061 (Pessoas de 18 anos ou mais de idade, por nivel de instrucao)",2026-09-03,sites_validados
equinix-santana-parnaiba,Santana de Parnaíba,SP,3547304,2022,18 anos ou mais,Sem instrução e fundamental incompleto,20660.0,18.02,"IBGE - Censo Demografico 2022, SIDRA tabela 10061 (Pessoas de 18 anos ou mais de idade, por nivel de instrucao)",2026-09-03,sites_validados
equinix-santana-parnaiba,Santana de Parnaíba,SP,3547304,2022,18 anos ou mais,Superior completo,34672.0,30.24,"IBGE - Censo Demografico 2022, SIDRA tabela 10061 (Pessoas de 18 anos ou mais de idade, por nivel de instrucao)",2026-09-03,sites_validados
equinix-santana-parnaiba,Santana de Parnaíba,SP,3547304,2022,18 anos ou mais,Total,114669.0,100.0,"IBGE - Censo Demografico 2022, SIDRA tabela 10061 (Pessoas de 18 anos ou mais de idade, por nivel de instrucao)",2026-09-03,sites_validados
everest-goiania,Goiânia,GO,5208707,2010,10 anos ou mais,Fundamental completo e médio incompleto,205961.0,18.22,"IBGE - Censo Demografico 2010, SIDRA tabela 3540 (Pessoas de 10 anos ou mais de idade, por nivel de instrucao)",2026-09-03,sites_validados
everest-goiania,Goiânia,GO,5208707,2010,10 anos ou mais,Médio completo e superior incompleto,353371.0,31.26,"IBGE - Censo Demografico 2010, SIDRA tabela 3540 (Pessoas de 10 anos ou mais de idade, por nivel de instrucao)",2026-09-03,sites_validados
everest-goiania,Goiânia,GO,5208707,2010,10 anos ou mais,Sem instrução e fundamental incompleto,386374.0,34.18,"IBGE - Censo Demografico 2010, SIDRA tabela 3540 (Pessoas de 10 anos ou mais de idade, por nivel de instrucao)",2026-09-03,sites_validados
everest-goiania,Goiânia,GO,5208707,2010,10 anos ou mais,Superior completo,177697.0,15.72,"IBGE - Censo Demografico 2010, SIDRA tabela 3540 (Pessoas de 10 anos ou mais de idade, por nivel de instrucao)",2026-09-03,sites_validados
everest-goiania,Goiânia,GO,5208707,2010,10 anos ou mais,Total,1130523.0,100.0,"IBGE - Censo Demografico 2010, SIDRA tabela 3540 (Pessoas de 10 anos ou mais de idade, por nivel de instrucao)",2026-09-03,sites_validados
everest-goiania,Goiânia,GO,5208707,2022,18 anos ou mais,Fundamental completo e médio incompleto,157267.0,13.98,"IBGE - Censo Demografico 2022, SIDRA tabela 10061 (Pessoas de 18 anos ou mais de idade, por nivel de instrucao)",2026-09-03,sites_validados
everest-goiania,Goiânia,GO,5208707,2022,18 anos ou mais,Médio completo e superior incompleto,431886.0,38.4,"IBGE - Censo Demografico 2022, SIDRA tabela 10061 (Pessoas de 18 anos ou mais de idade, por nivel de instrucao)",2026-09-03,sites_validados
everest-goiania,Goiânia,GO,5208707,2022,18 anos ou mais,Sem instrução e fundamental incompleto,224569.0,19.97,"IBGE - Censo Demografico 2022, SIDRA tabela 10061 (Pessoas de 18 anos ou mais de idade, por nivel de instrucao)",2026-09-03,sites_validados
everest-goiania,Goiânia,GO,5208707,2022,18 anos ou mais,Superior completo,311011.0,27.65,"IBGE - Censo Demografico 2022, SIDRA tabela 10061 (Pessoas de 18 anos ou mais de idade, por nivel de instrucao)",2026-09-03,sites_validados
everest-goiania,Goiânia,GO,5208707,2022,18 anos ou mais,Total,1124734.0,100.0,"IBGE - Censo Demografico 2022, SIDRA tabela 10061 (Pessoas de 18 anos ou mais de idade, por nivel de instrucao)",2026-09-03,sites_validados
hostdime-joao-pessoa,João Pessoa,PB,2507507,2010,10 anos ou mais,Fundamental completo e médio incompleto,99045.0,15.97,"IBGE - Censo Demografico 2010, SIDRA tabela 3540 (Pessoas de 10 anos ou mais de idade, por nivel de instrucao)",2026-09-03,sites_validados
hostdime-joao-pessoa,João Pessoa,PB,2507507,2010,10 anos ou mais,Médio completo e superior incompleto,185245.0,29.87,"IBGE - Censo Demografico 2010, SIDRA tabela 3540 (Pessoas de 10 anos ou mais de idade, por nivel de instrucao)",2026-09-03,sites_validados
hostdime-joao-pessoa,João Pessoa,PB,2507507,2010,10 anos ou mais,Sem instrução e fundamental incompleto,247309.0,39.88,"IBGE - Censo Demografico 2010, SIDRA tabela 3540 (Pessoas de 10 anos ou mais de idade, por nivel de instrucao)",2026-09-03,sites_validados
hostdime-joao-pessoa,João Pessoa,PB,2507507,2010,10 anos ou mais,Superior completo,85422.0,13.77,"IBGE - Censo Demografico 2010, SIDRA tabela 3540 (Pessoas de 10 anos ou mais de idade, por nivel de instrucao)",2026-09-03,sites_validados
hostdime-joao-pessoa,João Pessoa,PB,2507507,2010,10 anos ou mais,Total,620173.0,100.0,"IBGE - Censo Demografico 2010, SIDRA tabela 3540 (Pessoas de 10 anos ou mais de idade, por nivel de instrucao)",2026-09-03,sites_validados
hostdime-joao-pessoa,João Pessoa,PB,2507507,2022,18 anos ou mais,Fundamental completo e médio incompleto,81846.0,12.8,"IBGE - Censo Demografico 2022, SIDRA tabela 10061 (Pessoas de 18 anos ou mais de idade, por nivel de instrucao)",2026-09-03,sites_validados
hostdime-joao-pessoa,João Pessoa,PB,2507507,2022,18 anos ou mais,Médio completo e superior incompleto,239946.0,37.53,"IBGE - Censo Demografico 2022, SIDRA tabela 10061 (Pessoas de 18 anos ou mais de idade, por nivel de instrucao)",2026-09-03,sites_validados
hostdime-joao-pessoa,João Pessoa,PB,2507507,2022,18 anos ou mais,Sem instrução e fundamental incompleto,148181.0,23.18,"IBGE - Censo Demografico 2022, SIDRA tabela 10061 (Pessoas de 18 anos ou mais de idade, por nivel de instrucao)",2026-09-03,sites_validados
hostdime-joao-pessoa,João Pessoa,PB,2507507,2022,18 anos ou mais,Superior completo,169317.0,26.49,"IBGE - Censo Demografico 2022, SIDRA tabela 10061 (Pessoas de 18 anos ou mais de idade, por nivel de instrucao)",2026-09-03,sites_validados
hostdime-joao-pessoa,João Pessoa,PB,2507507,2022,18 anos ou mais,Total,639290.0,100.0,"IBGE - Censo Demografico 2022, SIDRA tabela 10061 (Pessoas de 18 anos ou mais de idade, por nivel de instrucao)",2026-09-03,sites_validados
odata-hortolandia,Hortolândia,SP,3519071,2010,10 anos ou mais,Fundamental completo e médio incompleto,34864.0,21.17,"IBGE - Censo Demografico 2010, SIDRA tabela 3540 (Pessoas de 10 anos ou mais de idade, por nivel de instrucao)",2026-09-03,sites_validados
odata-hortolandia,Hortolândia,SP,3519071,2010,10 anos ou mais,Médio completo e superior incompleto,45546.0,27.66,"IBGE - Censo Demografico 2010, SIDRA tabela 3540 (Pessoas de 10 anos ou mais de idade, por nivel de instrucao)",2026-09-03,sites_validados
odata-hortolandia,Hortolândia,SP,3519071,2010,10 anos ou mais,Sem instrução e fundamental incompleto,75225.0,45.68,"IBGE - Censo Demografico 2010, SIDRA tabela 3540 (Pessoas de 10 anos ou mais de idade, por nivel de instrucao)",2026-09-03,sites_validados
odata-hortolandia,Hortolândia,SP,3519071,2010,10 anos ou mais,Superior completo,7471.0,4.54,"IBGE - Censo Demografico 2010, SIDRA tabela 3540 (Pessoas de 10 anos ou mais de idade, por nivel de instrucao)",2026-09-03,sites_validados
odata-hortolandia,Hortolândia,SP,3519071,2010,10 anos ou mais,Total,164679.0,100.0,"IBGE - Censo Demografico 2010, SIDRA tabela 3540 (Pessoas de 10 anos ou mais de idade, por nivel de instrucao)",2026-09-03,sites_validados
odata-hortolandia,Hortolândia,SP,3519071,2022,18 anos ou mais,Fundamental completo e médio incompleto,26130.0,14.42,"IBGE - Censo Demografico 2022, SIDRA tabela 10061 (Pessoas de 18 anos ou mais de idade, por nivel de instrucao)",2026-09-03,sites_validados
odata-hortolandia,Hortolândia,SP,3519071,2022,18 anos ou mais,Médio completo e superior incompleto,85712.0,47.32,"IBGE - Censo Demografico 2022, SIDRA tabela 10061 (Pessoas de 18 anos ou mais de idade, por nivel de instrucao)",2026-09-03,sites_validados
odata-hortolandia,Hortolândia,SP,3519071,2022,18 anos ou mais,Sem instrução e fundamental incompleto,43071.0,23.78,"IBGE - Censo Demografico 2022, SIDRA tabela 10061 (Pessoas de 18 anos ou mais de idade, por nivel de instrucao)",2026-09-03,sites_validados
odata-hortolandia,Hortolândia,SP,3519071,2022,18 anos ou mais,Superior completo,26231.0,14.48,"IBGE - Censo Demografico 2022, SIDRA tabela 10061 (Pessoas de 18 anos ou mais de idade, por nivel de instrucao)",2026-09-03,sites_validados
odata-hortolandia,Hortolândia,SP,3519071,2022,18 anos ou mais,Total,181144.0,100.0,"IBGE - Censo Demografico 2022, SIDRA tabela 10061 (Pessoas de 18 anos ou mais de idade, por nivel de instrucao)",2026-09-03,sites_validados
pecem-datacenter,São Gonçalo do Amarante,CE,2312403,2010,10 anos ou mais,Fundamental completo e médio incompleto,6336.0,17.25,"IBGE - Censo Demografico 2010, SIDRA tabela 3540 (Pessoas de 10 anos ou mais de idade, por nivel de instrucao)",2026-09-03,datacentermap_novo
pecem-datacenter,São Gonçalo do Amarante,CE,2312403,2010,10 anos ou mais,Médio completo e superior incompleto,8464.0,23.04,"IBGE - Censo Demografico 2010, SIDRA tabela 3540 (Pessoas de 10 anos ou mais de idade, por nivel de instrucao)",2026-09-03,datacentermap_novo
pecem-datacenter,São Gonçalo do Amarante,CE,2312403,2010,10 anos ou mais,Sem instrução e fundamental incompleto,20481.0,55.75,"IBGE - Censo Demografico 2010, SIDRA tabela 3540 (Pessoas de 10 anos ou mais de idade, por nivel de instrucao)",2026-09-03,datacentermap_novo
pecem-datacenter,São Gonçalo do Amarante,CE,2312403,2010,10 anos ou mais,Superior completo,1002.0,2.73,"IBGE - Censo Demografico 2010, SIDRA tabela 3540 (Pessoas de 10 anos ou mais de idade, por nivel de instrucao)",2026-09-03,datacentermap_novo
pecem-datacenter,São Gonçalo do Amarante,CE,2312403,2010,10 anos ou mais,Total,36737.0,100.0,"IBGE - Censo Demografico 2010, SIDRA tabela 3540 (Pessoas de 10 anos ou mais de idade, por nivel de instrucao)",2026-09-03,datacentermap_novo
pecem-datacenter,São Gonçalo do Amarante,CE,2312403,2022,18 anos ou mais,Fundamental completo e médio incompleto,6535.0,16.65,"IBGE - Censo Demografico 2022, SIDRA tabela 10061 (Pessoas de 18 anos ou mais de idade, por nivel de instrucao)",2026-09-03,datacentermap_novo
pecem-datacenter,São Gonçalo do Amarante,CE,2312403,2022,18 anos ou mais,Médio completo e superior incompleto,16256.0,41.41,"IBGE - Censo Demografico 2022, SIDRA tabela 10061 (Pessoas de 18 anos ou mais de idade, por nivel de instrucao)",2026-09-03,datacentermap_novo
pecem-datacenter,São Gonçalo do Amarante,CE,2312403,2022,18 anos ou mais,Sem instrução e fundamental incompleto,13644.0,34.76,"IBGE - Censo Demografico 2022, SIDRA tabela 10061 (Pessoas de 18 anos ou mais de idade, por nivel de instrucao)",2026-09-03,datacentermap_novo
pecem-datacenter,São Gonçalo do Amarante,CE,2312403,2022,18 anos ou mais,Superior completo,2820.0,7.18,"IBGE - Censo Demografico 2022, SIDRA tabela 10061 (Pessoas de 18 anos ou mais de idade, por nivel de instrucao)",2026-09-03,datacentermap_novo
pecem-datacenter,São Gonçalo do Amarante,CE,2312403,2022,18 anos ou mais,Total,39255.0,100.0,"IBGE - Censo Demografico 2022, SIDRA tabela 10061 (Pessoas de 18 anos ou mais de idade, por nivel de instrucao)",2026-09-03,datacentermap_novo
rtone-uberlandia,Uberlândia,MG,3170206,2010,10 anos ou mais,Fundamental completo e médio incompleto,103309.0,19.72,"IBGE - Censo Demografico 2010, SIDRA tabela 3540 (Pessoas de 10 anos ou mais de idade, por nivel de instrucao)",2026-09-03,datacentermap_novo
rtone-uberlandia,Uberlândia,MG,3170206,2010,10 anos ou mais,Médio completo e superior incompleto,141981.0,27.1,"IBGE - Censo Demografico 2010, SIDRA tabela 3540 (Pessoas de 10 anos ou mais de idade, por nivel de instrucao)",2026-09-03,datacentermap_novo
rtone-uberlandia,Uberlândia,MG,3170206,2010,10 anos ou mais,Sem instrução e fundamental incompleto,211400.0,40.35,"IBGE - Censo Demografico 2010, SIDRA tabela 3540 (Pessoas de 10 anos ou mais de idade, por nivel de instrucao)",2026-09-03,datacentermap_novo
rtone-uberlandia,Uberlândia,MG,3170206,2010,10 anos ou mais,Superior completo,64119.0,12.24,"IBGE - Censo Demografico 2010, SIDRA tabela 3540 (Pessoas de 10 anos ou mais de idade, por nivel de instrucao)",2026-09-03,datacentermap_novo
rtone-uberlandia,Uberlândia,MG,3170206,2010,10 anos ou mais,Total,523900.0,100.0,"IBGE - Censo Demografico 2010, SIDRA tabela 3540 (Pessoas de 10 anos ou mais de idade, por nivel de instrucao)",2026-09-03,datacentermap_novo
rtone-uberlandia,Uberlândia,MG,3170206,2022,18 anos ou mais,Fundamental completo e médio incompleto,89177.0,16.07,"IBGE - Censo Demografico 2022, SIDRA tabela 10061 (Pessoas de 18 anos ou mais de idade, por nivel de instrucao)",2026-09-03,datacentermap_novo
rtone-uberlandia,Uberlândia,MG,3170206,2022,18 anos ou mais,Médio completo e superior incompleto,211940.0,38.19,"IBGE - Censo Demografico 2022, SIDRA tabela 10061 (Pessoas de 18 anos ou mais de idade, por nivel de instrucao)",2026-09-03,datacentermap_novo
rtone-uberlandia,Uberlândia,MG,3170206,2022,18 anos ou mais,Sem instrução e fundamental incompleto,129731.0,23.38,"IBGE - Censo Demografico 2022, SIDRA tabela 10061 (Pessoas de 18 anos ou mais de idade, por nivel de instrucao)",2026-09-03,datacentermap_novo
rtone-uberlandia,Uberlândia,MG,3170206,2022,18 anos ou mais,Superior completo,124121.0,22.37,"IBGE - Censo Demografico 2022, SIDRA tabela 10061 (Pessoas de 18 anos ou mais de idade, por nivel de instrucao)",2026-09-03,datacentermap_novo
rtone-uberlandia,Uberlândia,MG,3170206,2022,18 anos ou mais,Total,554969.0,100.0,"IBGE - Censo Demografico 2022, SIDRA tabela 10061 (Pessoas de 18 anos ou mais de idade, por nivel de instrucao)",2026-09-03,datacentermap_novo
scala-ai-city,Eldorado do Sul,RS,4306767,2010,10 anos ou mais,Fundamental completo e médio incompleto,6718.0,23.2,"IBGE - Censo Demografico 2010, SIDRA tabela 3540 (Pessoas de 10 anos ou mais de idade, por nivel de instrucao)",2026-09-03,datacentermap_novo
scala-ai-city,Eldorado do Sul,RS,4306767,2010,10 anos ou mais,Médio completo e superior incompleto,7284.0,25.16,"IBGE - Censo Demografico 2010, SIDRA tabela 3540 (Pessoas de 10 anos ou mais de idade, por nivel de instrucao)",2026-09-03,datacentermap_novo
scala-ai-city,Eldorado do Sul,RS,4306767,2010,10 anos ou mais,Sem instrução e fundamental incompleto,13958.0,48.2,"IBGE - Censo Demografico 2010, SIDRA tabela 3540 (Pessoas de 10 anos ou mais de idade, por nivel de instrucao)",2026-09-03,datacentermap_novo
scala-ai-city,Eldorado do Sul,RS,4306767,2010,10 anos ou mais,Superior completo,910.0,3.14,"IBGE - Censo Demografico 2010, SIDRA tabela 3540 (Pessoas de 10 anos ou mais de idade, por nivel de instrucao)",2026-09-03,datacentermap_novo
scala-ai-city,Eldorado do Sul,RS,4306767,2010,10 anos ou mais,Total,28956.0,100.0,"IBGE - Censo Demografico 2010, SIDRA tabela 3540 (Pessoas de 10 anos ou mais de idade, por nivel de instrucao)",2026-09-03,datacentermap_novo
scala-ai-city,Eldorado do Sul,RS,4306767,2022,18 anos ou mais,Fundamental completo e médio incompleto,5981.0,20.37,"IBGE - Censo Demografico 2022, SIDRA tabela 10061 (Pessoas de 18 anos ou mais de idade, por nivel de instrucao)",2026-09-03,datacentermap_novo
scala-ai-city,Eldorado do Sul,RS,4306767,2022,18 anos ou mais,Médio completo e superior incompleto,10820.0,36.85,"IBGE - Censo Demografico 2022, SIDRA tabela 10061 (Pessoas de 18 anos ou mais de idade, por nivel de instrucao)",2026-09-03,datacentermap_novo
scala-ai-city,Eldorado do Sul,RS,4306767,2022,18 anos ou mais,Sem instrução e fundamental incompleto,9084.0,30.94,"IBGE - Censo Demografico 2022, SIDRA tabela 10061 (Pessoas de 18 anos ou mais de idade, por nivel de instrucao)",2026-09-03,datacentermap_novo
scala-ai-city,Eldorado do Sul,RS,4306767,2022,18 anos ou mais,Superior completo,3478.0,11.84,"IBGE - Censo Demografico 2022, SIDRA tabela 10061 (Pessoas de 18 anos ou mais de idade, por nivel de instrucao)",2026-09-03,datacentermap_novo
scala-ai-city,Eldorado do Sul,RS,4306767,2022,18 anos ou mais,Total,29363.0,100.0,"IBGE - Censo Demografico 2022, SIDRA tabela 10061 (Pessoas de 18 anos ou mais de idade, por nivel de instrucao)",2026-09-03,datacentermap_novo
scala-sgigsm01,São João de Meriti,RJ,3305109,2010,10 anos ou mais,Fundamental completo e médio incompleto,85229.0,21.59,"IBGE - Censo Demografico 2010, SIDRA tabela 3540 (Pessoas de 10 anos ou mais de idade, por nivel de instrucao)",2026-09-03,sites_validados
scala-sgigsm01,São João de Meriti,RJ,3305109,2010,10 anos ou mais,Médio completo e superior incompleto,112872.0,28.59,"IBGE - Censo Demografico 2010, SIDRA tabela 3540 (Pessoas de 10 anos ou mais de idade, por nivel de instrucao)",2026-09-03,sites_validados
scala-sgigsm01,São João de Meriti,RJ,3305109,2010,10 anos ou mais,Sem instrução e fundamental incompleto,177965.0,45.08,"IBGE - Censo Demografico 2010, SIDRA tabela 3540 (Pessoas de 10 anos ou mais de idade, por nivel de instrucao)",2026-09-03,sites_validados
scala-sgigsm01,São João de Meriti,RJ,3305109,2010,10 anos ou mais,Superior completo,15870.0,4.02,"IBGE - Censo Demografico 2010, SIDRA tabela 3540 (Pessoas de 10 anos ou mais de idade, por nivel de instrucao)",2026-09-03,sites_validados
scala-sgigsm01,São João de Meriti,RJ,3305109,2010,10 anos ou mais,Total,394810.0,100.0,"IBGE - Censo Demografico 2010, SIDRA tabela 3540 (Pessoas de 10 anos ou mais de idade, por nivel de instrucao)",2026-09-03,sites_validados
scala-sgigsm01,São João de Meriti,RJ,3305109,2022,18 anos ou mais,Fundamental completo e médio incompleto,67406.0,19.81,"IBGE - Censo Demografico 2022, SIDRA tabela 10061 (Pessoas de 18 anos ou mais de idade, por nivel de instrucao)",2026-09-03,sites_validados
scala-sgigsm01,São João de Meriti,RJ,3305109,2022,18 anos ou mais,Médio completo e superior incompleto,161623.0,47.49,"IBGE - Censo Demografico 2022, SIDRA tabela 10061 (Pessoas de 18 anos ou mais de idade, por nivel de instrucao)",2026-09-03,sites_validados
scala-sgigsm01,São João de Meriti,RJ,3305109,2022,18 anos ou mais,Sem instrução e fundamental incompleto,88606.0,26.04,"IBGE - Censo Demografico 2022, SIDRA tabela 10061 (Pessoas de 18 anos ou mais de idade, por nivel de instrucao)",2026-09-03,sites_validados
scala-sgigsm01,São João de Meriti,RJ,3305109,2022,18 anos ou mais,Superior completo,22691.0,6.67,"IBGE - Censo Demografico 2022, SIDRA tabela 10061 (Pessoas de 18 anos ou mais de idade, por nivel de instrucao)",2026-09-03,sites_validados
scala-sgigsm01,São João de Meriti,RJ,3305109,2022,18 anos ou mais,Total,340326.0,100.0,"IBGE - Censo Demografico 2022, SIDRA tabela 10061 (Pessoas de 18 anos ou mais de idade, por nivel de instrucao)",2026-09-03,sites_validados
scala-spoapa01,Porto Alegre,RS,4314902,2010,10 anos ou mais,Fundamental completo e médio incompleto,215020.0,17.25,"IBGE - Censo Demografico 2010, SIDRA tabela 3540 (Pessoas de 10 anos ou mais de idade, por nivel de instrucao)",2026-09-03,sites_validados
scala-spoapa01,Porto Alegre,RS,4314902,2010,10 anos ou mais,Médio completo e superior incompleto,378419.0,30.36,"IBGE - Censo Demografico 2010, SIDRA tabela 3540 (Pessoas de 10 anos ou mais de idade, por nivel de instrucao)",2026-09-03,sites_validados
scala-spoapa01,Porto Alegre,RS,4314902,2010,10 anos ou mais,Sem instrução e fundamental incompleto,394287.0,31.64,"IBGE - Censo Demografico 2010, SIDRA tabela 3540 (Pessoas de 10 anos ou mais de idade, por nivel de instrucao)",2026-09-03,sites_validados
scala-spoapa01,Porto Alegre,RS,4314902,2010,10 anos ou mais,Superior completo,250867.0,20.13,"IBGE - Censo Demografico 2010, SIDRA tabela 3540 (Pessoas de 10 anos ou mais de idade, por nivel de instrucao)",2026-09-03,sites_validados
scala-spoapa01,Porto Alegre,RS,4314902,2010,10 anos ou mais,Total,1246317.0,100.0,"IBGE - Censo Demografico 2010, SIDRA tabela 3540 (Pessoas de 10 anos ou mais de idade, por nivel de instrucao)",2026-09-03,sites_validados
scala-spoapa01,Porto Alegre,RS,4314902,2022,18 anos ou mais,Fundamental completo e médio incompleto,157291.0,14.64,"IBGE - Censo Demografico 2022, SIDRA tabela 10061 (Pessoas de 18 anos ou mais de idade, por nivel de instrucao)",2026-09-03,sites_validados
scala-spoapa01,Porto Alegre,RS,4314902,2022,18 anos ou mais,Médio completo e superior incompleto,372496.0,34.67,"IBGE - Censo Demografico 2022, SIDRA tabela 10061 (Pessoas de 18 anos ou mais de idade, por nivel de instrucao)",2026-09-03,sites_validados
scala-spoapa01,Porto Alegre,RS,4314902,2022,18 anos ou mais,Sem instrução e fundamental incompleto,203341.0,18.93,"IBGE - Censo Demografico 2022, SIDRA tabela 10061 (Pessoas de 18 anos ou mais de idade, por nivel de instrucao)",2026-09-03,sites_validados
scala-spoapa01,Porto Alegre,RS,4314902,2022,18 anos ou mais,Superior completo,341179.0,31.76,"IBGE - Censo Demografico 2022, SIDRA tabela 10061 (Pessoas de 18 anos ou mais de idade, por nivel de instrucao)",2026-09-03,sites_validados
scala-spoapa01,Porto Alegre,RS,4314902,2022,18 anos ou mais,Total,1074306.0,100.0,"IBGE - Censo Demografico 2022, SIDRA tabela 10061 (Pessoas de 18 anos ou mais de idade, por nivel de instrucao)",2026-09-03,sites_validados
scala-tambore,Barueri,SP,3505708,2010,10 anos ou mais,Fundamental completo e médio incompleto,38636.0,18.91,"IBGE - Censo Demografico 2010, SIDRA tabela 3540 (Pessoas de 10 anos ou mais de idade, por nivel de instrucao)",2026-09-03,sites_validados
scala-tambore,Barueri,SP,3505708,2010,10 anos ou mais,Médio completo e superior incompleto,56689.0,27.74,"IBGE - Censo Demografico 2010, SIDRA tabela 3540 (Pessoas de 10 anos ou mais de idade, por nivel de instrucao)",2026-09-03,sites_validados
scala-tambore,Barueri,SP,3505708,2010,10 anos ou mais,Sem instrução e fundamental incompleto,87413.0,42.78,"IBGE - Censo Demografico 2010, SIDRA tabela 3540 (Pessoas de 10 anos ou mais de idade, por nivel de instrucao)",2026-09-03,sites_validados
scala-tambore,Barueri,SP,3505708,2010,10 anos ou mais,Superior completo,18727.0,9.17,"IBGE - Censo Demografico 2010, SIDRA tabela 3540 (Pessoas de 10 anos ou mais de idade, por nivel de instrucao)",2026-09-03,sites_validados
scala-tambore,Barueri,SP,3505708,2010,10 anos ou mais,Total,204324.0,100.0,"IBGE - Censo Demografico 2010, SIDRA tabela 3540 (Pessoas de 10 anos ou mais de idade, por nivel de instrucao)",2026-09-03,sites_validados
scala-tambore,Barueri,SP,3505708,2022,18 anos ou mais,Fundamental completo e médio incompleto,31436.0,13.27,"IBGE - Censo Demografico 2022, SIDRA tabela 10061 (Pessoas de 18 anos ou mais de idade, por nivel de instrucao)",2026-09-03,sites_validados
scala-tambore,Barueri,SP,3505708,2022,18 anos ou mais,Médio completo e superior incompleto,111820.0,47.21,"IBGE - Censo Demografico 2022, SIDRA tabela 10061 (Pessoas de 18 anos ou mais de idade, por nivel de instrucao)",2026-09-03,sites_validados
scala-tambore,Barueri,SP,3505708,2022,18 anos ou mais,Sem instrução e fundamental incompleto,41563.0,17.55,"IBGE - Censo Demografico 2022, SIDRA tabela 10061 (Pessoas de 18 anos ou mais de idade, por nivel de instrucao)",2026-09-03,sites_validados
scala-tambore,Barueri,SP,3505708,2022,18 anos ou mais,Superior completo,52060.0,21.98,"IBGE - Censo Demografico 2022, SIDRA tabela 10061 (Pessoas de 18 anos ou mais de idade, por nivel de instrucao)",2026-09-03,sites_validados
scala-tambore,Barueri,SP,3505708,2022,18 anos ou mais,Total,236879.0,100.0,"IBGE - Censo Demografico 2022, SIDRA tabela 10061 (Pessoas de 18 anos ou mais de idade, por nivel de instrucao)",2026-09-03,sites_validados
