site_id,site_id_controle,posicao_final_rf,lat,lon,dist_ao_tratamento_km,l1_mapbiomas,l1_rf,qualidade_rf,municipio,uf,metodo_municipio,escolhido
angonap-fortaleza,ctrl-angonap-fortaleza-p01,1,-3.697276,-38.601757,16.0,0.384545,0.157896,aceitavel,Caucaia,CE,municipio_vizinho_microrregiao_ibge,True
angonap-fortaleza,ctrl-angonap-fortaleza-p02,2,-3.687907,-38.636535,20.0,0.546739,0.320163,ruim,Caucaia,CE,municipio_vizinho_microrregiao_ibge,False
angonap-fortaleza,ctrl-angonap-fortaleza-p04,3,-3.678537,-38.671312,24.0,0.778502,0.643434,ruim,Caucaia,CE,municipio_vizinho_microrregiao_ibge,False
angonap-fortaleza,ctrl-angonap-fortaleza-p03,4,-3.874498,-38.499921,16.0,0.757152,1.04496,ruim,Fortaleza,CE,mesmo_municipio,False
angonap-fortaleza,ctrl-angonap-fortaleza-p05,5,-3.909438,-38.416028,20.0,1.01116,1.154278,ruim,Aquiraz,CE,municipio_vizinho_microrregiao_ibge,False
ascenty-hortolandia,ctrl-ascenty-hortolandia-p01,1,-22.968204,-47.044123,16.0,0.056711,0.036282,bom,Campinas,SP,municipio_vizinho_microrregiao_ibge,True
ascenty-hortolandia,ctrl-ascenty-hortolandia-p02,2,-23.105342,-47.239881,24.0,0.074731,0.190452,aceitavel,Indaiatuba,SP,municipio_vizinho_microrregiao_ibge,False
ascenty-hortolandia,ctrl-ascenty-hortolandia-p04,3,-22.805632,-47.347949,20.0,0.763786,0.429363,ruim,Nova Odessa,SP,municipio_vizinho_microrregiao_ibge,False
ascenty-hortolandia,ctrl-ascenty-hortolandia-p03,4,-22.849168,-46.991023,20.0,0.62474,0.5379,ruim,Campinas,SP,municipio_vizinho_microrregiao_ibge,False
ascenty-hortolandia,ctrl-ascenty-hortolandia-p05,5,-22.751313,-46.909428,32.0,0.829956,0.841319,ruim,Pedreira,SP,municipio_vizinho_microrregiao_ibge,False
ascenty-jundiai,ctrl-ascenty-jundiai-p01,1,-23.24767,-46.74807,24.0,0.043819,0.088258,bom,Campo Limpo Paulista,SP,municipio_vizinho_microrregiao_ibge,True
ascenty-jundiai,ctrl-ascenty-jundiai-p02,2,-23.191623,-46.779248,20.0,0.075749,0.102367,aceitavel,Campo Limpo Paulista,SP,municipio_vizinho_microrregiao_ibge,False
ascenty-jundiai,ctrl-ascenty-jundiai-p03,3,-23.238371,-46.785839,20.0,0.143139,0.153118,aceitavel,Campo Limpo Paulista,SP,municipio_vizinho_microrregiao_ibge,False
ascenty-jundiai,ctrl-ascenty-jundiai-p05,4,-23.191666,-46.818319,16.0,0.28426,0.205541,ruim,Várzea Paulista,SP,municipio_vizinho_microrregiao_ibge,False
ascenty-jundiai,ctrl-ascenty-jundiai-p04,5,-23.191569,-46.740177,24.0,0.283389,0.279714,ruim,Campo Limpo Paulista,SP,municipio_vizinho_microrregiao_ibge,False
ascenty-maracanau,ctrl-ascenty-maracanau-p03,1,-3.600568,-38.840375,36.0,0.998641,0.854877,ruim,Caucaia,CE,municipio_vizinho_microrregiao_ibge,True
ascenty-maracanau,ctrl-ascenty-maracanau-p01,2,-3.886951,-38.402527,24.0,0.825042,0.86213,ruim,Aquiraz,CE,municipio_vizinho_microrregiao_ibge,False
ascenty-maracanau,ctrl-ascenty-maracanau-p04,3,-3.939302,-38.424103,24.0,1.087334,0.937346,ruim,Aquiraz,CE,municipio_vizinho_microrregiao_ibge,False
ascenty-maracanau,ctrl-ascenty-maracanau-p05,4,-3.642835,-38.719267,24.0,1.125923,0.954365,ruim,Caucaia,CE,municipio_vizinho_microrregiao_ibge,False
ascenty-maracanau,ctrl-ascenty-maracanau-p02,5,-3.975458,-38.361708,32.0,0.904176,1.035817,ruim,Aquiraz,CE,municipio_vizinho_microrregiao_ibge,False
ascenty-osasco,ctrl-ascenty-osasco-p01,1,-23.529577,-46.928574,16.0,0.305542,0.265934,ruim,Itapevi,SP,municipio_vizinho_microrregiao_ibge,True
ascenty-osasco,ctrl-ascenty-osasco-p02,2,-23.538883,-46.966423,20.0,0.74907,0.669814,ruim,Itapevi,SP,municipio_vizinho_microrregiao_ibge,False
ascenty-osasco,ctrl-ascenty-osasco-p03,3,-23.600476,-46.980876,24.0,1.009803,0.861631,ruim,Itapevi,SP,municipio_vizinho_microrregiao_ibge,False
ascenty-osasco,ctrl-ascenty-osasco-p04,4,-23.317817,-46.827841,20.0,1.122202,0.988593,ruim,Cajamar,SP,municipio_vizinho_microrregiao_ibge,False
ascenty-osasco,ctrl-ascenty-osasco-p05,5,-23.335835,-46.875015,20.0,1.133204,1.015477,ruim,Cajamar,SP,municipio_vizinho_microrregiao_ibge,False
ascenty-paulinia,ctrl-ascenty-paulinia-p02,1,-22.707019,-47.303129,20.0,0.281958,0.072125,bom,Americana,SP,municipio_vizinho_microrregiao_ibge,True
ascenty-paulinia,ctrl-ascenty-paulinia-p01,2,-22.725111,-47.269431,16.0,0.202575,0.163418,aceitavel,Americana,SP,municipio_vizinho_microrregiao_ibge,False
ascenty-paulinia,ctrl-ascenty-paulinia-p03,3,-22.669644,-46.996939,20.0,0.285587,0.40592,ruim,Jaguariúna,SP,municipio_vizinho_microrregiao_ibge,False
ascenty-paulinia,ctrl-ascenty-paulinia-p04,4,-22.695207,-47.02444,16.0,0.308093,0.480156,ruim,Jaguariúna,SP,municipio_vizinho_microrregiao_ibge,False
ascenty-paulinia,ctrl-ascenty-paulinia-p05,5,-22.707019,-46.965966,20.0,0.314155,0.512537,ruim,Jaguariúna,SP,municipio_vizinho_microrregiao_ibge,False
ascenty-sumare,ctrl-ascenty-sumare-p01,1,-23.059824,-47.220048,28.0,0.256018,0.411088,ruim,Indaiatuba,SP,municipio_vizinho_microrregiao_ibge,True
ascenty-sumare,ctrl-ascenty-sumare-p05,2,-23.16818,-47.220048,40.0,0.618218,0.432549,ruim,Indaiatuba,SP,municipio_vizinho_microrregiao_ibge,False
ascenty-sumare,ctrl-ascenty-sumare-p02,3,-22.806867,-47.025245,20.0,0.403619,0.498082,ruim,Campinas,SP,municipio_vizinho_microrregiao_ibge,False
ascenty-sumare,ctrl-ascenty-sumare-p03,4,-23.051193,-47.149335,28.0,0.473628,0.546875,ruim,Indaiatuba,SP,municipio_vizinho_microrregiao_ibge,False
ascenty-sumare,ctrl-ascenty-sumare-p04,5,-22.68039,-46.984079,28.0,0.493112,0.547032,ruim,Jaguariúna,SP,municipio_vizinho_microrregiao_ibge,False
ascenty-vinhedo,ctrl-ascenty-vinhedo-p02,1,-22.817167,-47.011893,28.0,0.273312,0.131596,aceitavel,Campinas,SP,municipio_vizinho_microrregiao_ibge,True
ascenty-vinhedo,ctrl-ascenty-vinhedo-p01,2,-22.895553,-46.961441,20.0,0.249694,0.236028,ruim,Campinas,SP,municipio_vizinho_microrregiao_ibge,False
ascenty-vinhedo,ctrl-ascenty-vinhedo-p04,3,-22.708806,-47.011893,40.0,0.336807,0.263263,ruim,Jaguariúna,SP,municipio_vizinho_microrregiao_ibge,False
ascenty-vinhedo,ctrl-ascenty-vinhedo-p03,4,-22.721082,-46.911119,40.0,0.299146,0.292849,ruim,Pedreira,SP,municipio_vizinho_microrregiao_ibge,False
ascenty-vinhedo,ctrl-ascenty-vinhedo-p05,5,-22.997708,-47.147045,16.0,0.359831,0.332861,ruim,Campinas,SP,municipio_vizinho_microrregiao_ibge,False
clickip-manaus,ctrl-clickip-manaus-p01,1,-3.200229,-60.239135,32.0,1.726069,1.369247,ruim,Iranduba,AM,municipio_vizinho_microrregiao_ibge,True
clickip-manaus,ctrl-clickip-manaus-p02,2,-2.838521,-59.989801,24.0,1.732993,1.375366,ruim,Manaus,AM,mesmo_municipio,False
clickip-manaus,ctrl-clickip-manaus-p05,3,-2.776032,-60.064288,32.0,1.739511,1.387735,ruim,Manaus,AM,mesmo_municipio,False
clickip-manaus,ctrl-clickip-manaus-p04,4,-3.306173,-60.133769,32.0,1.73918,1.431718,ruim,Iranduba,AM,municipio_vizinho_microrregiao_ibge,False
clickip-manaus,ctrl-clickip-manaus-p03,5,-3.055542,-60.205702,24.0,1.7355,1.622617,ruim,Manaus,AM,mesmo_municipio,False
equinix-santana-parnaiba,ctrl-equinix-santana-parnaiba-p01,1,-23.315899,-46.859912,16.0,0.610836,0.541542,ruim,Cajamar,SP,municipio_vizinho_microrregiao_ibge,True
equinix-santana-parnaiba,ctrl-equinix-santana-parnaiba-p02,2,-23.422904,-47.011133,16.0,0.780574,0.637518,ruim,Pirapora do Bom Jesus,SP,municipio_vizinho_microrregiao_ibge,False
equinix-santana-parnaiba,ctrl-equinix-santana-parnaiba-p03,3,-23.369983,-47.029321,20.0,0.831598,0.697681,ruim,Pirapora do Bom Jesus,SP,municipio_vizinho_microrregiao_ibge,False
equinix-santana-parnaiba,ctrl-equinix-santana-parnaiba-p04,4,-23.332613,-46.998195,20.0,1.114178,1.013441,ruim,Pirapora do Bom Jesus,SP,municipio_vizinho_microrregiao_ibge,False
everest-goiania,ctrl-everest-goiania-p01,1,-16.781817,-49.399659,20.0,1.090066,0.8661,ruim,Goiânia,GO,mesmo_municipio,True
everest-goiania,ctrl-everest-goiania-p02,2,-16.538107,-49.396175,24.0,1.1596,0.957678,ruim,Goianira,GO,municipio_vizinho_microrregiao_ibge,False
everest-goiania,ctrl-everest-goiania-p03,3,-16.691434,-49.049676,20.0,1.497283,1.226286,ruim,Senador Canedo,GO,municipio_vizinho_microrregiao_ibge,False
everest-goiania,ctrl-everest-goiania-p04,4,-16.36621,-49.23719,36.0,1.568497,1.328316,ruim,Nerópolis,GO,municipio_vizinho_microrregiao_ibge,False
everest-goiania,ctrl-everest-goiania-p05,5,-16.625879,-48.983701,28.0,1.579967,1.358618,ruim,Bonfinópolis,GO,municipio_vizinho_microrregiao_ibge,False
hostdime-joao-pessoa,ctrl-hostdime-joao-pessoa-p01,1,-7.257127,-34.819403,16.0,0.832959,0.655163,ruim,Conde,PB,municipio_vizinho_microrregiao_ibge,True
hostdime-joao-pessoa,ctrl-hostdime-joao-pessoa-p04,2,-6.977633,-34.894378,16.0,1.077188,0.753035,ruim,Santa Rita,PB,municipio_vizinho_microrregiao_ibge,False
hostdime-joao-pessoa,ctrl-hostdime-joao-pessoa-p03,3,-7.292063,-34.810025,20.0,0.905014,0.760091,ruim,Conde,PB,municipio_vizinho_microrregiao_ibge,False
hostdime-joao-pessoa,ctrl-hostdime-joao-pessoa-p02,4,-7.326998,-34.800646,24.0,0.884863,0.857016,ruim,Conde,PB,municipio_vizinho_microrregiao_ibge,False
hostdime-joao-pessoa,ctrl-hostdime-joao-pessoa-p05,5,-6.900366,-34.856902,24.0,1.080314,1.052406,ruim,Lucena,PB,municipio_vizinho_microrregiao_ibge,False
scala-sgigsm01,ctrl-scala-sgigsm01-p01,1,-22.872066,-43.48887,16.0,0.917307,0.862406,ruim,Rio de Janeiro,RJ,municipio_vizinho_microrregiao_ibge,True
scala-sgigsm01,ctrl-scala-sgigsm01-p03,2,-22.944134,-43.62404,32.0,1.009881,0.869063,ruim,Rio de Janeiro,RJ,municipio_vizinho_microrregiao_ibge,False
scala-sgigsm01,ctrl-scala-sgigsm01-p02,3,-22.939435,-43.394216,16.0,0.945008,0.986245,ruim,Rio de Janeiro,RJ,municipio_vizinho_microrregiao_ibge,False
scala-sgigsm01,ctrl-scala-sgigsm01-p05,4,-22.892924,-43.73041,40.0,1.341865,1.138519,ruim,Rio de Janeiro,RJ,municipio_vizinho_microrregiao_ibge,False
scala-sgigsm01,ctrl-scala-sgigsm01-p04,5,-22.799807,-43.198008,16.0,1.167666,1.376397,ruim,Rio de Janeiro,RJ,municipio_vizinho_microrregiao_ibge,False
scala-spoapa01,ctrl-scala-spoapa01-p01,1,-29.828483,-51.144592,20.0,0.628893,0.489003,ruim,Sapucaia do Sul,RS,municipio_vizinho_microrregiao_ibge,True
scala-spoapa01,ctrl-scala-spoapa01-p04,2,-30.074857,-51.341867,16.0,1.325315,0.631487,ruim,Guaíba,RS,municipio_vizinho_microrregiao_ibge,False
scala-spoapa01,ctrl-scala-spoapa01-p02,3,-29.912435,-51.018794,20.0,0.850929,0.644258,ruim,Gravataí,RS,municipio_vizinho_microrregiao_ibge,False
scala-spoapa01,ctrl-scala-spoapa01-p03,4,-30.183185,-51.198149,20.0,1.003443,0.689041,ruim,Porto Alegre,RS,mesmo_municipio,False
scala-spoapa01,ctrl-scala-spoapa01-p05,5,-30.142177,-51.155169,16.0,1.328849,0.966546,ruim,Porto Alegre,RS,mesmo_municipio,False
scala-tambore,ctrl-scala-tambore-p01,1,-23.404447,-46.982529,20.0,1.260057,1.06251,ruim,Pirapora do Bom Jesus,SP,municipio_vizinho_microrregiao_ibge,True
scala-tambore,ctrl-scala-tambore-p02,2,-23.386348,-47.016392,24.0,1.300298,1.102103,ruim,Pirapora do Bom Jesus,SP,municipio_vizinho_microrregiao_ibge,False
