id_datacenter,site_id,ponto_num,ponto_latitude,ponto_longitude,raio_hexagono_km,dist_ao_proprio_dc_km,site_tratamento_mais_proximo,dist_ao_tratamento_mais_proximo_km,contaminado
dc_1e8c6816f0,ascenty-jundiai,1,-23.224139,-47.132732,9.12,16.72,ascenty-jundiai,16.58,False
dc_1e8c6816f0,ascenty-jundiai,2,-23.265129,-47.055415,9.12,11.66,ascenty-jundiai,11.6,False
dc_1e8c6816f0,ascenty-jundiai,3,-23.347147,-47.055368,9.12,19.09,ascenty-jundiai,19.09,False
dc_1e8c6816f0,ascenty-jundiai,4,-23.388175,-47.132732,9.12,27.14,ascenty-jundiai,27.11,False
dc_1e8c6816f0,ascenty-jundiai,5,-23.347147,-47.210096,9.12,29.7,ascenty-jundiai,29.61,False
dc_1e8c6816f0,ascenty-jundiai,6,-23.265129,-47.210049,9.12,25.56,ascenty-jundiai,25.43,False
dc_211c584638,ascenty-sumare,1,-23.038853,-47.21801,5.57,24.92,odata-hortolandia,15.6,False
dc_211c584638,ascenty-sumare,2,-23.063892,-47.17086,5.57,28.03,ascenty-vinhedo,16.3,False
dc_211c584638,ascenty-sumare,3,-23.113984,-47.170843,5.57,33.52,ascenty-vinhedo,17.0,False
dc_211c584638,ascenty-sumare,4,-23.139037,-47.21801,5.57,36.01,ascenty-vinhedo,22.46,False
dc_211c584638,ascenty-sumare,5,-23.113984,-47.265177,5.57,33.66,odata-hortolandia,24.81,False
dc_211c584638,ascenty-sumare,6,-23.063892,-47.26516,5.57,28.19,odata-hortolandia,19.56,False
dc_23c0e2a666,ascenty-hortolandia,1,-23.250878,-45.96578,5.9,130.46,ascenty-osasco,87.16,False
dc_23c0e2a666,ascenty-hortolandia,2,-23.2774,-45.915757,5.9,136.22,ascenty-osasco,91.23,False
dc_23c0e2a666,ascenty-hortolandia,3,-23.33046,-45.915737,5.9,138.14,ascenty-osasco,89.86,False
dc_23c0e2a666,ascenty-hortolandia,4,-23.356998,-45.96578,5.9,134.43,ascenty-osasco,84.27,False
dc_23c0e2a666,ascenty-hortolandia,5,-23.33046,-46.015823,5.9,128.58,ascenty-osasco,79.86,False
dc_23c0e2a666,ascenty-hortolandia,6,-23.2774,-46.015803,5.9,126.52,ascenty-osasco,81.4,False
dc_2b7c5d95d1,ascenty-hortolandia,1,-23.250608,-45.96578,5.93,130.4,ascenty-osasco,87.17,False
dc_2b7c5d95d1,ascenty-hortolandia,2,-23.277265,-45.915503,5.93,136.2,ascenty-osasco,91.26,False
dc_2b7c5d95d1,ascenty-hortolandia,3,-23.330595,-45.915482,5.93,138.12,ascenty-osasco,89.88,False
dc_2b7c5d95d1,ascenty-hortolandia,4,-23.357268,-45.96578,5.93,134.39,ascenty-osasco,84.27,False
dc_2b7c5d95d1,ascenty-hortolandia,5,-23.330595,-46.016078,5.93,128.52,ascenty-osasco,79.83,False
dc_2b7c5d95d1,ascenty-hortolandia,6,-23.277265,-46.016057,5.93,126.44,ascenty-osasco,81.38,False
dc_3357273eaa,ascenty-hortolandia,1,-23.251597,-45.96578,5.82,130.53,ascenty-osasco,87.14,False
dc_3357273eaa,ascenty-hortolandia,2,-23.27776,-45.916435,5.82,136.22,ascenty-osasco,91.15,False
dc_3357273eaa,ascenty-hortolandia,3,-23.330101,-45.916416,5.82,138.12,ascenty-osasco,89.8,False
dc_3357273eaa,ascenty-hortolandia,4,-23.356279,-45.96578,5.82,134.46,ascenty-osasco,84.29,False
dc_3357273eaa,ascenty-hortolandia,5,-23.330101,-46.015144,5.82,128.69,ascenty-osasco,79.94,False
dc_3357273eaa,ascenty-hortolandia,6,-23.27776,-46.015125,5.82,126.65,ascenty-osasco,81.45,False
dc_363da00599,ascenty-osasco,1,-23.142606,-46.884119,4.72,40.16,ascenty-jundiai,10.75,False
dc_363da00599,ascenty-osasco,2,-23.163825,-46.844135,4.72,36.92,ascenty-jundiai,13.71,False
dc_363da00599,ascenty-osasco,3,-23.206273,-46.844122,4.72,32.32,ascenty-jundiai,13.45,False
dc_363da00599,ascenty-osasco,4,-23.227502,-46.884119,4.72,31.23,ascenty-jundiai,10.07,False
dc_363da00599,ascenty-osasco,5,-23.206273,-46.924116,4.72,35.01,ascenty-jundiai,5.41,True
dc_363da00599,ascenty-osasco,6,-23.163825,-46.924103,4.72,39.3,ascenty-jundiai,6.02,True
dc_541dfaf17f,ascenty-paulinia,1,-23.043868,-46.950508,4.58,33.26,ascenty-vinhedo,6.92,True
dc_541dfaf17f,ascenty-paulinia,2,-23.064458,-46.911738,4.58,37.45,ascenty-vinhedo,10.28,False
dc_541dfaf17f,ascenty-paulinia,3,-23.105647,-46.911726,4.58,41.15,ascenty-vinhedo,11.0,False
dc_541dfaf17f,ascenty-paulinia,4,-23.126246,-46.950508,4.58,41.08,ascenty-jundiai,7.66,True
dc_541dfaf17f,ascenty-paulinia,5,-23.105647,-46.98929,4.58,37.31,ascenty-vinhedo,4.58,True
dc_541dfaf17f,ascenty-paulinia,6,-23.064458,-46.989278,4.58,33.18,ascenty-vinhedo,2.4,True
dc_6fba998120,ascenty-hortolandia,1,-23.250788,-45.96578,5.91,130.5,ascenty-osasco,87.17,False
dc_6fba998120,ascenty-hortolandia,2,-23.277355,-45.915672,5.91,136.27,ascenty-osasco,91.24,False
dc_6fba998120,ascenty-hortolandia,3,-23.330505,-45.915652,5.91,138.19,ascenty-osasco,89.86,False
dc_6fba998120,ascenty-hortolandia,4,-23.357088,-45.96578,5.91,134.47,ascenty-osasco,84.27,False
dc_6fba998120,ascenty-hortolandia,5,-23.330505,-46.015908,5.91,128.61,ascenty-osasco,79.85,False
dc_6fba998120,ascenty-hortolandia,6,-23.277355,-46.015888,5.91,126.55,ascenty-osasco,81.39,False
dc_708ead2d07,scala-spoapa01,1,-25.386497,-49.273028,4.43,545.62,equinix-santana-parnaiba,324.65,False
dc_708ead2d07,scala-spoapa01,2,-25.406412,-49.234832,4.43,544.87,equinix-santana-parnaiba,323.19,False
dc_708ead2d07,scala-spoapa01,3,-25.446252,-49.234819,4.43,540.74,equinix-santana-parnaiba,326.12,False
dc_708ead2d07,scala-spoapa01,4,-25.466177,-49.273028,4.43,537.33,equinix-santana-parnaiba,330.46,False
dc_708ead2d07,scala-spoapa01,5,-25.446252,-49.311237,4.43,538.09,equinix-santana-parnaiba,331.89,False
dc_708ead2d07,scala-spoapa01,6,-25.406412,-49.311224,4.43,542.25,equinix-santana-parnaiba,329.01,False
dc_c81b687e80,scala-sgigsm01,1,-23.505321,-46.835509,1.76,364.83,scala-tambore,2.57,True
dc_c81b687e80,scala-sgigsm01,2,-23.513234,-46.82056,1.76,363.52,scala-tambore,2.18,True
dc_c81b687e80,scala-sgigsm01,3,-23.529062,-46.820558,1.76,363.88,scala-tambore,3.87,True
dc_c81b687e80,scala-sgigsm01,4,-23.536977,-46.835509,1.76,365.56,scala-tambore,5.2,True
dc_c81b687e80,scala-sgigsm01,5,-23.529062,-46.85046,1.76,366.87,scala-tambore,5.38,True
dc_c81b687e80,scala-sgigsm01,6,-23.513234,-46.850458,1.76,366.51,scala-tambore,4.33,True
dc_dd22938cb6,equinix-santana-parnaiba,1,-22.173942,-45.936332,6.09,171.61,ascenty-paulinia,141.32,False
dc_dd22938cb6,equinix-santana-parnaiba,2,-22.201319,-45.885103,6.09,172.1,ascenty-paulinia,144.52,False
dc_dd22938cb6,equinix-santana-parnaiba,3,-22.256087,-45.885083,6.09,167.2,ascenty-paulinia,141.83,False
dc_dd22938cb6,equinix-santana-parnaiba,4,-22.28348,-45.936332,6.09,161.63,ascenty-paulinia,135.76,False
dc_dd22938cb6,equinix-santana-parnaiba,5,-22.256087,-45.987581,6.09,161.11,ascenty-paulinia,132.35,False
dc_dd22938cb6,equinix-santana-parnaiba,6,-22.201319,-45.987561,6.09,166.19,ascenty-paulinia,135.23,False
dc_f7606e1e75,ascenty-osasco,1,-23.141167,-46.884119,4.88,40.19,ascenty-jundiai,10.83,False
dc_f7606e1e75,ascenty-osasco,2,-23.163105,-46.842779,4.88,36.84,ascenty-jundiai,13.86,False
dc_f7606e1e75,ascenty-osasco,3,-23.206992,-46.842766,4.88,32.08,ascenty-jundiai,13.6,False
dc_f7606e1e75,ascenty-osasco,4,-23.228941,-46.884119,4.88,30.97,ascenty-jundiai,10.14,False
dc_f7606e1e75,ascenty-osasco,5,-23.206992,-46.925472,4.88,34.89,ascenty-jundiai,5.31,True
dc_f7606e1e75,ascenty-osasco,6,-23.163105,-46.925459,4.88,39.32,ascenty-jundiai,5.95,True
