pareado_com,site_id,tipo,zona,sensor,ano,t_relativo,footprint_excluido,pixels_validos,pct_construida
angonap-fortaleza,ctrl-angonap-fortaleza-p01,controle,0-0.5km,landsat,2014,-3,False,886,52.0316
angonap-fortaleza,ctrl-angonap-fortaleza-p01,controle,0-0.5km,landsat,2015,-2,False,886,48.6456
angonap-fortaleza,ctrl-angonap-fortaleza-p01,controle,0-0.5km,landsat,2016,-1,False,886,53.8375
angonap-fortaleza,ctrl-angonap-fortaleza-p01,controle,0-0.5km,landsat,2017,0,False,886,51.9187
angonap-fortaleza,ctrl-angonap-fortaleza-p01,controle,0-0.5km,landsat,2018,1,False,886,52.0316
angonap-fortaleza,ctrl-angonap-fortaleza-p01,controle,0-0.5km,landsat,2019,2,False,886,49.8871
angonap-fortaleza,ctrl-angonap-fortaleza-p01,controle,0-0.5km,landsat,2020,3,False,886,49.6614
angonap-fortaleza,ctrl-angonap-fortaleza-p01,controle,0.5-1km,landsat,2014,-3,False,2636,27.9211
angonap-fortaleza,ctrl-angonap-fortaleza-p01,controle,0.5-1km,landsat,2015,-2,False,2629,26.2077
angonap-fortaleza,ctrl-angonap-fortaleza-p01,controle,0.5-1km,landsat,2016,-1,False,2642,27.7441
angonap-fortaleza,ctrl-angonap-fortaleza-p01,controle,0.5-1km,landsat,2017,0,False,2642,28.3119
angonap-fortaleza,ctrl-angonap-fortaleza-p01,controle,0.5-1km,landsat,2018,1,False,2642,27.7063
angonap-fortaleza,ctrl-angonap-fortaleza-p01,controle,0.5-1km,landsat,2019,2,False,2642,25.3974
angonap-fortaleza,ctrl-angonap-fortaleza-p01,controle,0.5-1km,landsat,2020,3,False,2642,27.9334
angonap-fortaleza,ctrl-angonap-fortaleza-p01,controle,1-2km,landsat,2014,-3,False,10559,32.7304
angonap-fortaleza,ctrl-angonap-fortaleza-p01,controle,1-2km,landsat,2015,-2,False,10583,33.7995
angonap-fortaleza,ctrl-angonap-fortaleza-p01,controle,1-2km,landsat,2016,-1,False,10594,34.0287
angonap-fortaleza,ctrl-angonap-fortaleza-p01,controle,1-2km,landsat,2017,0,False,10596,34.2771
angonap-fortaleza,ctrl-angonap-fortaleza-p01,controle,1-2km,landsat,2018,1,False,10595,32.0057
angonap-fortaleza,ctrl-angonap-fortaleza-p01,controle,1-2km,landsat,2019,2,False,10580,28.4121
angonap-fortaleza,ctrl-angonap-fortaleza-p01,controle,1-2km,landsat,2020,3,False,10598,29.8453
angonap-fortaleza,angonap-fortaleza,tratamento,0-0.5km,landsat,2014,-3,True,864,75.1157
angonap-fortaleza,angonap-fortaleza,tratamento,0-0.5km,landsat,2015,-2,True,864,80.787
angonap-fortaleza,angonap-fortaleza,tratamento,0-0.5km,landsat,2016,-1,True,864,78.125
angonap-fortaleza,angonap-fortaleza,tratamento,0-0.5km,landsat,2017,0,True,864,73.9583
angonap-fortaleza,angonap-fortaleza,tratamento,0-0.5km,landsat,2018,1,True,864,78.8194
angonap-fortaleza,angonap-fortaleza,tratamento,0-0.5km,landsat,2019,2,True,864,74.3056
angonap-fortaleza,angonap-fortaleza,tratamento,0-0.5km,landsat,2020,3,True,864,69.3287
angonap-fortaleza,angonap-fortaleza,tratamento,0.5-1km,landsat,2014,-3,True,2652,71.644
angonap-fortaleza,angonap-fortaleza,tratamento,0.5-1km,landsat,2015,-2,True,2652,74.1327
angonap-fortaleza,angonap-fortaleza,tratamento,0.5-1km,landsat,2016,-1,True,2652,73.2278
angonap-fortaleza,angonap-fortaleza,tratamento,0.5-1km,landsat,2017,0,True,2652,72.7753
angonap-fortaleza,angonap-fortaleza,tratamento,0.5-1km,landsat,2018,1,True,2652,73.5294
angonap-fortaleza,angonap-fortaleza,tratamento,0.5-1km,landsat,2019,2,True,2652,72.2474
angonap-fortaleza,angonap-fortaleza,tratamento,0.5-1km,landsat,2020,3,True,2652,71.1161
angonap-fortaleza,angonap-fortaleza,tratamento,1-2km,landsat,2014,-3,True,10583,55.3529
angonap-fortaleza,angonap-fortaleza,tratamento,1-2km,landsat,2015,-2,True,10583,57.2805
angonap-fortaleza,angonap-fortaleza,tratamento,1-2km,landsat,2016,-1,True,10568,57.2199
angonap-fortaleza,angonap-fortaleza,tratamento,1-2km,landsat,2017,0,True,10583,56.2978
angonap-fortaleza,angonap-fortaleza,tratamento,1-2km,landsat,2018,1,True,10597,57.5352
angonap-fortaleza,angonap-fortaleza,tratamento,1-2km,landsat,2019,2,True,10589,57.182
angonap-fortaleza,angonap-fortaleza,tratamento,1-2km,landsat,2020,3,True,10583,56.6947
ascenty-hortolandia,ctrl-ascenty-hortolandia-p01,controle,0-0.5km,landsat,2015,-3,False,874,52.2883
ascenty-hortolandia,ctrl-ascenty-hortolandia-p01,controle,0-0.5km,landsat,2016,-2,False,874,49.4279
ascenty-hortolandia,ctrl-ascenty-hortolandia-p01,controle,0-0.5km,landsat,2017,-1,False,874,55.1487
ascenty-hortolandia,ctrl-ascenty-hortolandia-p01,controle,0-0.5km,landsat,2018,0,False,874,50.5721
ascenty-hortolandia,ctrl-ascenty-hortolandia-p01,controle,0-0.5km,landsat,2019,1,False,874,45.881
ascenty-hortolandia,ctrl-ascenty-hortolandia-p01,controle,0-0.5km,landsat,2020,2,False,874,45.4233
ascenty-hortolandia,ctrl-ascenty-hortolandia-p01,controle,0-0.5km,landsat,2021,3,False,874,59.1533
ascenty-hortolandia,ctrl-ascenty-hortolandia-p01,controle,0-0.5km,landsat,2022,4,False,874,48.3982
ascenty-hortolandia,ctrl-ascenty-hortolandia-p01,controle,0.5-1km,landsat,2015,-3,False,2611,33.7802
ascenty-hortolandia,ctrl-ascenty-hortolandia-p01,controle,0.5-1km,landsat,2016,-2,False,2611,31.4822
ascenty-hortolandia,ctrl-ascenty-hortolandia-p01,controle,0.5-1km,landsat,2017,-1,False,2610,35.4789
ascenty-hortolandia,ctrl-ascenty-hortolandia-p01,controle,0.5-1km,landsat,2018,0,False,2605,35.8925
ascenty-hortolandia,ctrl-ascenty-hortolandia-p01,controle,0.5-1km,landsat,2019,1,False,2611,29.8736
ascenty-hortolandia,ctrl-ascenty-hortolandia-p01,controle,0.5-1km,landsat,2020,2,False,2610,29.387
ascenty-hortolandia,ctrl-ascenty-hortolandia-p01,controle,0.5-1km,landsat,2021,3,False,2610,48.5441
ascenty-hortolandia,ctrl-ascenty-hortolandia-p01,controle,0.5-1km,landsat,2022,4,False,2611,32.7078
ascenty-hortolandia,ctrl-ascenty-hortolandia-p01,controle,1-2km,landsat,2015,-3,False,10491,24.2589
ascenty-hortolandia,ctrl-ascenty-hortolandia-p01,controle,1-2km,landsat,2016,-2,False,10432,22.4502
ascenty-hortolandia,ctrl-ascenty-hortolandia-p01,controle,1-2km,landsat,2017,-1,False,10480,26.7844
ascenty-hortolandia,ctrl-ascenty-hortolandia-p01,controle,1-2km,landsat,2018,0,False,10329,22.2868
ascenty-hortolandia,ctrl-ascenty-hortolandia-p01,controle,1-2km,landsat,2019,1,False,10490,21.4204
ascenty-hortolandia,ctrl-ascenty-hortolandia-p01,controle,1-2km,landsat,2020,2,False,10488,19.632
ascenty-hortolandia,ctrl-ascenty-hortolandia-p01,controle,1-2km,landsat,2021,3,False,10488,32.3799
ascenty-hortolandia,ctrl-ascenty-hortolandia-p01,controle,1-2km,landsat,2022,4,False,10491,23.6107
ascenty-hortolandia,ascenty-hortolandia,tratamento,0-0.5km,landsat,2015,-3,True,693,63.4921
ascenty-hortolandia,ascenty-hortolandia,tratamento,0-0.5km,landsat,2016,-2,True,693,66.3781
ascenty-hortolandia,ascenty-hortolandia,tratamento,0-0.5km,landsat,2017,-1,True,693,65.6566
ascenty-hortolandia,ascenty-hortolandia,tratamento,0-0.5km,landsat,2018,0,True,693,70.7071
ascenty-hortolandia,ascenty-hortolandia,tratamento,0-0.5km,landsat,2019,1,True,693,70.1299
ascenty-hortolandia,ascenty-hortolandia,tratamento,0-0.5km,landsat,2020,2,True,693,62.9149
ascenty-hortolandia,ascenty-hortolandia,tratamento,0-0.5km,landsat,2021,3,True,693,66.811
ascenty-hortolandia,ascenty-hortolandia,tratamento,0-0.5km,landsat,2022,4,True,693,70.2742
ascenty-hortolandia,ascenty-hortolandia,tratamento,0.5-1km,landsat,2015,-3,True,2618,72.4981
ascenty-hortolandia,ascenty-hortolandia,tratamento,0.5-1km,landsat,2016,-2,True,2618,74.026
ascenty-hortolandia,ascenty-hortolandia,tratamento,0.5-1km,landsat,2017,-1,True,2618,74.3697
ascenty-hortolandia,ascenty-hortolandia,tratamento,0.5-1km,landsat,2018,0,True,2618,74.3697
ascenty-hortolandia,ascenty-hortolandia,tratamento,0.5-1km,landsat,2019,1,True,2618,72.0779
ascenty-hortolandia,ascenty-hortolandia,tratamento,0.5-1km,landsat,2020,2,True,2618,71.9251
ascenty-hortolandia,ascenty-hortolandia,tratamento,0.5-1km,landsat,2021,3,True,2618,75.6684
ascenty-hortolandia,ascenty-hortolandia,tratamento,0.5-1km,landsat,2022,4,True,2618,75.0191
ascenty-hortolandia,ascenty-hortolandia,tratamento,1-2km,landsat,2015,-3,True,10479,60.5783
ascenty-hortolandia,ascenty-hortolandia,tratamento,1-2km,landsat,2016,-2,True,10479,62.3914
ascenty-hortolandia,ascenty-hortolandia,tratamento,1-2km,landsat,2017,-1,True,10479,62.735
ascenty-hortolandia,ascenty-hortolandia,tratamento,1-2km,landsat,2018,0,True,10479,62.4964
ascenty-hortolandia,ascenty-hortolandia,tratamento,1-2km,landsat,2019,1,True,10479,59.8626
ascenty-hortolandia,ascenty-hortolandia,tratamento,1-2km,landsat,2020,2,True,10479,62.6014
ascenty-hortolandia,ascenty-hortolandia,tratamento,1-2km,landsat,2021,3,True,10479,67.0102
ascenty-hortolandia,ascenty-hortolandia,tratamento,1-2km,landsat,2022,4,True,10479,65.2066
ascenty-jundiai,ctrl-ascenty-jundiai-p01,controle,0-0.5km,landsat,2016,-3,False,875,18.9714
ascenty-jundiai,ctrl-ascenty-jundiai-p01,controle,0-0.5km,landsat,2017,-2,False,875,24.2286
ascenty-jundiai,ctrl-ascenty-jundiai-p01,controle,0-0.5km,landsat,2018,-1,False,875,31.4286
ascenty-jundiai,ctrl-ascenty-jundiai-p01,controle,0-0.5km,landsat,2019,0,False,875,32.9143
ascenty-jundiai,ctrl-ascenty-jundiai-p01,controle,0-0.5km,landsat,2020,1,False,875,27.7714
ascenty-jundiai,ctrl-ascenty-jundiai-p01,controle,0-0.5km,landsat,2021,2,False,875,36.8
ascenty-jundiai,ctrl-ascenty-jundiai-p01,controle,0-0.5km,landsat,2022,3,False,875,24.6857
ascenty-jundiai,ctrl-ascenty-jundiai-p01,controle,0.5-1km,landsat,2016,-3,False,2628,32.1157
ascenty-jundiai,ctrl-ascenty-jundiai-p01,controle,0.5-1km,landsat,2017,-2,False,2628,34.6651
ascenty-jundiai,ctrl-ascenty-jundiai-p01,controle,0.5-1km,landsat,2018,-1,False,2628,34.0563
ascenty-jundiai,ctrl-ascenty-jundiai-p01,controle,0.5-1km,landsat,2019,0,False,2628,29.9848
ascenty-jundiai,ctrl-ascenty-jundiai-p01,controle,0.5-1km,landsat,2020,1,False,2628,31.3927
ascenty-jundiai,ctrl-ascenty-jundiai-p01,controle,0.5-1km,landsat,2021,2,False,2628,41.933
ascenty-jundiai,ctrl-ascenty-jundiai-p01,controle,0.5-1km,landsat,2022,3,False,2628,32.8006
ascenty-jundiai,ctrl-ascenty-jundiai-p01,controle,1-2km,landsat,2016,-3,False,10458,33.4863
ascenty-jundiai,ctrl-ascenty-jundiai-p01,controle,1-2km,landsat,2017,-2,False,10458,34.978
ascenty-jundiai,ctrl-ascenty-jundiai-p01,controle,1-2km,landsat,2018,-1,False,10458,32.5014
ascenty-jundiai,ctrl-ascenty-jundiai-p01,controle,1-2km,landsat,2019,0,False,10458,30.4743
ascenty-jundiai,ctrl-ascenty-jundiai-p01,controle,1-2km,landsat,2020,1,False,10458,29.5659
ascenty-jundiai,ctrl-ascenty-jundiai-p01,controle,1-2km,landsat,2021,2,False,10458,40.8682
ascenty-jundiai,ctrl-ascenty-jundiai-p01,controle,1-2km,landsat,2022,3,False,10458,34.3278
ascenty-jundiai,ascenty-jundiai,tratamento,0-0.5km,landsat,2016,-3,True,855,46.3158
ascenty-jundiai,ascenty-jundiai,tratamento,0-0.5km,landsat,2017,-2,True,855,50.9942
ascenty-jundiai,ascenty-jundiai,tratamento,0-0.5km,landsat,2018,-1,True,855,51.462
ascenty-jundiai,ascenty-jundiai,tratamento,0-0.5km,landsat,2019,0,True,855,50.8772
ascenty-jundiai,ascenty-jundiai,tratamento,0-0.5km,landsat,2020,1,True,855,49.5906
ascenty-jundiai,ascenty-jundiai,tratamento,0-0.5km,landsat,2021,2,True,855,53.5673
ascenty-jundiai,ascenty-jundiai,tratamento,0-0.5km,landsat,2022,3,True,855,51.2281
ascenty-jundiai,ascenty-jundiai,tratamento,0.5-1km,landsat,2016,-3,True,2609,44.1165
ascenty-jundiai,ascenty-jundiai,tratamento,0.5-1km,landsat,2017,-2,True,2609,46.3013
ascenty-jundiai,ascenty-jundiai,tratamento,0.5-1km,landsat,2018,-1,True,2609,44.2315
ascenty-jundiai,ascenty-jundiai,tratamento,0.5-1km,landsat,2019,0,True,2609,46.6079
ascenty-jundiai,ascenty-jundiai,tratamento,0.5-1km,landsat,2020,1,True,2598,47.729
ascenty-jundiai,ascenty-jundiai,tratamento,0.5-1km,landsat,2021,2,True,2608,50.7285
ascenty-jundiai,ascenty-jundiai,tratamento,0.5-1km,landsat,2022,3,True,2609,52.0889
ascenty-jundiai,ascenty-jundiai,tratamento,1-2km,landsat,2016,-3,True,10493,30.0581
ascenty-jundiai,ascenty-jundiai,tratamento,1-2km,landsat,2017,-2,True,10493,30.8396
ascenty-jundiai,ascenty-jundiai,tratamento,1-2km,landsat,2018,-1,True,10457,29.5687
ascenty-jundiai,ascenty-jundiai,tratamento,1-2km,landsat,2019,0,True,10493,28.2093
ascenty-jundiai,ascenty-jundiai,tratamento,1-2km,landsat,2020,1,True,10493,28.1712
ascenty-jundiai,ascenty-jundiai,tratamento,1-2km,landsat,2021,2,True,10493,32.3073
ascenty-jundiai,ascenty-jundiai,tratamento,1-2km,landsat,2022,3,True,10493,31.8022
ascenty-maracanau,ctrl-ascenty-maracanau-p03,controle,0-0.5km,landsat,2013,-1,False,884,12.6697
ascenty-maracanau,ctrl-ascenty-maracanau-p03,controle,0-0.5km,landsat,2014,0,False,884,10.0679
ascenty-maracanau,ctrl-ascenty-maracanau-p03,controle,0-0.5km,landsat,2015,1,False,884,10.6335
ascenty-maracanau,ctrl-ascenty-maracanau-p03,controle,0-0.5km,landsat,2016,2,False,884,8.4842
ascenty-maracanau,ctrl-ascenty-maracanau-p03,controle,0-0.5km,landsat,2017,3,False,884,8.5973
ascenty-maracanau,ctrl-ascenty-maracanau-p03,controle,0.5-1km,landsat,2013,-1,False,2647,1.4734
ascenty-maracanau,ctrl-ascenty-maracanau-p03,controle,0.5-1km,landsat,2014,0,False,2647,0.9067
ascenty-maracanau,ctrl-ascenty-maracanau-p03,controle,0.5-1km,landsat,2015,1,False,2647,1.4734
ascenty-maracanau,ctrl-ascenty-maracanau-p03,controle,0.5-1km,landsat,2016,2,False,2647,1.0578
ascenty-maracanau,ctrl-ascenty-maracanau-p03,controle,0.5-1km,landsat,2017,3,False,2647,1.5111
ascenty-maracanau,ctrl-ascenty-maracanau-p03,controle,1-2km,landsat,2013,-1,False,10586,10.75
ascenty-maracanau,ctrl-ascenty-maracanau-p03,controle,1-2km,landsat,2014,0,False,10586,8.908
ascenty-maracanau,ctrl-ascenty-maracanau-p03,controle,1-2km,landsat,2015,1,False,10586,12.2237
ascenty-maracanau,ctrl-ascenty-maracanau-p03,controle,1-2km,landsat,2016,2,False,10586,12.5543
ascenty-maracanau,ctrl-ascenty-maracanau-p03,controle,1-2km,landsat,2017,3,False,10586,13.8296
ascenty-maracanau,ascenty-maracanau,tratamento,0-0.5km,landsat,2013,-1,True,855,80.117
ascenty-maracanau,ascenty-maracanau,tratamento,0-0.5km,landsat,2014,0,True,716,81.5642
ascenty-maracanau,ascenty-maracanau,tratamento,0-0.5km,landsat,2015,1,True,847,88.6659
ascenty-maracanau,ascenty-maracanau,tratamento,0-0.5km,landsat,2016,2,True,866,87.8753
ascenty-maracanau,ascenty-maracanau,tratamento,0-0.5km,landsat,2017,3,True,866,88.4527
ascenty-maracanau,ascenty-maracanau,tratamento,0.5-1km,landsat,2013,-1,True,2642,54.4285
ascenty-maracanau,ascenty-maracanau,tratamento,0.5-1km,landsat,2014,0,True,2642,58.2513
ascenty-maracanau,ascenty-maracanau,tratamento,0.5-1km,landsat,2015,1,True,2642,62.0363
ascenty-maracanau,ascenty-maracanau,tratamento,0.5-1km,landsat,2016,2,True,2642,64.383
ascenty-maracanau,ascenty-maracanau,tratamento,0.5-1km,landsat,2017,3,True,2642,66.5026
ascenty-maracanau,ascenty-maracanau,tratamento,1-2km,landsat,2013,-1,True,10605,60.7166
ascenty-maracanau,ascenty-maracanau,tratamento,1-2km,landsat,2014,0,True,10604,62.5802
ascenty-maracanau,ascenty-maracanau,tratamento,1-2km,landsat,2015,1,True,10599,63.7136
ascenty-maracanau,ascenty-maracanau,tratamento,1-2km,landsat,2016,2,True,10605,67.4116
ascenty-maracanau,ascenty-maracanau,tratamento,1-2km,landsat,2017,3,True,10605,68.8449
ascenty-osasco,ctrl-ascenty-osasco-p01,controle,0-0.5km,landsat,2017,-3,False,861,87.2242
ascenty-osasco,ctrl-ascenty-osasco-p01,controle,0-0.5km,landsat,2018,-2,False,764,84.4241
ascenty-osasco,ctrl-ascenty-osasco-p01,controle,0-0.5km,landsat,2019,-1,False,869,83.3142
ascenty-osasco,ctrl-ascenty-osasco-p01,controle,0-0.5km,landsat,2020,0,False,781,84.8912
ascenty-osasco,ctrl-ascenty-osasco-p01,controle,0-0.5km,landsat,2021,1,False,874,86.7277
ascenty-osasco,ctrl-ascenty-osasco-p01,controle,0-0.5km,landsat,2022,2,False,874,86.7277
ascenty-osasco,ctrl-ascenty-osasco-p01,controle,0-0.5km,landsat,2023,3,False,874,84.7826
ascenty-osasco,ctrl-ascenty-osasco-p01,controle,0.5-1km,landsat,2017,-3,False,2616,73.7385
ascenty-osasco,ctrl-ascenty-osasco-p01,controle,0.5-1km,landsat,2018,-2,False,2606,68.9179
ascenty-osasco,ctrl-ascenty-osasco-p01,controle,0.5-1km,landsat,2019,-1,False,2616,67.737
ascenty-osasco,ctrl-ascenty-osasco-p01,controle,0.5-1km,landsat,2020,0,False,2549,73.3229
ascenty-osasco,ctrl-ascenty-osasco-p01,controle,0.5-1km,landsat,2021,1,False,2615,73.1931
ascenty-osasco,ctrl-ascenty-osasco-p01,controle,0.5-1km,landsat,2022,2,False,2618,72.5745
ascenty-osasco,ctrl-ascenty-osasco-p01,controle,0.5-1km,landsat,2023,3,False,2616,67.4312
ascenty-osasco,ctrl-ascenty-osasco-p01,controle,1-2km,landsat,2017,-3,False,10456,78.5865
ascenty-osasco,ctrl-ascenty-osasco-p01,controle,1-2km,landsat,2018,-2,False,10467,78.2173
ascenty-osasco,ctrl-ascenty-osasco-p01,controle,1-2km,landsat,2019,-1,False,10467,76.8224
ascenty-osasco,ctrl-ascenty-osasco-p01,controle,1-2km,landsat,2020,0,False,10276,77.5204
ascenty-osasco,ctrl-ascenty-osasco-p01,controle,1-2km,landsat,2021,1,False,10460,78.7763
ascenty-osasco,ctrl-ascenty-osasco-p01,controle,1-2km,landsat,2022,2,False,10471,78.2924
ascenty-osasco,ctrl-ascenty-osasco-p01,controle,1-2km,landsat,2023,3,False,10432,77.1568
ascenty-osasco,ascenty-osasco,tratamento,0-0.5km,landsat,2017,-3,True,855,82.4561
ascenty-osasco,ascenty-osasco,tratamento,0-0.5km,landsat,2018,-2,True,855,78.9474
ascenty-osasco,ascenty-osasco,tratamento,0-0.5km,landsat,2019,-1,True,855,75.9064
ascenty-osasco,ascenty-osasco,tratamento,0-0.5km,landsat,2020,0,True,855,80.117
ascenty-osasco,ascenty-osasco,tratamento,0-0.5km,landsat,2021,1,True,855,84.7953
ascenty-osasco,ascenty-osasco,tratamento,0-0.5km,landsat,2022,2,True,855,80.3509
ascenty-osasco,ascenty-osasco,tratamento,0-0.5km,landsat,2023,3,True,846,82.2695
ascenty-osasco,ascenty-osasco,tratamento,0.5-1km,landsat,2017,-3,True,2618,84.7976
ascenty-osasco,ascenty-osasco,tratamento,0.5-1km,landsat,2018,-2,True,2618,83.3079
ascenty-osasco,ascenty-osasco,tratamento,0.5-1km,landsat,2019,-1,True,2618,81.7036
ascenty-osasco,ascenty-osasco,tratamento,0.5-1km,landsat,2020,0,True,2618,83.7662
ascenty-osasco,ascenty-osasco,tratamento,0.5-1km,landsat,2021,1,True,2618,87.1276
ascenty-osasco,ascenty-osasco,tratamento,0.5-1km,landsat,2022,2,True,2618,84.5684
ascenty-osasco,ascenty-osasco,tratamento,0.5-1km,landsat,2023,3,True,2618,82.3911
ascenty-osasco,ascenty-osasco,tratamento,1-2km,landsat,2017,-3,True,10470,88.3477
ascenty-osasco,ascenty-osasco,tratamento,1-2km,landsat,2018,-2,True,10470,88.2999
ascenty-osasco,ascenty-osasco,tratamento,1-2km,landsat,2019,-1,True,10470,87.0296
ascenty-osasco,ascenty-osasco,tratamento,1-2km,landsat,2020,0,True,10470,88.5387
ascenty-osasco,ascenty-osasco,tratamento,1-2km,landsat,2021,1,True,10470,90.8023
ascenty-osasco,ascenty-osasco,tratamento,1-2km,landsat,2022,2,True,10470,90.0669
ascenty-osasco,ascenty-osasco,tratamento,1-2km,landsat,2023,3,True,10449,88.6018
ascenty-paulinia,ctrl-ascenty-paulinia-p02,controle,0-0.5km,landsat,2016,-3,False,871,72.9047
ascenty-paulinia,ctrl-ascenty-paulinia-p02,controle,0-0.5km,landsat,2017,-2,False,871,73.8232
ascenty-paulinia,ctrl-ascenty-paulinia-p02,controle,0-0.5km,landsat,2018,-1,False,871,70.4937
ascenty-paulinia,ctrl-ascenty-paulinia-p02,controle,0-0.5km,landsat,2019,0,False,871,71.2974
ascenty-paulinia,ctrl-ascenty-paulinia-p02,controle,0-0.5km,landsat,2020,1,False,871,73.8232
ascenty-paulinia,ctrl-ascenty-paulinia-p02,controle,0-0.5km,landsat,2021,2,False,871,76.2342
ascenty-paulinia,ctrl-ascenty-paulinia-p02,controle,0-0.5km,landsat,2022,3,False,871,76.8083
ascenty-paulinia,ctrl-ascenty-paulinia-p02,controle,0.5-1km,landsat,2016,-3,False,2627,53.6734
ascenty-paulinia,ctrl-ascenty-paulinia-p02,controle,0.5-1km,landsat,2017,-2,False,2627,54.8534
ascenty-paulinia,ctrl-ascenty-paulinia-p02,controle,0.5-1km,landsat,2018,-1,False,2627,52.4933
ascenty-paulinia,ctrl-ascenty-paulinia-p02,controle,0.5-1km,landsat,2019,0,False,2627,51.5797
ascenty-paulinia,ctrl-ascenty-paulinia-p02,controle,0.5-1km,landsat,2020,1,False,2627,52.2269
ascenty-paulinia,ctrl-ascenty-paulinia-p02,controle,0.5-1km,landsat,2021,2,False,2627,56.0335
ascenty-paulinia,ctrl-ascenty-paulinia-p02,controle,0.5-1km,landsat,2022,3,False,2627,54.3967
ascenty-paulinia,ctrl-ascenty-paulinia-p02,controle,1-2km,landsat,2016,-3,False,10469,60.2254
ascenty-paulinia,ctrl-ascenty-paulinia-p02,controle,1-2km,landsat,2017,-2,False,10469,60.598
ascenty-paulinia,ctrl-ascenty-paulinia-p02,controle,1-2km,landsat,2018,-1,False,10469,59.2416
ascenty-paulinia,ctrl-ascenty-paulinia-p02,controle,1-2km,landsat,2019,0,False,10469,57.0351
ascenty-paulinia,ctrl-ascenty-paulinia-p02,controle,1-2km,landsat,2020,1,False,10469,58.7735
ascenty-paulinia,ctrl-ascenty-paulinia-p02,controle,1-2km,landsat,2021,2,False,10469,61.2761
ascenty-paulinia,ctrl-ascenty-paulinia-p02,controle,1-2km,landsat,2022,3,False,10469,61.6487
ascenty-paulinia,ascenty-paulinia,tratamento,0-0.5km,landsat,2016,-3,True,847,66.588
ascenty-paulinia,ascenty-paulinia,tratamento,0-0.5km,landsat,2017,-2,True,847,64.5809
ascenty-paulinia,ascenty-paulinia,tratamento,0-0.5km,landsat,2018,-1,True,847,60.0945
ascenty-paulinia,ascenty-paulinia,tratamento,0-0.5km,landsat,2019,0,True,847,70.0118
ascenty-paulinia,ascenty-paulinia,tratamento,0-0.5km,landsat,2020,1,True,847,72.8453
ascenty-paulinia,ascenty-paulinia,tratamento,0-0.5km,landsat,2021,2,True,847,73.5537
ascenty-paulinia,ascenty-paulinia,tratamento,0-0.5km,landsat,2022,3,True,847,72.6092
ascenty-paulinia,ascenty-paulinia,tratamento,0.5-1km,landsat,2016,-3,True,2610,59.5402
ascenty-paulinia,ascenty-paulinia,tratamento,0.5-1km,landsat,2017,-2,True,2610,60.2682
ascenty-paulinia,ascenty-paulinia,tratamento,0.5-1km,landsat,2018,-1,True,2610,64.4061
ascenty-paulinia,ascenty-paulinia,tratamento,0.5-1km,landsat,2019,0,True,2610,58.9655
ascenty-paulinia,ascenty-paulinia,tratamento,0.5-1km,landsat,2020,1,True,2610,62.4138
ascenty-paulinia,ascenty-paulinia,tratamento,0.5-1km,landsat,2021,2,True,2610,71.6475
ascenty-paulinia,ascenty-paulinia,tratamento,0.5-1km,landsat,2022,3,True,2610,68.0077
ascenty-paulinia,ascenty-paulinia,tratamento,1-2km,landsat,2016,-3,True,10486,45.2317
ascenty-paulinia,ascenty-paulinia,tratamento,1-2km,landsat,2017,-2,True,10486,41.6174
ascenty-paulinia,ascenty-paulinia,tratamento,1-2km,landsat,2018,-1,True,10486,40.9022
ascenty-paulinia,ascenty-paulinia,tratamento,1-2km,landsat,2019,0,True,10486,33.3015
ascenty-paulinia,ascenty-paulinia,tratamento,1-2km,landsat,2020,1,True,10486,39.6052
ascenty-paulinia,ascenty-paulinia,tratamento,1-2km,landsat,2021,2,True,10486,43.477
ascenty-paulinia,ascenty-paulinia,tratamento,1-2km,landsat,2022,3,True,10486,39.0902
ascenty-sumare,ctrl-ascenty-sumare-p01,controle,0-0.5km,landsat,2014,-3,False,874,64.5309
ascenty-sumare,ctrl-ascenty-sumare-p01,controle,0-0.5km,landsat,2015,-2,False,874,59.611
ascenty-sumare,ctrl-ascenty-sumare-p01,controle,0-0.5km,landsat,2016,-1,False,874,61.8993
ascenty-sumare,ctrl-ascenty-sumare-p01,controle,0-0.5km,landsat,2017,0,False,874,68.8787
ascenty-sumare,ctrl-ascenty-sumare-p01,controle,0-0.5km,landsat,2018,1,False,874,68.1922
ascenty-sumare,ctrl-ascenty-sumare-p01,controle,0-0.5km,landsat,2019,2,False,874,67.5057
ascenty-sumare,ctrl-ascenty-sumare-p01,controle,0-0.5km,landsat,2020,3,False,874,69.6796
ascenty-sumare,ctrl-ascenty-sumare-p01,controle,0.5-1km,landsat,2014,-3,False,2611,35.2738
ascenty-sumare,ctrl-ascenty-sumare-p01,controle,0.5-1km,landsat,2015,-2,False,2611,35.7334
ascenty-sumare,ctrl-ascenty-sumare-p01,controle,0.5-1km,landsat,2016,-1,False,2611,38.7591
ascenty-sumare,ctrl-ascenty-sumare-p01,controle,0.5-1km,landsat,2017,0,False,2611,38.5293
ascenty-sumare,ctrl-ascenty-sumare-p01,controle,0.5-1km,landsat,2018,1,False,2611,37.8016
ascenty-sumare,ctrl-ascenty-sumare-p01,controle,0.5-1km,landsat,2019,2,False,2611,36.6143
ascenty-sumare,ctrl-ascenty-sumare-p01,controle,0.5-1km,landsat,2020,3,False,2611,39.9464
ascenty-sumare,ctrl-ascenty-sumare-p01,controle,1-2km,landsat,2014,-3,False,10495,32.3583
ascenty-sumare,ctrl-ascenty-sumare-p01,controle,1-2km,landsat,2015,-2,False,10495,30.7384
ascenty-sumare,ctrl-ascenty-sumare-p01,controle,1-2km,landsat,2016,-1,False,10495,32.5584
ascenty-sumare,ctrl-ascenty-sumare-p01,controle,1-2km,landsat,2017,0,False,10495,34.2449
ascenty-sumare,ctrl-ascenty-sumare-p01,controle,1-2km,landsat,2018,1,False,10495,34.4736
ascenty-sumare,ctrl-ascenty-sumare-p01,controle,1-2km,landsat,2019,2,False,10495,33.9781
ascenty-sumare,ctrl-ascenty-sumare-p01,controle,1-2km,landsat,2020,3,False,10495,36.8461
ascenty-sumare,ascenty-sumare,tratamento,0-0.5km,landsat,2014,-3,True,842,87.4109
ascenty-sumare,ascenty-sumare,tratamento,0-0.5km,landsat,2015,-2,True,842,88.5986
ascenty-sumare,ascenty-sumare,tratamento,0-0.5km,landsat,2016,-1,True,842,90.8551
ascenty-sumare,ascenty-sumare,tratamento,0-0.5km,landsat,2017,0,True,842,91.4489
ascenty-sumare,ascenty-sumare,tratamento,0-0.5km,landsat,2018,1,True,842,90.4988
ascenty-sumare,ascenty-sumare,tratamento,0-0.5km,landsat,2019,2,True,842,91.8052
ascenty-sumare,ascenty-sumare,tratamento,0-0.5km,landsat,2020,3,True,842,91.0926
ascenty-sumare,ascenty-sumare,tratamento,0.5-1km,landsat,2014,-3,True,2560,60.2734
ascenty-sumare,ascenty-sumare,tratamento,0.5-1km,landsat,2015,-2,True,2560,58.3594
ascenty-sumare,ascenty-sumare,tratamento,0.5-1km,landsat,2016,-1,True,2560,57.9297
ascenty-sumare,ascenty-sumare,tratamento,0.5-1km,landsat,2017,0,True,2560,59.9219
ascenty-sumare,ascenty-sumare,tratamento,0.5-1km,landsat,2018,1,True,2560,60.5469
ascenty-sumare,ascenty-sumare,tratamento,0.5-1km,landsat,2019,2,True,2560,53.3984
ascenty-sumare,ascenty-sumare,tratamento,0.5-1km,landsat,2020,3,True,2560,60.3906
ascenty-sumare,ascenty-sumare,tratamento,1-2km,landsat,2014,-3,True,10476,52.4628
ascenty-sumare,ascenty-sumare,tratamento,1-2km,landsat,2015,-2,True,10476,49.5036
ascenty-sumare,ascenty-sumare,tratamento,1-2km,landsat,2016,-1,True,10476,49.685
ascenty-sumare,ascenty-sumare,tratamento,1-2km,landsat,2017,0,True,10476,51.3173
ascenty-sumare,ascenty-sumare,tratamento,1-2km,landsat,2018,1,True,10476,50.5536
ascenty-sumare,ascenty-sumare,tratamento,1-2km,landsat,2019,2,True,10476,50.5536
ascenty-sumare,ascenty-sumare,tratamento,1-2km,landsat,2020,3,True,10476,50.63
ascenty-vinhedo,ctrl-ascenty-vinhedo-p02,controle,0-0.5km,landsat,2016,-3,False,874,66.9336
ascenty-vinhedo,ctrl-ascenty-vinhedo-p02,controle,0-0.5km,landsat,2017,-2,False,874,69.222
ascenty-vinhedo,ctrl-ascenty-vinhedo-p02,controle,0-0.5km,landsat,2018,-1,False,874,65.6751
ascenty-vinhedo,ctrl-ascenty-vinhedo-p02,controle,0-0.5km,landsat,2019,0,False,874,56.9794
ascenty-vinhedo,ctrl-ascenty-vinhedo-p02,controle,0-0.5km,landsat,2020,1,False,874,56.865
ascenty-vinhedo,ctrl-ascenty-vinhedo-p02,controle,0-0.5km,landsat,2021,2,False,874,70.4805
ascenty-vinhedo,ctrl-ascenty-vinhedo-p02,controle,0-0.5km,landsat,2022,3,False,874,65.103
ascenty-vinhedo,ctrl-ascenty-vinhedo-p02,controle,0.5-1km,landsat,2016,-3,False,2615,43.7094
ascenty-vinhedo,ctrl-ascenty-vinhedo-p02,controle,0.5-1km,landsat,2017,-2,False,2615,45.086
ascenty-vinhedo,ctrl-ascenty-vinhedo-p02,controle,0.5-1km,landsat,2018,-1,False,2615,39.2734
ascenty-vinhedo,ctrl-ascenty-vinhedo-p02,controle,0.5-1km,landsat,2019,0,False,2615,37.935
ascenty-vinhedo,ctrl-ascenty-vinhedo-p02,controle,0.5-1km,landsat,2020,1,False,2615,38.3939
ascenty-vinhedo,ctrl-ascenty-vinhedo-p02,controle,0.5-1km,landsat,2021,2,False,2615,45.6979
ascenty-vinhedo,ctrl-ascenty-vinhedo-p02,controle,0.5-1km,landsat,2022,3,False,2615,45.6597
ascenty-vinhedo,ctrl-ascenty-vinhedo-p02,controle,1-2km,landsat,2016,-3,False,10483,27.4444
ascenty-vinhedo,ctrl-ascenty-vinhedo-p02,controle,1-2km,landsat,2017,-2,False,10483,28.2839
ascenty-vinhedo,ctrl-ascenty-vinhedo-p02,controle,1-2km,landsat,2018,-1,False,10483,25.0215
ascenty-vinhedo,ctrl-ascenty-vinhedo-p02,controle,1-2km,landsat,2019,0,False,10483,22.484
ascenty-vinhedo,ctrl-ascenty-vinhedo-p02,controle,1-2km,landsat,2020,1,False,10483,21.7686
ascenty-vinhedo,ctrl-ascenty-vinhedo-p02,controle,1-2km,landsat,2021,2,False,10483,26.357
ascenty-vinhedo,ctrl-ascenty-vinhedo-p02,controle,1-2km,landsat,2022,3,False,10483,27.1296
ascenty-vinhedo,ascenty-vinhedo,tratamento,0-0.5km,landsat,2016,-3,True,871,19.0586
ascenty-vinhedo,ascenty-vinhedo,tratamento,0-0.5km,landsat,2017,-2,True,871,20.3215
ascenty-vinhedo,ascenty-vinhedo,tratamento,0-0.5km,landsat,2018,-1,True,871,21.1251
ascenty-vinhedo,ascenty-vinhedo,tratamento,0-0.5km,landsat,2019,0,True,866,22.2864
ascenty-vinhedo,ascenty-vinhedo,tratamento,0-0.5km,landsat,2020,1,True,764,22.7749
ascenty-vinhedo,ascenty-vinhedo,tratamento,0-0.5km,landsat,2021,2,True,867,31.8339
ascenty-vinhedo,ascenty-vinhedo,tratamento,0-0.5km,landsat,2022,3,True,868,32.1429
ascenty-vinhedo,ascenty-vinhedo,tratamento,0.5-1km,landsat,2016,-3,True,2595,15.5684
ascenty-vinhedo,ascenty-vinhedo,tratamento,0.5-1km,landsat,2017,-2,True,2595,15.7225
ascenty-vinhedo,ascenty-vinhedo,tratamento,0.5-1km,landsat,2018,-1,True,2595,15.3372
ascenty-vinhedo,ascenty-vinhedo,tratamento,0.5-1km,landsat,2019,0,True,2595,13.5645
ascenty-vinhedo,ascenty-vinhedo,tratamento,0.5-1km,landsat,2020,1,True,2595,14.8362
ascenty-vinhedo,ascenty-vinhedo,tratamento,0.5-1km,landsat,2021,2,True,2595,15.4913
ascenty-vinhedo,ascenty-vinhedo,tratamento,0.5-1km,landsat,2022,3,True,2595,19.4605
ascenty-vinhedo,ascenty-vinhedo,tratamento,1-2km,landsat,2016,-3,True,10459,23.5491
ascenty-vinhedo,ascenty-vinhedo,tratamento,1-2km,landsat,2017,-2,True,10466,22.8741
ascenty-vinhedo,ascenty-vinhedo,tratamento,1-2km,landsat,2018,-1,True,10460,23.26
ascenty-vinhedo,ascenty-vinhedo,tratamento,1-2km,landsat,2019,0,True,10466,20.5332
ascenty-vinhedo,ascenty-vinhedo,tratamento,1-2km,landsat,2020,1,True,10466,20.686
ascenty-vinhedo,ascenty-vinhedo,tratamento,1-2km,landsat,2021,2,True,10466,21.6511
ascenty-vinhedo,ascenty-vinhedo,tratamento,1-2km,landsat,2022,3,True,10466,20.8294
clickip-manaus,ctrl-clickip-manaus-p01,controle,0-0.5km,s2,2020,-3,False,8448,0.0947
clickip-manaus,ctrl-clickip-manaus-p01,controle,0-0.5km,s2,2021,-2,False,8448,0.0237
clickip-manaus,ctrl-clickip-manaus-p01,controle,0-0.5km,s2,2022,-1,False,8448,0.0118
clickip-manaus,ctrl-clickip-manaus-p01,controle,0-0.5km,s2,2023,0,False,8448,0.0237
clickip-manaus,ctrl-clickip-manaus-p01,controle,0-0.5km,s2,2024,1,False,8448,0.071
clickip-manaus,ctrl-clickip-manaus-p01,controle,0-0.5km,s2,2025,2,False,8448,0.0118
clickip-manaus,ctrl-clickip-manaus-p01,controle,0.5-1km,s2,2020,-3,False,25294,0.4902
clickip-manaus,ctrl-clickip-manaus-p01,controle,0.5-1km,s2,2021,-2,False,25294,0.3874
clickip-manaus,ctrl-clickip-manaus-p01,controle,0.5-1km,s2,2022,-1,False,25294,0.85
clickip-manaus,ctrl-clickip-manaus-p01,controle,0.5-1km,s2,2023,0,False,25294,0.8579
clickip-manaus,ctrl-clickip-manaus-p01,controle,0.5-1km,s2,2024,1,False,25294,1.1821
clickip-manaus,ctrl-clickip-manaus-p01,controle,0.5-1km,s2,2025,2,False,25294,0.7156
clickip-manaus,ctrl-clickip-manaus-p01,controle,1-2km,s2,2020,-3,False,101161,0.8719
clickip-manaus,ctrl-clickip-manaus-p01,controle,1-2km,s2,2021,-2,False,101161,0.9638
clickip-manaus,ctrl-clickip-manaus-p01,controle,1-2km,s2,2022,-1,False,101161,1.6123
clickip-manaus,ctrl-clickip-manaus-p01,controle,1-2km,s2,2023,0,False,101161,1.4551
clickip-manaus,ctrl-clickip-manaus-p01,controle,1-2km,s2,2024,1,False,101161,1.809
clickip-manaus,ctrl-clickip-manaus-p01,controle,1-2km,s2,2025,2,False,101161,1.3869
clickip-manaus,clickip-manaus,tratamento,0-0.5km,s2,2020,-3,True,8390,52.5983
clickip-manaus,clickip-manaus,tratamento,0-0.5km,s2,2021,-2,True,8390,53.7664
clickip-manaus,clickip-manaus,tratamento,0-0.5km,s2,2022,-1,True,8390,60.0954
clickip-manaus,clickip-manaus,tratamento,0-0.5km,s2,2023,0,True,8390,60.2145
clickip-manaus,clickip-manaus,tratamento,0-0.5km,s2,2024,1,True,8390,58.534
clickip-manaus,clickip-manaus,tratamento,0-0.5km,s2,2025,2,True,8390,59.1895
clickip-manaus,clickip-manaus,tratamento,0.5-1km,s2,2020,-3,True,25242,60.3874
clickip-manaus,clickip-manaus,tratamento,0.5-1km,s2,2021,-2,True,25242,61.0055
clickip-manaus,clickip-manaus,tratamento,0.5-1km,s2,2022,-1,True,25242,62.9308
clickip-manaus,clickip-manaus,tratamento,0.5-1km,s2,2023,0,True,25242,63.6479
clickip-manaus,clickip-manaus,tratamento,0.5-1km,s2,2024,1,True,25242,64.8087
clickip-manaus,clickip-manaus,tratamento,0.5-1km,s2,2025,2,True,25242,63.4696
clickip-manaus,clickip-manaus,tratamento,1-2km,s2,2020,-3,True,100967,60.1127
clickip-manaus,clickip-manaus,tratamento,1-2km,s2,2021,-2,True,100967,61.9351
clickip-manaus,clickip-manaus,tratamento,1-2km,s2,2022,-1,True,100967,63.7604
clickip-manaus,clickip-manaus,tratamento,1-2km,s2,2023,0,True,100967,64.6063
clickip-manaus,clickip-manaus,tratamento,1-2km,s2,2024,1,True,100967,65.1589
clickip-manaus,clickip-manaus,tratamento,1-2km,s2,2025,2,True,100967,64.6716
equinix-santana-parnaiba,ctrl-equinix-santana-parnaiba-p01,controle,0-0.5km,landsat,2017,-3,False,876,13.4703
equinix-santana-parnaiba,ctrl-equinix-santana-parnaiba-p01,controle,0-0.5km,landsat,2018,-2,False,876,12.1005
equinix-santana-parnaiba,ctrl-equinix-santana-parnaiba-p01,controle,0-0.5km,landsat,2019,-1,False,876,12.3288
equinix-santana-parnaiba,ctrl-equinix-santana-parnaiba-p01,controle,0-0.5km,landsat,2020,0,False,876,12.1005
equinix-santana-parnaiba,ctrl-equinix-santana-parnaiba-p01,controle,0-0.5km,landsat,2021,1,False,876,22.1461
equinix-santana-parnaiba,ctrl-equinix-santana-parnaiba-p01,controle,0-0.5km,landsat,2022,2,False,876,14.6119
equinix-santana-parnaiba,ctrl-equinix-santana-parnaiba-p01,controle,0-0.5km,landsat,2023,3,False,876,13.3562
equinix-santana-parnaiba,ctrl-equinix-santana-parnaiba-p01,controle,0.5-1km,landsat,2017,-3,False,2608,10.9663
equinix-santana-parnaiba,ctrl-equinix-santana-parnaiba-p01,controle,0.5-1km,landsat,2018,-2,False,2608,10.1994
equinix-santana-parnaiba,ctrl-equinix-santana-parnaiba-p01,controle,0.5-1km,landsat,2019,-1,False,2608,10.046
equinix-santana-parnaiba,ctrl-equinix-santana-parnaiba-p01,controle,0.5-1km,landsat,2020,0,False,2608,10.3528
equinix-santana-parnaiba,ctrl-equinix-santana-parnaiba-p01,controle,0.5-1km,landsat,2021,1,False,2608,19.0567
equinix-santana-parnaiba,ctrl-equinix-santana-parnaiba-p01,controle,0.5-1km,landsat,2022,2,False,2608,12.5
equinix-santana-parnaiba,ctrl-equinix-santana-parnaiba-p01,controle,0.5-1km,landsat,2023,3,False,2608,11.0046
equinix-santana-parnaiba,ctrl-equinix-santana-parnaiba-p01,controle,1-2km,landsat,2017,-3,False,10480,5.3149
equinix-santana-parnaiba,ctrl-equinix-santana-parnaiba-p01,controle,1-2km,landsat,2018,-2,False,10480,5.7061
equinix-santana-parnaiba,ctrl-equinix-santana-parnaiba-p01,controle,1-2km,landsat,2019,-1,False,10480,5.3435
equinix-santana-parnaiba,ctrl-equinix-santana-parnaiba-p01,controle,1-2km,landsat,2020,0,False,10480,6.6889
equinix-santana-parnaiba,ctrl-equinix-santana-parnaiba-p01,controle,1-2km,landsat,2021,1,False,10480,7.9198
equinix-santana-parnaiba,ctrl-equinix-santana-parnaiba-p01,controle,1-2km,landsat,2022,2,False,10432,9.26
equinix-santana-parnaiba,ctrl-equinix-santana-parnaiba-p01,controle,1-2km,landsat,2023,3,False,10477,9.4493
equinix-santana-parnaiba,equinix-santana-parnaiba,tratamento,0-0.5km,landsat,2017,-3,True,738,20.8672
equinix-santana-parnaiba,equinix-santana-parnaiba,tratamento,0-0.5km,landsat,2018,-2,True,739,21.1096
equinix-santana-parnaiba,equinix-santana-parnaiba,tratamento,0-0.5km,landsat,2019,-1,True,739,20.5683
equinix-santana-parnaiba,equinix-santana-parnaiba,tratamento,0-0.5km,landsat,2020,0,True,739,23.1394
equinix-santana-parnaiba,equinix-santana-parnaiba,tratamento,0-0.5km,landsat,2021,1,True,739,24.0866
equinix-santana-parnaiba,equinix-santana-parnaiba,tratamento,0-0.5km,landsat,2022,2,True,696,22.9885
equinix-santana-parnaiba,equinix-santana-parnaiba,tratamento,0-0.5km,landsat,2023,3,True,739,24.3572
equinix-santana-parnaiba,equinix-santana-parnaiba,tratamento,0.5-1km,landsat,2017,-3,True,2614,39.671
equinix-santana-parnaiba,equinix-santana-parnaiba,tratamento,0.5-1km,landsat,2018,-2,True,2614,37.2609
equinix-santana-parnaiba,equinix-santana-parnaiba,tratamento,0.5-1km,landsat,2019,-1,True,2614,36.4193
equinix-santana-parnaiba,equinix-santana-parnaiba,tratamento,0.5-1km,landsat,2020,0,True,2614,38.2555
equinix-santana-parnaiba,equinix-santana-parnaiba,tratamento,0.5-1km,landsat,2021,1,True,2614,40.4744
equinix-santana-parnaiba,equinix-santana-parnaiba,tratamento,0.5-1km,landsat,2022,2,True,2564,40.6396
equinix-santana-parnaiba,equinix-santana-parnaiba,tratamento,0.5-1km,landsat,2023,3,True,2613,39.3035
equinix-santana-parnaiba,equinix-santana-parnaiba,tratamento,1-2km,landsat,2017,-3,True,10469,37.7495
equinix-santana-parnaiba,equinix-santana-parnaiba,tratamento,1-2km,landsat,2018,-2,True,10469,37.4343
equinix-santana-parnaiba,equinix-santana-parnaiba,tratamento,1-2km,landsat,2019,-1,True,10469,35.3711
equinix-santana-parnaiba,equinix-santana-parnaiba,tratamento,1-2km,landsat,2020,0,True,10469,36.9185
equinix-santana-parnaiba,equinix-santana-parnaiba,tratamento,1-2km,landsat,2021,1,True,10469,38.8385
equinix-santana-parnaiba,equinix-santana-parnaiba,tratamento,1-2km,landsat,2022,2,True,10469,39.2492
equinix-santana-parnaiba,equinix-santana-parnaiba,tratamento,1-2km,landsat,2023,3,True,10467,37.795
everest-goiania,ctrl-everest-goiania-p01,controle,0-0.5km,landsat,2018,-3,False,876,0.6849
everest-goiania,ctrl-everest-goiania-p01,controle,0-0.5km,landsat,2019,-2,False,876,1.0274
everest-goiania,ctrl-everest-goiania-p01,controle,0-0.5km,landsat,2020,-1,False,876,2.6256
everest-goiania,ctrl-everest-goiania-p01,controle,0-0.5km,landsat,2021,0,False,876,1.1416
everest-goiania,ctrl-everest-goiania-p01,controle,0-0.5km,landsat,2022,1,False,876,0.7991
everest-goiania,ctrl-everest-goiania-p01,controle,0-0.5km,landsat,2023,2,False,876,1.7123
everest-goiania,ctrl-everest-goiania-p01,controle,0-0.5km,landsat,2024,3,False,876,18.4932
everest-goiania,ctrl-everest-goiania-p01,controle,0.5-1km,landsat,2018,-3,False,2635,3.4156
everest-goiania,ctrl-everest-goiania-p01,controle,0.5-1km,landsat,2019,-2,False,2635,7.2865
everest-goiania,ctrl-everest-goiania-p01,controle,0.5-1km,landsat,2020,-1,False,2635,2.2391
everest-goiania,ctrl-everest-goiania-p01,controle,0.5-1km,landsat,2021,0,False,2635,4.7059
everest-goiania,ctrl-everest-goiania-p01,controle,0.5-1km,landsat,2022,1,False,2635,5.0854
everest-goiania,ctrl-everest-goiania-p01,controle,0.5-1km,landsat,2023,2,False,2635,5.4649
everest-goiania,ctrl-everest-goiania-p01,controle,0.5-1km,landsat,2024,3,False,2635,11.8786
everest-goiania,ctrl-everest-goiania-p01,controle,1-2km,landsat,2018,-3,False,10509,20.5348
everest-goiania,ctrl-everest-goiania-p01,controle,1-2km,landsat,2019,-2,False,10509,24.4077
everest-goiania,ctrl-everest-goiania-p01,controle,1-2km,landsat,2020,-1,False,10509,20.354
everest-goiania,ctrl-everest-goiania-p01,controle,1-2km,landsat,2021,0,False,10509,24.1983
everest-goiania,ctrl-everest-goiania-p01,controle,1-2km,landsat,2022,1,False,10509,28.4613
everest-goiania,ctrl-everest-goiania-p01,controle,1-2km,landsat,2023,2,False,10509,20.2017
everest-goiania,ctrl-everest-goiania-p01,controle,1-2km,landsat,2024,3,False,10509,24.7883
everest-goiania,everest-goiania,tratamento,0-0.5km,landsat,2018,-3,False,876,91.3242
everest-goiania,everest-goiania,tratamento,0-0.5km,landsat,2019,-2,False,876,95.5479
everest-goiania,everest-goiania,tratamento,0-0.5km,landsat,2020,-1,False,876,89.726
everest-goiania,everest-goiania,tratamento,0-0.5km,landsat,2021,0,False,876,92.3516
everest-goiania,everest-goiania,tratamento,0-0.5km,landsat,2022,1,False,876,93.8356
everest-goiania,everest-goiania,tratamento,0-0.5km,landsat,2023,2,False,876,87.4429
everest-goiania,everest-goiania,tratamento,0-0.5km,landsat,2024,3,False,876,95.0913
everest-goiania,everest-goiania,tratamento,0.5-1km,landsat,2018,-3,False,2633,83.327
everest-goiania,everest-goiania,tratamento,0.5-1km,landsat,2019,-2,False,2633,87.2009
everest-goiania,everest-goiania,tratamento,0.5-1km,landsat,2020,-1,False,2633,81.2761
everest-goiania,everest-goiania,tratamento,0.5-1km,landsat,2021,0,False,2633,84.2005
everest-goiania,everest-goiania,tratamento,0.5-1km,landsat,2022,1,False,2633,86.5173
everest-goiania,everest-goiania,tratamento,0.5-1km,landsat,2023,2,False,2633,80.4026
everest-goiania,everest-goiania,tratamento,0.5-1km,landsat,2024,3,False,2633,86.9351
everest-goiania,everest-goiania,tratamento,1-2km,landsat,2018,-3,False,10516,76.8828
everest-goiania,everest-goiania,tratamento,1-2km,landsat,2019,-2,False,10516,78.2997
everest-goiania,everest-goiania,tratamento,1-2km,landsat,2020,-1,False,10516,75.6371
everest-goiania,everest-goiania,tratamento,1-2km,landsat,2021,0,False,10516,78.528
everest-goiania,everest-goiania,tratamento,1-2km,landsat,2022,1,False,10516,80.4964
everest-goiania,everest-goiania,tratamento,1-2km,landsat,2023,2,False,10516,74.4865
everest-goiania,everest-goiania,tratamento,1-2km,landsat,2024,3,False,10516,81.1906
hostdime-joao-pessoa,ctrl-hostdime-joao-pessoa-p01,controle,0-0.5km,landsat,2014,-3,False,901,6.7703
hostdime-joao-pessoa,ctrl-hostdime-joao-pessoa-p01,controle,0-0.5km,landsat,2015,-2,False,901,12.5416
hostdime-joao-pessoa,ctrl-hostdime-joao-pessoa-p01,controle,0-0.5km,landsat,2016,-1,False,901,11.7647
hostdime-joao-pessoa,ctrl-hostdime-joao-pessoa-p01,controle,0-0.5km,landsat,2017,0,False,901,10.0999
hostdime-joao-pessoa,ctrl-hostdime-joao-pessoa-p01,controle,0-0.5km,landsat,2018,1,False,901,10.8768
hostdime-joao-pessoa,ctrl-hostdime-joao-pessoa-p01,controle,0-0.5km,landsat,2019,2,False,901,7.5472
hostdime-joao-pessoa,ctrl-hostdime-joao-pessoa-p01,controle,0-0.5km,landsat,2020,3,False,901,10.9878
hostdime-joao-pessoa,ctrl-hostdime-joao-pessoa-p01,controle,0.5-1km,landsat,2014,-3,False,2698,11.6012
hostdime-joao-pessoa,ctrl-hostdime-joao-pessoa-p01,controle,0.5-1km,landsat,2015,-2,False,2698,20.9044
hostdime-joao-pessoa,ctrl-hostdime-joao-pessoa-p01,controle,0.5-1km,landsat,2016,-1,False,2698,17.3091
hostdime-joao-pessoa,ctrl-hostdime-joao-pessoa-p01,controle,0.5-1km,landsat,2017,0,False,2698,9.3032
hostdime-joao-pessoa,ctrl-hostdime-joao-pessoa-p01,controle,0.5-1km,landsat,2018,1,False,2698,17.4203
hostdime-joao-pessoa,ctrl-hostdime-joao-pessoa-p01,controle,0.5-1km,landsat,2019,2,False,2698,15.2335
hostdime-joao-pessoa,ctrl-hostdime-joao-pessoa-p01,controle,0.5-1km,landsat,2020,3,False,2698,16.9385
hostdime-joao-pessoa,ctrl-hostdime-joao-pessoa-p01,controle,1-2km,landsat,2014,-3,False,10798,11.6318
hostdime-joao-pessoa,ctrl-hostdime-joao-pessoa-p01,controle,1-2km,landsat,2015,-2,False,10798,19.2536
hostdime-joao-pessoa,ctrl-hostdime-joao-pessoa-p01,controle,1-2km,landsat,2016,-1,False,10798,16.7994
hostdime-joao-pessoa,ctrl-hostdime-joao-pessoa-p01,controle,1-2km,landsat,2017,0,False,10798,14.1415
hostdime-joao-pessoa,ctrl-hostdime-joao-pessoa-p01,controle,1-2km,landsat,2018,1,False,10798,18.0774
hostdime-joao-pessoa,ctrl-hostdime-joao-pessoa-p01,controle,1-2km,landsat,2019,2,False,10750,20.1767
hostdime-joao-pessoa,ctrl-hostdime-joao-pessoa-p01,controle,1-2km,landsat,2020,3,False,10798,18.2071
hostdime-joao-pessoa,hostdime-joao-pessoa,tratamento,0-0.5km,landsat,2014,-3,True,896,85.8259
hostdime-joao-pessoa,hostdime-joao-pessoa,tratamento,0-0.5km,landsat,2015,-2,True,896,90.625
hostdime-joao-pessoa,hostdime-joao-pessoa,tratamento,0-0.5km,landsat,2016,-1,True,896,91.7411
hostdime-joao-pessoa,hostdime-joao-pessoa,tratamento,0-0.5km,landsat,2017,0,True,896,84.2634
hostdime-joao-pessoa,hostdime-joao-pessoa,tratamento,0-0.5km,landsat,2018,1,True,896,90.2902
hostdime-joao-pessoa,hostdime-joao-pessoa,tratamento,0-0.5km,landsat,2019,2,True,896,86.1607
hostdime-joao-pessoa,hostdime-joao-pessoa,tratamento,0-0.5km,landsat,2020,3,True,896,90.7366
hostdime-joao-pessoa,hostdime-joao-pessoa,tratamento,0.5-1km,landsat,2014,-3,True,2698,81.6531
hostdime-joao-pessoa,hostdime-joao-pessoa,tratamento,0.5-1km,landsat,2015,-2,True,2698,86.5827
hostdime-joao-pessoa,hostdime-joao-pessoa,tratamento,0.5-1km,landsat,2016,-1,True,2688,89.3601
hostdime-joao-pessoa,hostdime-joao-pessoa,tratamento,0.5-1km,landsat,2017,0,True,2682,80.9471
hostdime-joao-pessoa,hostdime-joao-pessoa,tratamento,0.5-1km,landsat,2018,1,True,2698,85.5078
hostdime-joao-pessoa,hostdime-joao-pessoa,tratamento,0.5-1km,landsat,2019,2,True,2696,86.2018
hostdime-joao-pessoa,hostdime-joao-pessoa,tratamento,0.5-1km,landsat,2020,3,True,2540,82.3622
hostdime-joao-pessoa,hostdime-joao-pessoa,tratamento,1-2km,landsat,2014,-3,True,10785,59.8795
hostdime-joao-pessoa,hostdime-joao-pessoa,tratamento,1-2km,landsat,2015,-2,True,10462,67.7022
hostdime-joao-pessoa,hostdime-joao-pessoa,tratamento,1-2km,landsat,2016,-1,True,10453,68.851
hostdime-joao-pessoa,hostdime-joao-pessoa,tratamento,1-2km,landsat,2017,0,True,9562,63.1981
hostdime-joao-pessoa,hostdime-joao-pessoa,tratamento,1-2km,landsat,2018,1,True,10782,66.138
hostdime-joao-pessoa,hostdime-joao-pessoa,tratamento,1-2km,landsat,2019,2,True,10051,66.9187
hostdime-joao-pessoa,hostdime-joao-pessoa,tratamento,1-2km,landsat,2020,3,True,9863,66.9675
scala-sgigsm01,ctrl-scala-sgigsm01-p01,controle,0-0.5km,s2,2019,-3,False,7853,91.481
scala-sgigsm01,ctrl-scala-sgigsm01-p01,controle,0-0.5km,s2,2020,-2,False,7853,92.3087
scala-sgigsm01,ctrl-scala-sgigsm01-p01,controle,0-0.5km,s2,2021,-1,False,7853,91.5192
scala-sgigsm01,ctrl-scala-sgigsm01-p01,controle,0-0.5km,s2,2022,0,False,7853,92.869
scala-sgigsm01,ctrl-scala-sgigsm01-p01,controle,0-0.5km,s2,2023,1,False,7853,92.3341
scala-sgigsm01,ctrl-scala-sgigsm01-p01,controle,0-0.5km,s2,2024,2,False,7853,93.4802
scala-sgigsm01,ctrl-scala-sgigsm01-p01,controle,0-0.5km,s2,2025,3,False,7853,92.2832
scala-sgigsm01,ctrl-scala-sgigsm01-p01,controle,0.5-1km,s2,2019,-3,False,23563,73.3141
scala-sgigsm01,ctrl-scala-sgigsm01-p01,controle,0.5-1km,s2,2020,-2,False,23563,74.1502
scala-sgigsm01,ctrl-scala-sgigsm01-p01,controle,0.5-1km,s2,2021,-1,False,23563,74.0101
scala-sgigsm01,ctrl-scala-sgigsm01-p01,controle,0.5-1km,s2,2022,0,False,23563,73.6833
scala-sgigsm01,ctrl-scala-sgigsm01-p01,controle,0.5-1km,s2,2023,1,False,23563,75.6567
scala-sgigsm01,ctrl-scala-sgigsm01-p01,controle,0.5-1km,s2,2024,2,False,23563,74.7316
scala-sgigsm01,ctrl-scala-sgigsm01-p01,controle,0.5-1km,s2,2025,3,False,23563,73.2292
scala-sgigsm01,ctrl-scala-sgigsm01-p01,controle,1-2km,s2,2019,-3,False,94224,70.3069
scala-sgigsm01,ctrl-scala-sgigsm01-p01,controle,1-2km,s2,2020,-2,False,94224,71.4871
scala-sgigsm01,ctrl-scala-sgigsm01-p01,controle,1-2km,s2,2021,-1,False,94224,71.7429
scala-sgigsm01,ctrl-scala-sgigsm01-p01,controle,1-2km,s2,2022,0,False,94224,70.5723
scala-sgigsm01,ctrl-scala-sgigsm01-p01,controle,1-2km,s2,2023,1,False,94224,72.4242
scala-sgigsm01,ctrl-scala-sgigsm01-p01,controle,1-2km,s2,2024,2,False,94224,73.1003
scala-sgigsm01,ctrl-scala-sgigsm01-p01,controle,1-2km,s2,2025,3,False,94224,70.4598
scala-sgigsm01,scala-sgigsm01,tratamento,0-0.5km,s2,2019,-3,True,7493,68.7575
scala-sgigsm01,scala-sgigsm01,tratamento,0-0.5km,s2,2020,-2,True,7493,66.9825
scala-sgigsm01,scala-sgigsm01,tratamento,0-0.5km,s2,2021,-1,True,7493,67.4363
scala-sgigsm01,scala-sgigsm01,tratamento,0-0.5km,s2,2022,0,True,7493,68.0368
scala-sgigsm01,scala-sgigsm01,tratamento,0-0.5km,s2,2023,1,True,7493,68.3972
scala-sgigsm01,scala-sgigsm01,tratamento,0-0.5km,s2,2024,2,True,7493,69.8786
scala-sgigsm01,scala-sgigsm01,tratamento,0-0.5km,s2,2025,3,True,7493,66.9959
scala-sgigsm01,scala-sgigsm01,tratamento,0.5-1km,s2,2019,-3,True,23488,66.5829
scala-sgigsm01,scala-sgigsm01,tratamento,0.5-1km,s2,2020,-2,True,23488,67.3706
scala-sgigsm01,scala-sgigsm01,tratamento,0.5-1km,s2,2021,-1,True,23488,70.4019
scala-sgigsm01,scala-sgigsm01,tratamento,0.5-1km,s2,2022,0,True,23488,69.7888
scala-sgigsm01,scala-sgigsm01,tratamento,0.5-1km,s2,2023,1,True,23488,68.5201
scala-sgigsm01,scala-sgigsm01,tratamento,0.5-1km,s2,2024,2,True,23488,67.7878
scala-sgigsm01,scala-sgigsm01,tratamento,0.5-1km,s2,2025,3,True,23488,68.4435
scala-sgigsm01,scala-sgigsm01,tratamento,1-2km,s2,2019,-3,True,94247,74.1933
scala-sgigsm01,scala-sgigsm01,tratamento,1-2km,s2,2020,-2,True,94247,74.1806
scala-sgigsm01,scala-sgigsm01,tratamento,1-2km,s2,2021,-1,True,94247,75.1971
scala-sgigsm01,scala-sgigsm01,tratamento,1-2km,s2,2022,0,True,94247,75.9441
scala-sgigsm01,scala-sgigsm01,tratamento,1-2km,s2,2023,1,True,94247,75.3011
scala-sgigsm01,scala-sgigsm01,tratamento,1-2km,s2,2024,2,True,94247,77.1441
scala-sgigsm01,scala-sgigsm01,tratamento,1-2km,s2,2025,3,True,94247,74.4459
scala-spoapa01,ctrl-scala-spoapa01-p01,controle,0-0.5km,s2,2020,-3,False,7910,76.4855
scala-spoapa01,ctrl-scala-spoapa01-p01,controle,0-0.5km,s2,2021,-2,False,7910,84.3995
scala-spoapa01,ctrl-scala-spoapa01-p01,controle,0-0.5km,s2,2022,-1,False,7910,86.5487
scala-spoapa01,ctrl-scala-spoapa01-p01,controle,0-0.5km,s2,2023,0,False,7910,86.0936
scala-spoapa01,ctrl-scala-spoapa01-p01,controle,0-0.5km,s2,2024,1,False,7910,90.3666
scala-spoapa01,ctrl-scala-spoapa01-p01,controle,0-0.5km,s2,2025,2,False,7910,84.0708
scala-spoapa01,ctrl-scala-spoapa01-p01,controle,0.5-1km,s2,2020,-3,False,23763,74.7212
scala-spoapa01,ctrl-scala-spoapa01-p01,controle,0.5-1km,s2,2021,-2,False,23763,83.6763
scala-spoapa01,ctrl-scala-spoapa01-p01,controle,0.5-1km,s2,2022,-1,False,23763,87.3417
scala-spoapa01,ctrl-scala-spoapa01-p01,controle,0.5-1km,s2,2023,0,False,23763,85.8856
scala-spoapa01,ctrl-scala-spoapa01-p01,controle,0.5-1km,s2,2024,1,False,23763,90.1443
scala-spoapa01,ctrl-scala-spoapa01-p01,controle,0.5-1km,s2,2025,2,False,23763,83.4449
scala-spoapa01,ctrl-scala-spoapa01-p01,controle,1-2km,s2,2020,-3,False,94977,65.3569
scala-spoapa01,ctrl-scala-spoapa01-p01,controle,1-2km,s2,2021,-2,False,94977,73.7073
scala-spoapa01,ctrl-scala-spoapa01-p01,controle,1-2km,s2,2022,-1,False,94977,75.4362
scala-spoapa01,ctrl-scala-spoapa01-p01,controle,1-2km,s2,2023,0,False,94977,74.2085
scala-spoapa01,ctrl-scala-spoapa01-p01,controle,1-2km,s2,2024,1,False,94977,78.7222
scala-spoapa01,ctrl-scala-spoapa01-p01,controle,1-2km,s2,2025,2,False,94977,72.5702
scala-spoapa01,scala-spoapa01,tratamento,0-0.5km,s2,2020,-3,True,7897,72.8758
scala-spoapa01,scala-spoapa01,tratamento,0-0.5km,s2,2021,-2,True,7897,78.3462
scala-spoapa01,scala-spoapa01,tratamento,0-0.5km,s2,2022,-1,True,7897,80.309
scala-spoapa01,scala-spoapa01,tratamento,0-0.5km,s2,2023,0,True,7897,77.9157
scala-spoapa01,scala-spoapa01,tratamento,0-0.5km,s2,2024,1,True,7897,81.6133
scala-spoapa01,scala-spoapa01,tratamento,0-0.5km,s2,2025,2,True,7897,75.1171
scala-spoapa01,scala-spoapa01,tratamento,0.5-1km,s2,2020,-3,True,23760,70.1347
scala-spoapa01,scala-spoapa01,tratamento,0.5-1km,s2,2021,-2,True,23760,75.2862
scala-spoapa01,scala-spoapa01,tratamento,0.5-1km,s2,2022,-1,True,23760,76.7466
scala-spoapa01,scala-spoapa01,tratamento,0.5-1km,s2,2023,0,True,23760,76.25
scala-spoapa01,scala-spoapa01,tratamento,0.5-1km,s2,2024,1,True,23760,80.5766
scala-spoapa01,scala-spoapa01,tratamento,0.5-1km,s2,2025,2,True,23760,73.1944
scala-spoapa01,scala-spoapa01,tratamento,1-2km,s2,2020,-3,True,94999,44.3363
scala-spoapa01,scala-spoapa01,tratamento,1-2km,s2,2021,-2,True,94999,47.3226
scala-spoapa01,scala-spoapa01,tratamento,1-2km,s2,2022,-1,True,94999,47.7563
scala-spoapa01,scala-spoapa01,tratamento,1-2km,s2,2023,0,True,94999,47.7279
scala-spoapa01,scala-spoapa01,tratamento,1-2km,s2,2024,1,True,94999,51.0174
scala-spoapa01,scala-spoapa01,tratamento,1-2km,s2,2025,2,True,94999,44.2857
scala-tambore,ctrl-scala-tambore-p01,controle,0-0.5km,landsat,2018,-3,False,873,16.4948
scala-tambore,ctrl-scala-tambore-p01,controle,0-0.5km,landsat,2019,-2,False,873,12.0275
scala-tambore,ctrl-scala-tambore-p01,controle,0-0.5km,landsat,2020,-1,False,873,12.8293
scala-tambore,ctrl-scala-tambore-p01,controle,0-0.5km,landsat,2021,0,False,873,15.2348
scala-tambore,ctrl-scala-tambore-p01,controle,0-0.5km,landsat,2022,1,False,873,13.5166
scala-tambore,ctrl-scala-tambore-p01,controle,0-0.5km,landsat,2023,2,False,873,11.9129
scala-tambore,ctrl-scala-tambore-p01,controle,0-0.5km,landsat,2024,3,False,873,11.9129
scala-tambore,ctrl-scala-tambore-p01,controle,0.5-1km,landsat,2018,-3,False,2620,23.7786
scala-tambore,ctrl-scala-tambore-p01,controle,0.5-1km,landsat,2019,-2,False,2620,18.2824
scala-tambore,ctrl-scala-tambore-p01,controle,0.5-1km,landsat,2020,-1,False,2620,17.3664
scala-tambore,ctrl-scala-tambore-p01,controle,0.5-1km,landsat,2021,0,False,2620,25.916
scala-tambore,ctrl-scala-tambore-p01,controle,0.5-1km,landsat,2022,1,False,2620,21.5649
scala-tambore,ctrl-scala-tambore-p01,controle,0.5-1km,landsat,2023,2,False,2620,16.8321
scala-tambore,ctrl-scala-tambore-p01,controle,0.5-1km,landsat,2024,3,False,2620,20.7252
scala-tambore,ctrl-scala-tambore-p01,controle,1-2km,landsat,2018,-3,False,10473,19.9274
scala-tambore,ctrl-scala-tambore-p01,controle,1-2km,landsat,2019,-2,False,10473,14.5613
scala-tambore,ctrl-scala-tambore-p01,controle,1-2km,landsat,2020,-1,False,10473,14.5517
scala-tambore,ctrl-scala-tambore-p01,controle,1-2km,landsat,2021,0,False,10473,20.0993
scala-tambore,ctrl-scala-tambore-p01,controle,1-2km,landsat,2022,1,False,10473,17.3971
scala-tambore,ctrl-scala-tambore-p01,controle,1-2km,landsat,2023,2,False,10473,13.7496
scala-tambore,ctrl-scala-tambore-p01,controle,1-2km,landsat,2024,3,False,10473,17.9509
scala-tambore,scala-tambore,tratamento,0-0.5km,landsat,2018,-3,True,831,70.1564
scala-tambore,scala-tambore,tratamento,0-0.5km,landsat,2019,-2,True,831,68.4717
scala-tambore,scala-tambore,tratamento,0-0.5km,landsat,2020,-1,True,831,69.9158
scala-tambore,scala-tambore,tratamento,0-0.5km,landsat,2021,0,True,831,75.3309
scala-tambore,scala-tambore,tratamento,0-0.5km,landsat,2022,1,True,831,72.3225
scala-tambore,scala-tambore,tratamento,0-0.5km,landsat,2023,2,True,831,71.8412
scala-tambore,scala-tambore,tratamento,0-0.5km,landsat,2024,3,True,831,70.3971
scala-tambore,scala-tambore,tratamento,0.5-1km,landsat,2018,-3,True,2621,79.4353
scala-tambore,scala-tambore,tratamento,0.5-1km,landsat,2019,-2,True,2621,77.108
scala-tambore,scala-tambore,tratamento,0.5-1km,landsat,2020,-1,True,2621,79.1683
scala-tambore,scala-tambore,tratamento,0.5-1km,landsat,2021,0,True,2621,83.2507
scala-tambore,scala-tambore,tratamento,0.5-1km,landsat,2022,1,True,2621,82.4876
scala-tambore,scala-tambore,tratamento,0.5-1km,landsat,2023,2,True,2621,80.1221
scala-tambore,scala-tambore,tratamento,0.5-1km,landsat,2024,3,True,2621,79.8932
scala-tambore,scala-tambore,tratamento,1-2km,landsat,2018,-3,True,10471,67.7681
scala-tambore,scala-tambore,tratamento,1-2km,landsat,2019,-2,True,10471,66.2687
scala-tambore,scala-tambore,tratamento,1-2km,landsat,2020,-1,True,10469,67.5996
scala-tambore,scala-tambore,tratamento,1-2km,landsat,2021,0,True,10471,69.3153
scala-tambore,scala-tambore,tratamento,1-2km,landsat,2022,1,True,10468,69.6408
scala-tambore,scala-tambore,tratamento,1-2km,landsat,2023,2,True,10453,67.2726
scala-tambore,scala-tambore,tratamento,1-2km,landsat,2024,3,True,10471,67.9018
