pareado_com,site_id,tipo,zona,raio_int_km,raio_ext_km,area_zona_ha,metodo_footprint,pixels_validos_mascara,virou_construida,virou_construida_via_solo,vegetacao_para_construida,n_pixels_footprint,pct_ja_construida,pct_virou_construida_fp,pct_construida_no_fim,pct_virou_construida,pct_virou_construida_via_solo,pct_vegetacao_para_construida
angonap-fortaleza,angonap-fortaleza,tratamento,footprint,0.0,0.0,0.9046,osm_data_center_explicito,18,4,3,4,18.0,22.22,22.22,66.67,22.22222222222222,16.666666666666668,22.22222222222222
angonap-fortaleza,angonap-fortaleza,tratamento,0-0.5km,0.0,0.5,78.54,,882,28,13,7,,,,,3.1746031746031744,1.473922902494331,0.7936507936507936
angonap-fortaleza,angonap-fortaleza,tratamento,0.5-1km,0.5,1.0,235.62,,2652,40,23,12,,,,,1.5082956259426847,0.8672699849170438,0.45248868778280543
angonap-fortaleza,angonap-fortaleza,tratamento,1-2km,1.0,2.0,942.48,,10492,189,121,48,,,,,1.8013724742661075,1.1532596263820054,0.4574914220358368
angonap-fortaleza,ctrl-angonap-fortaleza-p01,controle,0-0.5km,0.0,0.5,78.54,,886,11,2,9,,,,,1.2415349887133182,0.22573363431151242,1.0158013544018059
angonap-fortaleza,ctrl-angonap-fortaleza-p01,controle,0.5-1km,0.5,1.0,235.62,,2623,20,1,11,,,,,0.7624857033930614,0.03812428516965307,0.41936713686618377
angonap-fortaleza,ctrl-angonap-fortaleza-p01,controle,1-2km,1.0,2.0,942.48,,10512,74,20,29,,,,,0.7039573820395738,0.1902587519025875,0.2758751902587519
ascenty-hortolandia,ascenty-hortolandia,tratamento,footprint,0.0,0.0,13.1197,osm_landuse_industrial,179,29,0,29,179.0,31.84,16.2,65.92,16.201117318435752,0.0,16.201117318435752
ascenty-hortolandia,ascenty-hortolandia,tratamento,0-0.5km,0.0,0.5,78.54,,872,45,0,45,,,,,5.160550458715596,0.0,5.160550458715596
ascenty-hortolandia,ascenty-hortolandia,tratamento,0.5-1km,0.5,1.0,235.62,,2618,49,2,47,,,,,1.8716577540106951,0.07639419404125286,1.7952635599694424
ascenty-hortolandia,ascenty-hortolandia,tratamento,1-2km,1.0,2.0,942.48,,10479,417,128,393,,,,,3.979387346120813,1.2214906002481152,3.7503578585742914
ascenty-hortolandia,ctrl-ascenty-hortolandia-p01,controle,0-0.5km,0.0,0.5,78.54,,874,18,0,18,,,,,2.059496567505721,0.0,2.059496567505721
ascenty-hortolandia,ctrl-ascenty-hortolandia-p01,controle,0.5-1km,0.5,1.0,235.62,,2605,102,13,101,,,,,3.9155470249520152,0.4990403071017274,3.8771593090211134
ascenty-hortolandia,ctrl-ascenty-hortolandia-p01,controle,1-2km,1.0,2.0,942.48,,10321,198,11,193,,,,,1.918418757872299,0.1065788198817944,1.869973839744211
ascenty-jundiai,ascenty-jundiai,tratamento,footprint,0.0,0.0,1.0603,osm_landuse_industrial,21,1,0,1,21.0,85.71,4.76,90.48,4.761904761904762,0.0,4.761904761904762
ascenty-jundiai,ascenty-jundiai,tratamento,0-0.5km,0.0,0.5,78.54,,876,20,3,20,,,,,2.2831050228310503,0.3424657534246575,2.2831050228310503
ascenty-jundiai,ascenty-jundiai,tratamento,0.5-1km,0.5,1.0,235.62,,2597,128,45,116,,,,,4.928763958413554,1.7327685791297651,4.466692337312283
ascenty-jundiai,ascenty-jundiai,tratamento,1-2km,1.0,2.0,942.48,,10457,136,16,116,,,,,1.3005642153581334,0.1530075547480157,1.1093047719231137
ascenty-jundiai,ctrl-ascenty-jundiai-p01,controle,0-0.5km,0.0,0.5,78.54,,875,67,3,67,,,,,7.6571428571428575,0.34285714285714286,7.6571428571428575
ascenty-jundiai,ctrl-ascenty-jundiai-p01,controle,0.5-1km,0.5,1.0,235.62,,2628,60,0,59,,,,,2.2831050228310503,0.0,2.2450532724505328
ascenty-jundiai,ctrl-ascenty-jundiai-p01,controle,1-2km,1.0,2.0,942.48,,10458,260,4,256,,,,,2.4861350162554983,0.038248231019315355,2.4478867852361827
ascenty-maracanau,ascenty-maracanau,tratamento,footprint,0.0,0.0,0.8215,osm_data_center_explicito,0,0,0,0,0.0,,,,,,
ascenty-maracanau,ascenty-maracanau,tratamento,0-0.5km,0.0,0.5,78.54,,710,44,0,38,,,,,6.197183098591549,0.0,5.352112676056338
ascenty-maracanau,ascenty-maracanau,tratamento,0.5-1km,0.5,1.0,235.62,,2642,125,2,117,,,,,4.7312641937925815,0.0757002271006813,4.4284632853898565
ascenty-maracanau,ascenty-maracanau,tratamento,1-2km,1.0,2.0,942.48,,10598,403,7,373,,,,,3.802604264955652,0.06605019815059446,3.5195319871673902
ascenty-maracanau,ctrl-ascenty-maracanau-p03,controle,0-0.5km,0.0,0.5,78.54,,884,1,0,1,,,,,0.11312217194570136,0.0,0.11312217194570136
ascenty-maracanau,ctrl-ascenty-maracanau-p03,controle,0.5-1km,0.5,1.0,235.62,,2647,0,0,0,,,,,0.0,0.0,0.0
ascenty-maracanau,ctrl-ascenty-maracanau-p03,controle,1-2km,1.0,2.0,942.48,,10586,365,54,121,,,,,3.447950122803703,0.5101076894010957,1.1430190818061592
ascenty-osasco,ascenty-osasco,tratamento,footprint,0.0,0.0,0.8102,osm_data_center_explicito,16,0,0,0,16.0,87.5,0.0,93.75,0.0,0.0,0.0
ascenty-osasco,ascenty-osasco,tratamento,0-0.5km,0.0,0.5,78.54,,862,12,0,12,,,,,1.3921113689095128,0.0,1.3921113689095128
ascenty-osasco,ascenty-osasco,tratamento,0.5-1km,0.5,1.0,235.62,,2618,40,13,40,,,,,1.5278838808250572,0.4965622612681436,1.5278838808250572
ascenty-osasco,ascenty-osasco,tratamento,1-2km,1.0,2.0,942.48,,10449,176,18,170,,,,,1.6843717102115034,0.17226528854435832,1.6269499473633842
ascenty-osasco,ctrl-ascenty-osasco-p01,controle,0-0.5km,0.0,0.5,78.54,,754,8,0,8,,,,,1.0610079575596818,0.0,1.0610079575596818
ascenty-osasco,ctrl-ascenty-osasco-p01,controle,0.5-1km,0.5,1.0,235.62,,2548,29,5,22,,,,,1.1381475667189953,0.19623233908948196,0.8634222919937206
ascenty-osasco,ctrl-ascenty-osasco-p01,controle,1-2km,1.0,2.0,942.48,,10233,104,18,88,,,,,1.0163197498289847,0.1759014951627089,0.8599628652399101
ascenty-paulinia,ascenty-paulinia,tratamento,footprint,0.0,0.0,1.5176,osm_landuse_industrial,30,5,1,5,30.0,50.0,16.67,76.67,16.666666666666668,3.3333333333333335,16.666666666666668
ascenty-paulinia,ascenty-paulinia,tratamento,0-0.5km,0.0,0.5,78.54,,877,84,4,80,,,,,9.578107183580387,0.45610034207525657,9.122006841505131
ascenty-paulinia,ascenty-paulinia,tratamento,0.5-1km,0.5,1.0,235.62,,2610,236,18,211,,,,,9.042145593869732,0.6896551724137931,8.084291187739463
ascenty-paulinia,ascenty-paulinia,tratamento,1-2km,1.0,2.0,942.48,,10486,341,25,306,,,,,3.2519549876025176,0.2384131222582491,2.918176616440969
ascenty-paulinia,ctrl-ascenty-paulinia-p02,controle,0-0.5km,0.0,0.5,78.54,,871,28,0,25,,,,,3.214695752009185,0.0,2.8702640642939152
ascenty-paulinia,ctrl-ascenty-paulinia-p02,controle,0.5-1km,0.5,1.0,235.62,,2627,39,1,38,,,,,1.48458317472402,0.03806623524933384,1.446516939474686
ascenty-paulinia,ctrl-ascenty-paulinia-p02,controle,1-2km,1.0,2.0,942.48,,10469,141,7,127,,,,,1.3468335084535294,0.06686407488776387,1.2131053586780016
ascenty-sumare,ascenty-sumare,tratamento,footprint,0.0,0.0,5.8209,osm_landuse_industrial,89,2,1,0,89.0,87.64,2.25,87.64,2.247191011235955,1.1235955056179776,0.0
ascenty-sumare,ascenty-sumare,tratamento,0-0.5km,0.0,0.5,78.54,,871,11,3,4,,,,,1.2629161882893227,0.34443168771526983,0.4592422502870264
ascenty-sumare,ascenty-sumare,tratamento,0.5-1km,0.5,1.0,235.62,,2620,12,0,5,,,,,0.4580152671755725,0.0,0.19083969465648856
ascenty-sumare,ascenty-sumare,tratamento,1-2km,1.0,2.0,942.48,,10476,186,43,143,,,,,1.7754868270332187,0.41046200840015273,1.365024818633066
ascenty-sumare,ctrl-ascenty-sumare-p01,controle,0-0.5km,0.0,0.5,78.54,,874,38,1,36,,,,,4.3478260869565215,0.11441647597254005,4.118993135011442
ascenty-sumare,ctrl-ascenty-sumare-p01,controle,0.5-1km,0.5,1.0,235.62,,2611,84,14,55,,,,,3.2171581769436997,0.5361930294906166,2.106472615855994
ascenty-sumare,ctrl-ascenty-sumare-p01,controle,1-2km,1.0,2.0,942.48,,10495,403,83,387,,,,,3.8399237732253453,0.7908527870414483,3.6874702239161508
ascenty-vinhedo,ascenty-vinhedo,tratamento,footprint,0.0,0.0,1.634,osm_landuse_industrial,31,7,1,6,31.0,35.48,22.58,54.84,22.580645161290324,3.225806451612903,19.35483870967742
ascenty-vinhedo,ascenty-vinhedo,tratamento,0-0.5km,0.0,0.5,78.54,,764,35,20,31,,,,,4.5811518324607325,2.6178010471204187,4.057591623036649
ascenty-vinhedo,ascenty-vinhedo,tratamento,0.5-1km,0.5,1.0,235.62,,2626,67,20,59,,,,,2.5514089870525516,0.7616146230007617,2.2467631378522466
ascenty-vinhedo,ascenty-vinhedo,tratamento,1-2km,1.0,2.0,942.48,,10453,74,27,32,,,,,0.7079307375872955,0.2582990529034727,0.30613221084856024
ascenty-vinhedo,ctrl-ascenty-vinhedo-p02,controle,0-0.5km,0.0,0.5,78.54,,874,15,1,12,,,,,1.7162471395881007,0.11441647597254005,1.3729977116704806
ascenty-vinhedo,ctrl-ascenty-vinhedo-p02,controle,0.5-1km,0.5,1.0,235.62,,2615,59,0,59,,,,,2.2562141491395793,0.0,2.2562141491395793
ascenty-vinhedo,ctrl-ascenty-vinhedo-p02,controle,1-2km,1.0,2.0,942.48,,10483,114,6,104,,,,,1.0874749594581703,0.057235524182008966,0.9920824191548221
clickip-manaus,clickip-manaus,tratamento,footprint,0.0,0.0,0.1459,osm_data_center_explicito,20,15,14,15,20.0,0.0,75.0,75.0,75.0,70.0,75.0
clickip-manaus,clickip-manaus,tratamento,0-0.5km,0.0,0.5,78.54,,8410,450,185,195,,,,,5.35077288941736,2.1997621878715816,2.318668252080856
clickip-manaus,clickip-manaus,tratamento,0.5-1km,0.5,1.0,235.62,,25242,924,364,454,,,,,3.660565723793677,1.4420410427066002,1.7985896521670233
clickip-manaus,clickip-manaus,tratamento,1-2km,1.0,2.0,942.48,,100967,3486,1157,1823,,,,,3.452613230065269,1.1459189636217775,1.805540424098963
clickip-manaus,ctrl-clickip-manaus-p01,controle,0-0.5km,0.0,0.5,78.54,,8448,1,0,0,,,,,0.011837121212121212,0.0,0.0
clickip-manaus,ctrl-clickip-manaus-p01,controle,0.5-1km,0.5,1.0,235.62,,25294,58,7,45,,,,,0.22930339210880052,0.027674547323475924,0.17790780422234523
clickip-manaus,ctrl-clickip-manaus-p01,controle,1-2km,1.0,2.0,942.48,,101161,366,50,332,,,,,0.3617995077154239,0.049426162256205455,0.3281897173812042
equinix-santana-parnaiba,equinix-santana-parnaiba,tratamento,footprint,0.0,0.0,9.8868,osm_data_center_explicito,138,1,0,1,138.0,0.0,0.72,1.45,0.7246376811594203,0.0,0.7246376811594203
equinix-santana-parnaiba,equinix-santana-parnaiba,tratamento,0-0.5km,0.0,0.5,78.54,,830,19,5,17,,,,,2.289156626506024,0.6024096385542169,2.0481927710843375
equinix-santana-parnaiba,equinix-santana-parnaiba,tratamento,0.5-1km,0.5,1.0,235.62,,2567,61,8,57,,,,,2.3763147643163225,0.3116478379431243,2.2204908453447603
equinix-santana-parnaiba,equinix-santana-parnaiba,tratamento,1-2km,1.0,2.0,942.48,,10467,183,3,179,,,,,1.7483519633132703,0.028661507595299514,1.710136619852871
equinix-santana-parnaiba,ctrl-equinix-santana-parnaiba-p01,controle,0-0.5km,0.0,0.5,78.54,,876,10,0,10,,,,,1.1415525114155252,0.0,1.1415525114155252
equinix-santana-parnaiba,ctrl-equinix-santana-parnaiba-p01,controle,0.5-1km,0.5,1.0,235.62,,2608,20,0,20,,,,,0.7668711656441718,0.0,0.7668711656441718
equinix-santana-parnaiba,ctrl-equinix-santana-parnaiba-p01,controle,1-2km,1.0,2.0,942.48,,10432,398,299,315,,,,,3.8151840490797544,2.866180981595092,3.019555214723926
hostdime-joao-pessoa,hostdime-joao-pessoa,tratamento,footprint,0.0,0.0,0.1909,osm_edificacao_mais_proxima,6,0,0,0,6.0,50.0,0.0,33.33,0.0,0.0,0.0
hostdime-joao-pessoa,hostdime-joao-pessoa,tratamento,0-0.5km,0.0,0.5,78.54,,902,19,2,17,,,,,2.106430155210643,0.22172949002217296,1.8847006651884701
hostdime-joao-pessoa,hostdime-joao-pessoa,tratamento,0.5-1km,0.5,1.0,235.62,,2512,51,1,48,,,,,2.0302547770700636,0.03980891719745223,1.910828025477707
hostdime-joao-pessoa,hostdime-joao-pessoa,tratamento,1-2km,1.0,2.0,942.48,,7761,204,7,194,,,,,2.6285272516428297,0.09019456255637161,2.4996778765622985
hostdime-joao-pessoa,ctrl-hostdime-joao-pessoa-p01,controle,0-0.5km,0.0,0.5,78.54,,901,12,1,11,,,,,1.3318534961154274,0.11098779134295228,1.2208657047724751
hostdime-joao-pessoa,ctrl-hostdime-joao-pessoa-p01,controle,0.5-1km,0.5,1.0,235.62,,2698,54,0,52,,,,,2.001482579688658,0.0,1.927353595255745
hostdime-joao-pessoa,ctrl-hostdime-joao-pessoa-p01,controle,1-2km,1.0,2.0,942.48,,10750,303,7,290,,,,,2.818604651162791,0.06511627906976744,2.697674418604651
scala-sgigsm01,scala-sgigsm01,tratamento,footprint,0.0,0.0,3.6565,osm_data_center_explicito,421,8,3,6,421.0,71.26,1.9,21.38,1.9002375296912113,0.7125890736342043,1.4251781472684086
scala-sgigsm01,scala-sgigsm01,tratamento,0-0.5km,0.0,0.5,78.54,,7849,383,234,31,,,,,4.8796024971333924,2.9812714995540834,0.3949547713084469
scala-sgigsm01,scala-sgigsm01,tratamento,0.5-1km,0.5,1.0,235.62,,23553,1089,743,82,,,,,4.623614826136798,3.1545875260051797,0.3481509786439095
scala-sgigsm01,scala-sgigsm01,tratamento,1-2km,1.0,2.0,942.48,,94247,3348,2055,420,,,,,3.552367714622216,2.180440756734962,0.44563752692393394
scala-sgigsm01,ctrl-scala-sgigsm01-p01,controle,0-0.5km,0.0,0.5,78.54,,7853,107,55,9,,,,,1.3625366102126575,0.7003692856233287,0.11460588310199923
scala-sgigsm01,ctrl-scala-sgigsm01-p01,controle,0.5-1km,0.5,1.0,235.62,,23563,322,168,45,,,,,1.3665492509442771,0.7129822178839706,0.1909773797903493
scala-sgigsm01,ctrl-scala-sgigsm01-p01,controle,1-2km,1.0,2.0,942.48,,94224,1761,953,226,,,,,1.868950585838003,1.0114195958566818,0.23985396501952794
scala-spoapa01,scala-spoapa01,tratamento,footprint,0.0,0.0,0.1073,osm_landuse_industrial,19,3,2,0,19.0,31.58,15.79,52.63,15.789473684210526,10.526315789473685,0.0
scala-spoapa01,scala-spoapa01,tratamento,0-0.5km,0.0,0.5,78.54,,7916,333,178,7,,,,,4.2066700353714,2.248610409297625,0.08842849924204144
scala-spoapa01,scala-spoapa01,tratamento,0.5-1km,0.5,1.0,235.62,,23760,1169,595,22,,,,,4.92003367003367,2.5042087542087543,0.09259259259259259
scala-spoapa01,scala-spoapa01,tratamento,1-2km,1.0,2.0,942.48,,94999,3000,1577,122,,,,,3.157927978189244,1.660017473868146,0.1284224044463626
scala-spoapa01,ctrl-scala-spoapa01-p01,controle,0-0.5km,0.0,0.5,78.54,,7910,310,114,7,,,,,3.9190897597977243,1.4412136536030342,0.08849557522123894
scala-spoapa01,ctrl-scala-spoapa01-p01,controle,0.5-1km,0.5,1.0,235.62,,23763,1016,399,28,,,,,4.275554433362791,1.6790809241257416,0.11783024028952574
scala-spoapa01,ctrl-scala-spoapa01-p01,controle,1-2km,1.0,2.0,942.48,,94977,3602,1635,162,,,,,3.7924971308843194,1.7214694083830822,0.17056761110584667
scala-tambore,scala-tambore,tratamento,footprint,0.0,0.0,1.938,osm_data_center_explicito,39,0,0,0,39.0,89.74,0.0,94.87,0.0,0.0,0.0
scala-tambore,scala-tambore,tratamento,0-0.5km,0.0,0.5,78.54,,870,21,0,21,,,,,2.413793103448276,0.0,2.413793103448276
scala-tambore,scala-tambore,tratamento,0.5-1km,0.5,1.0,235.62,,2621,71,2,68,,,,,2.7088897367417015,0.07630675314765356,2.594429607020221
scala-tambore,scala-tambore,tratamento,1-2km,1.0,2.0,942.48,,10450,140,7,129,,,,,1.3397129186602872,0.06698564593301436,1.2344497607655502
scala-tambore,ctrl-scala-tambore-p01,controle,0-0.5km,0.0,0.5,78.54,,873,2,0,2,,,,,0.2290950744558992,0.0,0.2290950744558992
scala-tambore,ctrl-scala-tambore-p01,controle,0.5-1km,0.5,1.0,235.62,,2620,30,0,30,,,,,1.1450381679389312,0.0,1.1450381679389312
scala-tambore,ctrl-scala-tambore-p01,controle,1-2km,1.0,2.0,942.48,,10473,64,8,59,,,,,0.6110951971736848,0.0763868996467106,0.5633533848944906
