campus,n_ponta,conf_min,pct_tratamento,px_tratamento,pct_controle,px_controle,excesso_pp
angonap-fortaleza,1,0,6.184012066365008,2652,3.35493709492947,2623,2.8290749714355377
angonap-fortaleza,1,70,1.2292118582791034,1383,0.2597402597402597,1925,0.9694715985388437
angonap-fortaleza,1,85,0.29850746268656714,670,0.0,1541,0.29850746268656714
angonap-fortaleza,1,95,0.0,297,0.0,1228,0.0
angonap-fortaleza,2,0,1.5082956259426847,2652,0.7624857033930614,2623,0.7458099225496233
angonap-fortaleza,2,70,0.1757469244288225,1138,0.0,1725,0.1757469244288225
angonap-fortaleza,2,85,0.0,489,0.0,1365,0.0
angonap-fortaleza,2,95,0.0,203,0.0,1078,0.0
angonap-fortaleza,3,0,0.26395173453996984,2652,0.15249714067861228,2623,0.11145459386135756
angonap-fortaleza,3,70,0.0,1029,0.0,1622,0.0
angonap-fortaleza,3,85,0.0,447,0.0,1178,0.0
angonap-fortaleza,3,95,0.0,188,0.0,811,0.0
ascenty-hortolandia,1,0,5.46218487394958,2618,18.54126679462572,2605,-13.07908192067614
ascenty-hortolandia,1,70,0.842835894893406,2017,8.928571428571429,1120,-8.085735533678022
ascenty-hortolandia,1,85,0.14174344436569808,1411,1.3297872340425532,376,-1.188043789676855
ascenty-hortolandia,1,95,0.0,569,0.0,27,0.0
ascenty-hortolandia,2,0,1.757066462948816,2618,2.6871401151631478,2605,-0.9300736522143318
ascenty-hortolandia,2,70,0.11086474501108648,1804,0.5102040816326531,784,-0.3993393366215666
ascenty-hortolandia,2,85,0.0,1221,0.0,209,0.0
ascenty-hortolandia,2,95,0.0,460,0.0,15,0.0
ascenty-hortolandia,3,0,0.11459129106187929,2618,0.42226487523992323,2605,-0.3076735841780439
ascenty-hortolandia,3,70,0.0,1709,0.0,628,0.0
ascenty-hortolandia,3,85,0.0,1123,0.0,141,0.0
ascenty-hortolandia,3,95,0.0,373,0.0,11,0.0
ascenty-jundiai,1,0,10.435117443203696,2597,6.659056316590563,2628,3.7760611266131328
ascenty-jundiai,1,70,6.341154090044388,1577,1.6142735768903993,1177,4.726880513153989
ascenty-jundiai,1,85,4.791929382093317,793,0.3787878787878788,528,4.413141503305438
ascenty-jundiai,1,95,3.592814371257485,167,0.0,135,3.592814371257485
ascenty-jundiai,2,0,4.928763958413554,2597,2.2831050228310503,2628,2.6456589355825035
ascenty-jundiai,2,70,3.858267716535433,1270,0.24213075060532688,826,3.616136965930106
ascenty-jundiai,2,85,5.357142857142857,504,0.0,296,5.357142857142857
ascenty-jundiai,2,95,0.0,40,0.0,83,0.0
ascenty-jundiai,3,0,3.0034655371582595,2597,0.4185692541856925,2628,2.584896282972567
ascenty-jundiai,3,70,2.483900643974241,1087,0.0,608,2.483900643974241
ascenty-jundiai,3,85,2.393617021276596,376,0.0,209,2.393617021276596
ascenty-jundiai,3,95,0.0,20,0.0,67,0.0
ascenty-maracanau,1,0,16.88115064345193,2642,0.7555723460521345,2647,16.125578297399798
ascenty-maracanau,1,70,3.576341127922971,727,0.0,812,3.576341127922971
ascenty-maracanau,1,85,0.0,168,0.0,170,0.0
ascenty-maracanau,1,95,0.0,20,0.0,9,0.0
ascenty-maracanau,2,0,4.7312641937925815,2642,0.0,2647,4.7312641937925815
ascenty-maracanau,2,70,0.38684719535783363,517,0.0,306,0.38684719535783363
ascenty-maracanau,2,85,0.0,104,0.0,51,0.0
ascenty-maracanau,2,95,0.0,11,,0,
ascenty-maracanau,3,0,,0,,0,
ascenty-maracanau,3,70,,0,,0,
ascenty-maracanau,3,85,,0,,0,
ascenty-maracanau,3,95,,0,,0,
ascenty-osasco,1,0,2.2536287242169597,2618,3.80690737833595,2548,-1.5532786541189902
ascenty-osasco,1,70,0.6829268292682927,2050,0.8771929824561403,1596,-0.19426615318784757
ascenty-osasco,1,85,0.5338078291814946,1686,0.0,1072,0.5338078291814946
ascenty-osasco,1,95,0.1016260162601626,984,0.0,496,0.1016260162601626
ascenty-osasco,2,0,1.5278838808250572,2618,1.1381475667189953,2548,0.3897363141060619
ascenty-osasco,2,70,0.41237113402061853,1940,0.0708215297450425,1412,0.341549604275576
ascenty-osasco,2,85,0.3858520900321543,1555,0.0,922,0.3858520900321543
ascenty-osasco,2,95,0.0,789,0.0,374,0.0
ascenty-osasco,3,0,1.145912910618793,2618,0.3532182103610675,2548,0.7926947002577256
ascenty-osasco,3,70,0.10989010989010989,1820,0.07745933384972889,1291,0.032430776040381
ascenty-osasco,3,85,0.07052186177715092,1418,0.0,810,0.07052186177715092
ascenty-osasco,3,95,0.0,645,0.0,318,0.0
ascenty-paulinia,1,0,15.708812260536398,2610,4.339550818424057,2627,11.36926144211234
ascenty-paulinia,1,70,9.290096406660824,1141,0.594883997620464,1681,8.69521240904036
ascenty-paulinia,1,85,1.2307692307692308,325,0.0,978,1.2307692307692308
ascenty-paulinia,1,95,0.0,12,0.0,458,0.0
ascenty-paulinia,2,0,9.042145593869732,2610,1.48458317472402,2627,7.557562419145712
ascenty-paulinia,2,70,4.956268221574344,686,0.14936519790888722,1339,4.806903023665457
ascenty-paulinia,2,85,0.0,139,0.0,733,0.0
ascenty-paulinia,2,95,0.0,5,0.0,354,0.0
ascenty-paulinia,3,0,1.8007662835249043,2610,0.3806623524933384,2627,1.420103931031566
ascenty-paulinia,3,70,0.390625,512,0.0,1235,0.390625
ascenty-paulinia,3,85,0.0,78,0.0,647,0.0
ascenty-paulinia,3,95,0.0,4,0.0,304,0.0
ascenty-sumare,1,0,7.251908396946565,2620,11.71964764458062,2611,-4.467739247634055
ascenty-sumare,1,70,1.4971927635683093,1603,3.1362007168458783,1116,-1.639007953277569
ascenty-sumare,1,85,0.0,976,0.8064516129032258,372,-0.8064516129032258
ascenty-sumare,1,95,0.0,374,0.0,42,0.0
ascenty-sumare,2,0,0.4580152671755725,2620,3.2171581769436997,2611,-2.7591429097681273
ascenty-sumare,2,70,0.0,1307,0.46511627906976744,645,-0.46511627906976744
ascenty-sumare,2,85,0.0,714,0.0,141,0.0
ascenty-sumare,2,95,0.0,251,0.0,13,0.0
ascenty-sumare,3,0,0.03816793893129771,2620,1.1872845653006512,2611,-1.1491166263693535
ascenty-sumare,3,70,0.0,1194,0.0,547,0.0
ascenty-sumare,3,85,0.0,627,0.0,105,0.0
ascenty-sumare,3,95,0.0,218,0.0,10,0.0
ascenty-vinhedo,1,0,8.606245239908606,2626,8.87189292543021,2615,-0.26564768552160345
ascenty-vinhedo,1,70,2.394106813996317,1629,2.04778156996587,1172,0.34632524403044673
ascenty-vinhedo,1,85,0.8695652173913043,1035,0.27624309392265195,362,0.5933221234686523
ascenty-vinhedo,1,95,0.0,278,0.0,22,0.0
ascenty-vinhedo,2,0,2.5514089870525516,2626,2.2562141491395793,2615,0.2951948379129723
ascenty-vinhedo,2,70,0.731528895391368,1367,0.2617801047120419,764,0.4697487906793261
ascenty-vinhedo,2,85,0.5780346820809249,692,0.0,169,0.5780346820809249
ascenty-vinhedo,2,95,0.0,102,0.0,10,0.0
ascenty-vinhedo,3,0,1.2566641279512567,2626,0.5353728489483748,2615,0.7212912790028819
ascenty-vinhedo,3,70,0.48231511254019294,1244,0.0,634,0.48231511254019294
ascenty-vinhedo,3,85,0.0,579,0.0,131,0.0
ascenty-vinhedo,3,95,0.0,53,0.0,8,0.0
clickip-manaus,1,0,11.274859361381823,25242,0.529769905906539,25294,10.745089455475284
clickip-manaus,1,70,1.5704894083272463,5476,0.0,8893,1.5704894083272463
clickip-manaus,1,85,0.06756756756756757,1480,0.0,2342,0.06756756756756757
clickip-manaus,1,95,0.0,141,0.0,60,0.0
clickip-manaus,2,0,3.660565723793677,25242,0.22930339210880052,25294,3.4312623316848767
clickip-manaus,2,70,0.14029180695847362,3564,0.0,5381,0.14029180695847362
clickip-manaus,2,85,0.0,706,0.0,997,0.0
clickip-manaus,2,95,0.0,32,0.0,5,0.0
clickip-manaus,3,0,0.9072181285159655,25242,0.07907013520993121,25294,0.8281479933060343
clickip-manaus,3,70,0.0,2673,0.0,3867,0.0
clickip-manaus,3,85,0.0,433,0.0,613,0.0
clickip-manaus,3,95,0.0,13,0.0,2,0.0
equinix-santana-parnaiba,1,0,4.285157771717959,2567,2.5690184049079754,2608,1.7161393668099834
equinix-santana-parnaiba,1,70,1.0368663594470047,1736,0.24585125998770743,1627,0.7910150994592973
equinix-santana-parnaiba,1,85,0.31201248049922,1282,0.0,944,0.31201248049922
equinix-santana-parnaiba,1,95,0.0,847,0.0,347,0.0
equinix-santana-parnaiba,2,0,2.3763147643163225,2567,0.7668711656441718,2608,1.6094435986721507
equinix-santana-parnaiba,2,70,0.6160164271047228,1461,0.16025641025641027,1248,0.4557600168483126
equinix-santana-parnaiba,2,85,0.0,883,0.0,579,0.0
equinix-santana-parnaiba,2,95,0.0,290,0.0,198,0.0
equinix-santana-parnaiba,3,0,1.1297234125438256,2567,0.3067484662576687,2608,0.8229749462861569
equinix-santana-parnaiba,3,70,0.29873039581777444,1339,0.0,890,0.29873039581777444
equinix-santana-parnaiba,3,85,0.0,803,0.0,398,0.0
equinix-santana-parnaiba,3,95,0.0,273,0.0,165,0.0
everest-goiania,1,0,6.64641093809343,2633,9.753320683111955,2635,-3.106909745018525
everest-goiania,1,70,0.922722029988466,1734,5.95939751146038,1527,-5.036675481471914
everest-goiania,1,85,0.10111223458038422,989,2.5500910746812386,549,-2.4489788401008545
everest-goiania,1,95,0.0,341,0.0,68,0.0
everest-goiania,2,0,1.139384732244588,2633,0.2656546489563567,2635,0.8737300832882313
everest-goiania,2,70,0.0,1433,0.0,1084,0.0
everest-goiania,2,85,0.0,691,0.0,234,0.0
everest-goiania,2,95,0.0,177,0.0,15,0.0
everest-goiania,3,0,0.41777440182301556,2633,0.22770398481973433,2635,0.19007041700328123
everest-goiania,3,70,0.0,1279,0.0,835,0.0
everest-goiania,3,85,0.0,595,0.0,83,0.0
everest-goiania,3,95,0.0,137,0.0,4,0.0
hostdime-joao-pessoa,1,0,10.628980891719745,2512,9.933283914010378,2698,0.6956969777093676
hostdime-joao-pessoa,1,70,2.8670721112076456,1151,3.7243947858473,537,-0.8573226746396543
hostdime-joao-pessoa,1,85,0.954653937947494,419,4.25531914893617,47,-3.3006652109886763
hostdime-joao-pessoa,1,95,0.0,40,,0,
hostdime-joao-pessoa,2,0,2.0302547770700636,2512,2.001482579688658,2698,0.028772197381405462
hostdime-joao-pessoa,2,70,0.0,813,0.0,154,0.0
hostdime-joao-pessoa,2,85,0.0,190,0.0,4,0.0
hostdime-joao-pessoa,2,95,0.0,4,,0,
hostdime-joao-pessoa,3,0,0.2786624203821656,2512,0.5189028910303929,2698,-0.2402404706482273
hostdime-joao-pessoa,3,70,0.0,669,0.0,79,0.0
hostdime-joao-pessoa,3,85,0.0,121,0.0,2,0.0
hostdime-joao-pessoa,3,95,0.0,1,,0,
scala-sgigsm01,1,0,12.834883029762663,23553,4.740482960573781,23563,8.094400069188882
scala-sgigsm01,1,70,3.234241673548032,7266,0.4652387640449438,11392,2.7690029095030884
scala-sgigsm01,1,85,0.24390243902439024,2460,0.0,5464,0.24390243902439024
scala-sgigsm01,1,95,0.0,113,0.0,248,0.0
scala-sgigsm01,2,0,4.623614826136798,23553,1.3665492509442771,23563,3.257065575192521
scala-sgigsm01,2,70,1.1406844106463878,5260,0.06370102983331564,9419,1.0769833808130722
scala-sgigsm01,2,85,0.0,1451,0.0,3726,0.0
scala-sgigsm01,2,95,0.0,15,0.0,49,0.0
scala-sgigsm01,3,0,1.2355113998216787,23553,0.3904426431269363,23563,0.8450687566947424
scala-sgigsm01,3,70,0.0,3866,0.0,8385,0.0
scala-sgigsm01,3,85,0.0,790,0.0,2813,0.0
scala-sgigsm01,3,95,0.0,2,0.0,13,0.0
scala-spoapa01,1,0,15.95959595959596,23760,16.47940074906367,23763,-0.5198047894677114
scala-spoapa01,1,70,3.545684784726281,5133,3.1412429378531073,4425,0.40444184687317364
scala-spoapa01,1,85,0.3766478342749529,1062,0.0,600,0.3766478342749529
scala-spoapa01,1,95,0.0,30,0.0,11,0.0
scala-spoapa01,2,0,4.92003367003367,23760,4.275554433362791,23763,0.6444792366708798
scala-spoapa01,2,70,0.6432748538011696,3420,0.4224894377640559,3077,0.22078541603711366
scala-spoapa01,2,85,0.0,557,0.0,343,0.0
scala-spoapa01,2,95,0.0,10,0.0,1,0.0
scala-spoapa01,3,0,0.9511784511784511,23760,0.5091949669654505,23763,0.4419834842130006
scala-spoapa01,3,70,0.0,2496,0.0,2501,0.0
scala-spoapa01,3,85,0.0,316,0.0,248,0.0
scala-spoapa01,3,95,0.0,3,,0,
scala-tambore,1,0,4.6928653185806946,2621,5.99236641221374,2620,-1.2995010936330456
scala-tambore,1,70,1.1346054667354306,1939,2.29459659511473,1351,-1.1599911283792992
scala-tambore,1,85,0.12706480304955528,1574,0.6024096385542169,664,-0.47534483550466167
scala-tambore,1,95,0.0,990,0.0,175,0.0
scala-tambore,2,0,2.7088897367417015,2621,1.1450381679389312,2620,1.5638515688027703
scala-tambore,2,70,0.4540295119182747,1762,0.9554140127388535,942,-0.5013845008205788
scala-tambore,2,85,0.0,1408,0.25252525252525254,396,-0.25252525252525254
scala-tambore,2,95,0.0,848,0.0,115,0.0
scala-tambore,3,0,1.3353681800839374,2621,0.5725190839694656,2620,0.7628490961144718
scala-tambore,3,70,0.05934718100890208,1685,0.1400560224089636,714,-0.08070884140006152
scala-tambore,3,85,0.0,1307,0.0,259,0.0
scala-tambore,3,95,0.0,686,0.0,22,0.0
exp-elea-rjo1,1,0,7.789232531500573,2619,6.360153256704981,2610,1.4290792747955914
exp-elea-rjo1,1,70,3.4229828850855744,1227,0.9565857247976454,1359,2.466397160287929
exp-elea-rjo1,1,85,0.3184713375796178,628,0.0,825,0.3184713375796178
exp-elea-rjo1,1,95,0.0,303,0.0,372,0.0
exp-elea-rjo1,2,0,2.940053455517373,2619,0.45977011494252873,2610,2.4802833405748443
exp-elea-rjo1,2,70,0.0,912,0.0,1032,0.0
exp-elea-rjo1,2,85,0.0,471,0.0,550,0.0
exp-elea-rjo1,2,95,0.0,81,0.0,174,0.0
exp-elea-rjo1,3,0,1.2600229095074456,2619,0.0,2610,1.2600229095074456
exp-elea-rjo1,3,70,0.0,746,0.0,923,0.0
exp-elea-rjo1,3,85,0.0,254,0.0,457,0.0
exp-elea-rjo1,3,95,0.0,19,0.0,109,0.0
exp-asap-sp1,1,0,4.481041746457296,2611,2.402745995423341,2622,2.0782957510339553
exp-asap-sp1,1,70,1.0515247108307044,1902,0.2578427159432746,2327,0.7936819948874299
exp-asap-sp1,1,85,0.14914243102162567,1341,0.0,2027,0.14914243102162567
exp-asap-sp1,1,95,0.0,617,0.0,1390,0.0
exp-asap-sp1,2,0,0.995787054768288,2611,0.8390541571319603,2622,0.1567328976363277
exp-asap-sp1,2,70,0.0,1674,0.0,2205,0.0
exp-asap-sp1,2,85,0.0,1062,0.0,1878,0.0
exp-asap-sp1,2,95,0.0,456,0.0,1145,0.0
exp-asap-sp1,3,0,0.3063960168517809,2611,0.34324942791762014,2622,-0.036853411065839226
exp-asap-sp1,3,70,0.0,1574,0.0,2173,0.0
exp-asap-sp1,3,85,0.0,971,0.0,1797,0.0
exp-asap-sp1,3,95,0.0,385,0.0,970,0.0
exp-idx-data-centers---it-services,1,0,5.763358778625954,2620,7.001522070015221,2628,-1.2381632913892666
exp-idx-data-centers---it-services,1,70,1.094890510948905,1370,0.7936507936507936,1008,0.3012397172981115
exp-idx-data-centers---it-services,1,85,0.41841004184100417,478,0.0,307,0.41841004184100417
exp-idx-data-centers---it-services,1,95,0.0,47,0.0,65,0.0
exp-idx-data-centers---it-services,2,0,1.297709923664122,2620,1.1796042617960427,2628,0.11810566186807936
exp-idx-data-centers---it-services,2,70,0.0970873786407767,1030,0.0,722,0.0970873786407767
exp-idx-data-centers---it-services,2,85,0.0,271,0.0,183,0.0
exp-idx-data-centers---it-services,2,95,0.0,9,0.0,34,0.0
exp-idx-data-centers---it-services,3,0,0.6106870229007634,2620,0.380517503805175,2628,0.23016951909558836
exp-idx-data-centers---it-services,3,70,0.0,866,0.0,603,0.0
exp-idx-data-centers---it-services,3,85,0.0,197,0.0,133,0.0
exp-idx-data-centers---it-services,3,95,0.0,4,0.0,23,0.0
exp-to-host-data-centers,1,0,19.90942565708723,23627,0.9653653992717419,23618,18.944060257815487
exp-to-host-data-centers,1,70,10.1010101010101,2673,0.0,16603,10.1010101010101
exp-to-host-data-centers,1,85,4.444444444444445,225,0.0,12314,4.444444444444445
exp-to-host-data-centers,1,95,0.0,8,0.0,11135,0.0
exp-to-host-data-centers,2,0,8.964320480805858,23627,0.292150055042764,23618,8.672170425763094
exp-to-host-data-centers,2,70,4.34412265758092,1174,0.0,14988,4.34412265758092
exp-to-host-data-centers,2,85,0.0,76,0.0,11776,0.0
exp-to-host-data-centers,2,95,0.0,4,0.0,11049,0.0
exp-to-host-data-centers,3,0,3.847293350827443,23627,0.11008552798712846,23618,3.7372078228403147
exp-to-host-data-centers,3,70,1.8300653594771241,765,0.0,14332,1.8300653594771241
exp-to-host-data-centers,3,85,0.0,53,0.0,11618,0.0
exp-to-host-data-centers,3,95,0.0,3,0.0,11001,0.0
exp-netwise-empresas,1,0,12.72711835625743,23556,0.21245857057873715,23534,12.514659785678692
exp-netwise-empresas,1,70,2.4500475737392957,4204,0.007554011179936546,13238,2.4424935625593593
exp-netwise-empresas,1,85,0.2770083102493075,722,0.0,5490,0.2770083102493075
exp-netwise-empresas,1,95,0.0,24,0.0,138,0.0
exp-netwise-empresas,2,0,3.5235184241806756,23556,0.008498342823149485,23534,3.5150200813575263
exp-netwise-empresas,2,70,0.3184713375796178,2512,0.0,7416,0.3184713375796178
exp-netwise-empresas,2,85,0.0,309,0.0,1076,0.0
exp-netwise-empresas,2,95,0.0,4,0.0,25,0.0
exp-netwise-empresas,3,0,1.1801664119544915,23556,0.0,23534,1.1801664119544915
exp-netwise-empresas,3,70,0.05162622612287042,1937,0.0,6101,0.05162622612287042
exp-netwise-empresas,3,85,0.0,218,0.0,660,0.0
exp-netwise-empresas,3,95,0.0,2,0.0,21,0.0
