campus,site_id,tipo,zona,procedencia,sensor,footprint_excluido,pixels_validos_mascara,virou_construida,virou_construida_via_solo,vegetacao_para_construida,pct_virou_construida,pct_virou_construida_via_solo,pct_vegetacao_para_construida
ascenty-jundiai,ascenty-jundiai,tratamento,0-0.5km,validado_5_camadas,landsat,True,855,14,9,7,1.6374269005847952,1.0526315789473684,0.8187134502923976
ascenty-jundiai,ascenty-jundiai,tratamento,0.5-1km,validado_5_camadas,landsat,False,2597,107,52,93,4.120138621486331,2.002310358105506,3.5810550635348477
ascenty-jundiai,ascenty-jundiai,tratamento,1-2km,validado_5_camadas,landsat,False,10457,108,40,55,1.032800994549106,0.3825188868700392,0.5259634694463039
ascenty-jundiai,ctrl-ascenty-jundiai-p01,controle,0-0.5km,validado_5_camadas,landsat,False,875,16,3,15,1.8285714285714285,0.34285714285714286,1.7142857142857142
ascenty-jundiai,ctrl-ascenty-jundiai-p01,controle,0.5-1km,validado_5_camadas,landsat,False,2628,47,2,37,1.7884322678843227,0.076103500761035,1.4079147640791476
ascenty-jundiai,ctrl-ascenty-jundiai-p01,controle,1-2km,validado_5_camadas,landsat,False,10458,121,1,100,1.1570089883342896,0.009562057754828839,0.9562057754828839
ascenty-osasco,ascenty-osasco,tratamento,0-0.5km,validado_5_camadas,landsat,True,846,19,6,9,2.2458628841607564,0.7092198581560284,1.0638297872340425
ascenty-osasco,ascenty-osasco,tratamento,0.5-1km,validado_5_camadas,landsat,False,2618,62,33,28,2.3682200152788386,1.2605042016806722,1.0695187165775402
ascenty-osasco,ascenty-osasco,tratamento,1-2km,validado_5_camadas,landsat,False,10449,263,95,151,2.5169872715092354,0.9091779117618911,1.4451143650110059
ascenty-osasco,ctrl-ascenty-osasco-p01,controle,0-0.5km,validado_5_camadas,landsat,False,754,15,4,9,1.9893899204244032,0.5305039787798409,1.193633952254642
ascenty-osasco,ctrl-ascenty-osasco-p01,controle,0.5-1km,validado_5_camadas,landsat,False,2548,74,25,21,2.904238618524333,0.9811616954474097,0.8241758241758241
ascenty-osasco,ctrl-ascenty-osasco-p01,controle,1-2km,validado_5_camadas,landsat,False,10233,216,91,66,2.1108179419525066,0.8892797811003615,0.6449721489299326
ascenty-paulinia,ascenty-paulinia,tratamento,0-0.5km,validado_5_camadas,landsat,True,847,53,32,34,6.257378984651712,3.7780401416765055,4.014167650531287
ascenty-paulinia,ascenty-paulinia,tratamento,0.5-1km,validado_5_camadas,landsat,False,2610,157,94,95,6.015325670498084,3.6015325670498086,3.6398467432950192
ascenty-paulinia,ascenty-paulinia,tratamento,1-2km,validado_5_camadas,landsat,False,10486,283,70,157,2.6988365439633797,0.6675567423230975,1.4972344077818043
ascenty-paulinia,ctrl-ascenty-paulinia-p02,controle,0-0.5km,validado_5_camadas,landsat,False,871,20,5,7,2.296211251435132,0.574052812858783,0.8036739380022963
ascenty-paulinia,ctrl-ascenty-paulinia-p02,controle,0.5-1km,validado_5_camadas,landsat,False,2627,43,9,16,1.6368481157213552,0.34259611724400457,0.6090597639893415
ascenty-paulinia,ctrl-ascenty-paulinia-p02,controle,1-2km,validado_5_camadas,landsat,False,10469,169,39,95,1.6142898080045849,0.3725284172318273,0.9074410163339383
ascenty-vinhedo,ascenty-vinhedo,tratamento,0-0.5km,validado_5_camadas,landsat,False,764,9,7,2,1.1780104712041886,0.9162303664921466,0.2617801047120419
ascenty-vinhedo,ascenty-vinhedo,tratamento,0.5-1km,validado_5_camadas,landsat,True,2595,24,8,16,0.9248554913294798,0.30828516377649323,0.6165703275529865
ascenty-vinhedo,ascenty-vinhedo,tratamento,1-2km,validado_5_camadas,landsat,False,10453,82,43,24,0.7844637902994356,0.4113651583277528,0.22959915813642018
ascenty-vinhedo,ctrl-ascenty-vinhedo-p02,controle,0-0.5km,validado_5_camadas,landsat,False,874,34,5,27,3.8901601830663615,0.5720823798627003,3.0892448512585813
ascenty-vinhedo,ctrl-ascenty-vinhedo-p02,controle,0.5-1km,validado_5_camadas,landsat,False,2615,47,6,39,1.7973231357552581,0.2294455066921606,1.491395793499044
ascenty-vinhedo,ctrl-ascenty-vinhedo-p02,controle,1-2km,validado_5_camadas,landsat,False,10483,117,19,84,1.116092721549175,0.18124582657636173,0.8012973385481256
clickip-manaus,clickip-manaus,tratamento,0-0.5km,validado_5_camadas,s2,True,8390,416,185,115,4.9582836710369484,2.205005959475566,1.3706793802145412
clickip-manaus,clickip-manaus,tratamento,0.5-1km,validado_5_camadas,s2,False,25242,577,189,474,2.285872751762935,0.7487520798668885,1.8778226764915618
clickip-manaus,clickip-manaus,tratamento,1-2km,validado_5_camadas,s2,False,100967,2660,749,1887,2.634524151455426,0.7418265373835016,1.8689274713520259
clickip-manaus,ctrl-clickip-manaus-p01,controle,0-0.5km,validado_5_camadas,s2,False,8448,1,0,1,0.011837121212121212,0.0,0.011837121212121212
clickip-manaus,ctrl-clickip-manaus-p01,controle,0.5-1km,validado_5_camadas,s2,False,25294,53,2,53,0.2095358583063177,0.007907013520993121,0.2095358583063177
clickip-manaus,ctrl-clickip-manaus-p01,controle,1-2km,validado_5_camadas,s2,False,101161,573,12,567,0.5664238194561145,0.011862278941489309,0.5604926799853699
equinix-santana-parnaiba,equinix-santana-parnaiba,tratamento,0-0.5km,validado_5_camadas,landsat,True,696,18,8,11,2.586206896551724,1.1494252873563218,1.5804597701149425
equinix-santana-parnaiba,equinix-santana-parnaiba,tratamento,0.5-1km,validado_5_camadas,landsat,True,2563,94,20,66,3.6675770581349982,0.7803355442840422,2.575107296137339
equinix-santana-parnaiba,equinix-santana-parnaiba,tratamento,1-2km,validado_5_camadas,landsat,False,10467,242,23,190,2.312028279354161,0.21973822489729627,1.8152288143689692
equinix-santana-parnaiba,ctrl-equinix-santana-parnaiba-p01,controle,0-0.5km,validado_5_camadas,landsat,False,876,18,2,10,2.0547945205479454,0.228310502283105,1.1415525114155252
equinix-santana-parnaiba,ctrl-equinix-santana-parnaiba-p01,controle,0.5-1km,validado_5_camadas,landsat,False,2608,19,0,18,0.7285276073619632,0.0,0.6901840490797546
equinix-santana-parnaiba,ctrl-equinix-santana-parnaiba-p01,controle,1-2km,validado_5_camadas,landsat,False,10432,176,152,113,1.687116564417178,1.4570552147239264,1.0832055214723926
everest-goiania,everest-goiania,tratamento,0-0.5km,validado_5_camadas,landsat,False,876,23,7,12,2.625570776255708,0.7990867579908676,1.36986301369863
everest-goiania,everest-goiania,tratamento,0.5-1km,validado_5_camadas,landsat,False,2633,84,26,43,3.190277250284846,0.9874667679453095,1.6331181162172428
everest-goiania,everest-goiania,tratamento,1-2km,validado_5_camadas,landsat,False,10516,379,90,247,3.604031951312286,0.8558387219475085,2.3488018257892733
everest-goiania,ctrl-everest-goiania-p01,controle,0-0.5km,validado_5_camadas,landsat,False,876,1,0,1,0.1141552511415525,0.0,0.1141552511415525
everest-goiania,ctrl-everest-goiania-p01,controle,0.5-1km,validado_5_camadas,landsat,False,2635,6,1,6,0.22770398481973433,0.03795066413662239,0.22770398481973433
everest-goiania,ctrl-everest-goiania-p01,controle,1-2km,validado_5_camadas,landsat,False,10509,240,115,90,2.2837567799029403,1.0943001237034922,0.8564087924636026
scala-sgigsm01,scala-sgigsm01,tratamento,0-0.5km,validado_5_camadas,s2,True,7493,386,140,51,5.15147470972908,1.86841051648205,0.6806352595756039
scala-sgigsm01,scala-sgigsm01,tratamento,0.5-1km,validado_5_camadas,s2,True,23488,1545,773,135,6.577826975476839,3.291042234332425,0.5747615803814714
scala-sgigsm01,scala-sgigsm01,tratamento,1-2km,validado_5_camadas,s2,False,94247,2554,1249,715,2.7099005803898266,1.3252411217333178,0.758644837501459
scala-sgigsm01,ctrl-scala-sgigsm01-p01,controle,0-0.5km,validado_5_camadas,s2,False,7853,67,27,22,0.8531771297593277,0.34381764930599773,0.2801477142493315
scala-sgigsm01,ctrl-scala-sgigsm01-p01,controle,0.5-1km,validado_5_camadas,s2,False,23563,194,43,89,0.8233247039850613,0.18248949624411154,0.3777108178075797
scala-sgigsm01,ctrl-scala-sgigsm01-p01,controle,1-2km,validado_5_camadas,s2,False,94224,989,223,463,1.0496264221429785,0.2366700628290032,0.4913822380709798
scala-spoapa01,scala-spoapa01,tratamento,0-0.5km,validado_5_camadas,s2,True,7897,167,54,7,2.1147271115613524,0.6838039761934912,0.08864125617323033
scala-spoapa01,scala-spoapa01,tratamento,0.5-1km,validado_5_camadas,s2,False,23760,475,194,21,1.9991582491582491,0.8164983164983165,0.08838383838383838
scala-spoapa01,scala-spoapa01,tratamento,1-2km,validado_5_camadas,s2,False,94999,1399,457,267,1.4726470804955842,0.48105769534416154,0.28105559005884273
scala-spoapa01,ctrl-scala-spoapa01-p01,controle,0-0.5km,validado_5_camadas,s2,False,7910,39,18,3,0.49304677623261695,0.22756005056890014,0.03792667509481669
scala-spoapa01,ctrl-scala-spoapa01-p01,controle,0.5-1km,validado_5_camadas,s2,False,23763,238,54,73,1.0015570424609688,0.22724403484408534,0.30720026932626354
scala-spoapa01,ctrl-scala-spoapa01-p01,controle,1-2km,validado_5_camadas,s2,False,94977,811,205,241,0.8538909420175411,0.21584173010307758,0.25374564368215463
scala-tambore,scala-tambore,tratamento,0-0.5km,validado_5_camadas,landsat,True,831,29,4,20,3.489771359807461,0.4813477737665463,2.406738868832732
scala-tambore,scala-tambore,tratamento,0.5-1km,validado_5_camadas,landsat,False,2621,67,11,38,2.5562762304463944,0.41968714231209464,1.4498283098054179
scala-tambore,scala-tambore,tratamento,1-2km,validado_5_camadas,landsat,False,10450,168,36,83,1.6076555023923444,0.3444976076555024,0.7942583732057417
scala-tambore,ctrl-scala-tambore-p01,controle,0-0.5km,validado_5_camadas,landsat,False,873,5,0,4,0.572737686139748,0.0,0.4581901489117984
scala-tambore,ctrl-scala-tambore-p01,controle,0.5-1km,validado_5_camadas,landsat,False,2620,24,2,18,0.916030534351145,0.07633587786259542,0.6870229007633588
scala-tambore,ctrl-scala-tambore-p01,controle,1-2km,validado_5_camadas,landsat,False,10473,53,9,37,0.5060632101594577,0.08593526210254941,0.3532894108660365
