campus,site_id,tipo,zona,sensor,classe_id,classe,pct_inicio,pct_fim,delta_pp
angonap-fortaleza,angonap-fortaleza,tratamento,0-0.5km,landsat,1,vegetacao_densa,0.1157,0.9259,0.8102
angonap-fortaleza,angonap-fortaleza,tratamento,0-0.5km,landsat,2,vegetacao_rala,13.7731,24.2477,10.4745
angonap-fortaleza,angonap-fortaleza,tratamento,0-0.5km,landsat,3,solo_exposto_obras,8.1597,3.0093,-5.1505
angonap-fortaleza,angonap-fortaleza,tratamento,0-0.5km,landsat,4,construida_urbana,77.9514,71.8171,-6.1343
angonap-fortaleza,angonap-fortaleza,tratamento,0-0.5km,landsat,5,agua,0.0,0.0,0.0
angonap-fortaleza,angonap-fortaleza,tratamento,0.5-1km,landsat,1,vegetacao_densa,1.0181,2.1493,1.1312
angonap-fortaleza,angonap-fortaleza,tratamento,0.5-1km,landsat,2,vegetacao_rala,9.0875,12.1795,3.092
angonap-fortaleza,angonap-fortaleza,tratamento,0.5-1km,landsat,3,solo_exposto_obras,10.7843,8.8612,-1.9231
angonap-fortaleza,angonap-fortaleza,tratamento,0.5-1km,landsat,4,construida_urbana,72.8884,71.6817,-1.2066
angonap-fortaleza,angonap-fortaleza,tratamento,0.5-1km,landsat,5,agua,6.2217,5.1282,-1.0935
angonap-fortaleza,ctrl-angonap-fortaleza-p01,controle,0-0.5km,landsat,1,vegetacao_densa,39.7291,40.1242,0.395
angonap-fortaleza,ctrl-angonap-fortaleza-p01,controle,0-0.5km,landsat,2,vegetacao_rala,9.1422,9.0293,-0.1129
angonap-fortaleza,ctrl-angonap-fortaleza-p01,controle,0-0.5km,landsat,3,solo_exposto_obras,0.5643,1.0158,0.4515
angonap-fortaleza,ctrl-angonap-fortaleza-p01,controle,0-0.5km,landsat,4,construida_urbana,50.3386,49.7743,-0.5643
angonap-fortaleza,ctrl-angonap-fortaleza-p01,controle,0-0.5km,landsat,5,agua,0.2257,0.0564,-0.1693
angonap-fortaleza,ctrl-angonap-fortaleza-p01,controle,0.5-1km,landsat,1,vegetacao_densa,22.4884,24.4322,1.9438
angonap-fortaleza,ctrl-angonap-fortaleza-p01,controle,0.5-1km,landsat,2,vegetacao_rala,4.8066,5.0719,0.2653
angonap-fortaleza,ctrl-angonap-fortaleza-p01,controle,0.5-1km,landsat,3,solo_exposto_obras,2.2224,2.025,-0.1974
angonap-fortaleza,ctrl-angonap-fortaleza-p01,controle,0.5-1km,landsat,4,construida_urbana,27.0644,26.6654,-0.399
angonap-fortaleza,ctrl-angonap-fortaleza-p01,controle,0.5-1km,landsat,5,agua,43.4182,41.8055,-1.6128
ascenty-hortolandia,ascenty-hortolandia,tratamento,0-0.5km,landsat,1,vegetacao_densa,2.0202,2.5253,0.5051
ascenty-hortolandia,ascenty-hortolandia,tratamento,0-0.5km,landsat,2,vegetacao_rala,32.8283,32.1789,-0.6494
ascenty-hortolandia,ascenty-hortolandia,tratamento,0-0.5km,landsat,3,solo_exposto_obras,0.2165,0.4329,0.2165
ascenty-hortolandia,ascenty-hortolandia,tratamento,0-0.5km,landsat,4,construida_urbana,64.9351,64.8629,-0.0722
ascenty-hortolandia,ascenty-hortolandia,tratamento,0-0.5km,landsat,5,agua,0.0,0.0,0.0
ascenty-hortolandia,ascenty-hortolandia,tratamento,0.5-1km,landsat,1,vegetacao_densa,0.9167,1.4706,0.5539
ascenty-hortolandia,ascenty-hortolandia,tratamento,0.5-1km,landsat,2,vegetacao_rala,25.4011,24.2934,-1.1077
ascenty-hortolandia,ascenty-hortolandia,tratamento,0.5-1km,landsat,3,solo_exposto_obras,0.3438,0.382,0.0382
ascenty-hortolandia,ascenty-hortolandia,tratamento,0.5-1km,landsat,4,construida_urbana,73.262,73.7968,0.5348
ascenty-hortolandia,ascenty-hortolandia,tratamento,0.5-1km,landsat,5,agua,0.0764,0.0573,-0.0191
ascenty-hortolandia,ctrl-ascenty-hortolandia-p01,controle,0-0.5km,landsat,1,vegetacao_densa,9.2105,9.4394,0.2288
ascenty-hortolandia,ctrl-ascenty-hortolandia-p01,controle,0-0.5km,landsat,2,vegetacao_rala,38.2151,36.6133,-1.6018
ascenty-hortolandia,ctrl-ascenty-hortolandia-p01,controle,0-0.5km,landsat,3,solo_exposto_obras,0.6865,0.5149,-0.1716
ascenty-hortolandia,ctrl-ascenty-hortolandia-p01,controle,0-0.5km,landsat,4,construida_urbana,50.8581,52.2883,1.4302
ascenty-hortolandia,ctrl-ascenty-hortolandia-p01,controle,0-0.5km,landsat,5,agua,1.0297,1.1442,0.1144
ascenty-hortolandia,ctrl-ascenty-hortolandia-p01,controle,0.5-1km,landsat,1,vegetacao_densa,5.1704,6.4176,1.2472
ascenty-hortolandia,ctrl-ascenty-hortolandia-p01,controle,0.5-1km,landsat,2,vegetacao_rala,61.5664,53.7931,-7.7733
ascenty-hortolandia,ctrl-ascenty-hortolandia-p01,controle,0.5-1km,landsat,3,solo_exposto_obras,0.6319,0.8238,0.1918
ascenty-hortolandia,ctrl-ascenty-hortolandia-p01,controle,0.5-1km,landsat,4,construida_urbana,32.6312,38.9655,6.3343
ascenty-hortolandia,ctrl-ascenty-hortolandia-p01,controle,0.5-1km,landsat,5,agua,0.0,0.0,0.0
ascenty-jundiai,ascenty-jundiai,tratamento,0-0.5km,landsat,1,vegetacao_densa,11.2865,11.9298,0.6433
ascenty-jundiai,ascenty-jundiai,tratamento,0-0.5km,landsat,2,vegetacao_rala,37.7193,34.386,-3.3333
ascenty-jundiai,ascenty-jundiai,tratamento,0-0.5km,landsat,3,solo_exposto_obras,2.2807,1.2865,-0.9942
ascenty-jundiai,ascenty-jundiai,tratamento,0-0.5km,landsat,4,construida_urbana,48.655,52.3977,3.7427
ascenty-jundiai,ascenty-jundiai,tratamento,0-0.5km,landsat,5,agua,0.0585,0.0,-0.0585
ascenty-jundiai,ascenty-jundiai,tratamento,0.5-1km,landsat,1,vegetacao_densa,11.7478,12.0182,0.2704
ascenty-jundiai,ascenty-jundiai,tratamento,0.5-1km,landsat,2,vegetacao_rala,41.6251,33.9662,-7.659
ascenty-jundiai,ascenty-jundiai,tratamento,0.5-1km,landsat,3,solo_exposto_obras,0.8624,2.2235,1.3611
ascenty-jundiai,ascenty-jundiai,tratamento,0.5-1km,landsat,4,construida_urbana,45.2089,51.4087,6.1998
ascenty-jundiai,ascenty-jundiai,tratamento,0.5-1km,landsat,5,agua,0.5558,0.3834,-0.1724
ascenty-jundiai,ctrl-ascenty-jundiai-p01,controle,0-0.5km,landsat,1,vegetacao_densa,11.3714,11.0857,-0.2857
ascenty-jundiai,ctrl-ascenty-jundiai-p01,controle,0-0.5km,landsat,2,vegetacao_rala,66.9714,57.9429,-9.0286
ascenty-jundiai,ctrl-ascenty-jundiai-p01,controle,0-0.5km,landsat,3,solo_exposto_obras,0.0571,0.2286,0.1714
ascenty-jundiai,ctrl-ascenty-jundiai-p01,controle,0-0.5km,landsat,4,construida_urbana,21.6,30.7429,9.1429
ascenty-jundiai,ctrl-ascenty-jundiai-p01,controle,0-0.5km,landsat,5,agua,0.0,0.0,0.0
ascenty-jundiai,ctrl-ascenty-jundiai-p01,controle,0.5-1km,landsat,1,vegetacao_densa,17.9414,18.3219,0.3805
ascenty-jundiai,ctrl-ascenty-jundiai-p01,controle,0.5-1km,landsat,2,vegetacao_rala,48.554,44.1781,-4.376
ascenty-jundiai,ctrl-ascenty-jundiai-p01,controle,0.5-1km,landsat,3,solo_exposto_obras,0.0571,0.1332,0.0761
ascenty-jundiai,ctrl-ascenty-jundiai-p01,controle,0.5-1km,landsat,4,construida_urbana,33.3904,37.3668,3.9764
ascenty-jundiai,ctrl-ascenty-jundiai-p01,controle,0.5-1km,landsat,5,agua,0.0571,0.0,-0.0571
ascenty-maracanau,ascenty-maracanau,tratamento,0-0.5km,landsat,1,vegetacao_densa,0.934,0.2309,-0.703
ascenty-maracanau,ascenty-maracanau,tratamento,0-0.5km,landsat,2,vegetacao_rala,14.2557,6.582,-7.6737
ascenty-maracanau,ascenty-maracanau,tratamento,0-0.5km,landsat,3,solo_exposto_obras,3.9697,5.0231,1.0533
ascenty-maracanau,ascenty-maracanau,tratamento,0-0.5km,landsat,4,construida_urbana,80.8406,88.164,7.3234
ascenty-maracanau,ascenty-maracanau,tratamento,0-0.5km,landsat,5,agua,0.0,0.0,0.0
ascenty-maracanau,ascenty-maracanau,tratamento,0.5-1km,landsat,1,vegetacao_densa,8.1945,2.3656,-5.8289
ascenty-maracanau,ascenty-maracanau,tratamento,0.5-1km,landsat,2,vegetacao_rala,34.2922,31.056,-3.2362
ascenty-maracanau,ascenty-maracanau,tratamento,0.5-1km,landsat,3,solo_exposto_obras,1.003,1.1355,0.1325
ascenty-maracanau,ascenty-maracanau,tratamento,0.5-1km,landsat,4,construida_urbana,56.3399,65.4428,9.103
ascenty-maracanau,ascenty-maracanau,tratamento,0.5-1km,landsat,5,agua,0.1703,0.0,-0.1703
ascenty-maracanau,ctrl-ascenty-maracanau-p03,controle,0-0.5km,landsat,1,vegetacao_densa,46.8326,49.6606,2.8281
ascenty-maracanau,ctrl-ascenty-maracanau-p03,controle,0-0.5km,landsat,2,vegetacao_rala,38.8575,39.7059,0.8484
ascenty-maracanau,ctrl-ascenty-maracanau-p03,controle,0-0.5km,landsat,3,solo_exposto_obras,0.9615,0.3959,-0.5656
ascenty-maracanau,ctrl-ascenty-maracanau-p03,controle,0-0.5km,landsat,4,construida_urbana,11.3688,8.5407,-2.8281
ascenty-maracanau,ctrl-ascenty-maracanau-p03,controle,0-0.5km,landsat,5,agua,1.9796,1.6968,-0.2828
ascenty-maracanau,ctrl-ascenty-maracanau-p03,controle,0.5-1km,landsat,1,vegetacao_densa,52.3423,52.909,0.5667
ascenty-maracanau,ctrl-ascenty-maracanau-p03,controle,0.5-1km,landsat,2,vegetacao_rala,46.4677,45.7877,-0.68
ascenty-maracanau,ctrl-ascenty-maracanau-p03,controle,0.5-1km,landsat,3,solo_exposto_obras,0.0,0.0189,0.0189
ascenty-maracanau,ctrl-ascenty-maracanau-p03,controle,0.5-1km,landsat,4,construida_urbana,1.19,1.2845,0.0944
ascenty-maracanau,ctrl-ascenty-maracanau-p03,controle,0.5-1km,landsat,5,agua,0.0,0.0,0.0
ascenty-osasco,ascenty-osasco,tratamento,0-0.5km,landsat,1,vegetacao_densa,2.9825,2.9395,-0.0429
ascenty-osasco,ascenty-osasco,tratamento,0-0.5km,landsat,2,vegetacao_rala,15.614,14.753,-0.861
ascenty-osasco,ascenty-osasco,tratamento,0-0.5km,landsat,3,solo_exposto_obras,0.7018,0.9382,0.2364
ascenty-osasco,ascenty-osasco,tratamento,0-0.5km,landsat,4,construida_urbana,80.7018,81.3102,0.6084
ascenty-osasco,ascenty-osasco,tratamento,0-0.5km,landsat,5,agua,0.0,0.0591,0.0591
ascenty-osasco,ascenty-osasco,tratamento,0.5-1km,landsat,1,vegetacao_densa,4.6028,4.5837,-0.0191
ascenty-osasco,ascenty-osasco,tratamento,0.5-1km,landsat,2,vegetacao_rala,11.1917,11.3254,0.1337
ascenty-osasco,ascenty-osasco,tratamento,0.5-1km,landsat,3,solo_exposto_obras,0.1337,0.5539,0.4202
ascenty-osasco,ascenty-osasco,tratamento,0.5-1km,landsat,4,construida_urbana,84.0527,83.4798,-0.573
ascenty-osasco,ascenty-osasco,tratamento,0.5-1km,landsat,5,agua,0.0191,0.0573,0.0382
ascenty-osasco,ctrl-ascenty-osasco-p01,controle,0-0.5km,landsat,1,vegetacao_densa,1.9551,3.0892,1.1342
ascenty-osasco,ctrl-ascenty-osasco-p01,controle,0-0.5km,landsat,2,vegetacao_rala,12.0973,10.6979,-1.3994
ascenty-osasco,ctrl-ascenty-osasco-p01,controle,0-0.5km,landsat,3,solo_exposto_obras,0.1235,0.4577,0.3341
ascenty-osasco,ctrl-ascenty-osasco-p01,controle,0-0.5km,landsat,4,construida_urbana,85.8241,85.7551,-0.069
ascenty-osasco,ctrl-ascenty-osasco-p01,controle,0-0.5km,landsat,5,agua,0.0,0.0,0.0
ascenty-osasco,ctrl-ascenty-osasco-p01,controle,0.5-1km,landsat,1,vegetacao_densa,2.989,4.452,1.4631
ascenty-osasco,ctrl-ascenty-osasco-p01,controle,0.5-1km,landsat,2,vegetacao_rala,23.4816,23.921,0.4394
ascenty-osasco,ctrl-ascenty-osasco-p01,controle,0.5-1km,landsat,3,solo_exposto_obras,1.7043,1.0699,-0.6344
ascenty-osasco,ctrl-ascenty-osasco-p01,controle,0.5-1km,landsat,4,construida_urbana,71.3282,70.0028,-1.3254
ascenty-osasco,ctrl-ascenty-osasco-p01,controle,0.5-1km,landsat,5,agua,0.4969,0.5543,0.0573
ascenty-paulinia,ascenty-paulinia,tratamento,0-0.5km,landsat,1,vegetacao_densa,1.0035,2.0661,1.0626
ascenty-paulinia,ascenty-paulinia,tratamento,0-0.5km,landsat,2,vegetacao_rala,31.1688,23.2586,-7.9103
ascenty-paulinia,ascenty-paulinia,tratamento,0-0.5km,landsat,3,solo_exposto_obras,2.0661,1.5348,-0.5313
ascenty-paulinia,ascenty-paulinia,tratamento,0-0.5km,landsat,4,construida_urbana,65.5844,73.0815,7.497
ascenty-paulinia,ascenty-paulinia,tratamento,0-0.5km,landsat,5,agua,0.1771,0.059,-0.1181
ascenty-paulinia,ascenty-paulinia,tratamento,0.5-1km,landsat,1,vegetacao_densa,1.59,2.0115,0.4215
ascenty-paulinia,ascenty-paulinia,tratamento,0.5-1km,landsat,2,vegetacao_rala,34.3295,25.1341,-9.1954
ascenty-paulinia,ascenty-paulinia,tratamento,0.5-1km,landsat,3,solo_exposto_obras,3.6782,2.567,-1.1111
ascenty-paulinia,ascenty-paulinia,tratamento,0.5-1km,landsat,4,construida_urbana,59.9042,69.8276,9.9234
ascenty-paulinia,ascenty-paulinia,tratamento,0.5-1km,landsat,5,agua,0.4981,0.4598,-0.0383
ascenty-paulinia,ctrl-ascenty-paulinia-p02,controle,0-0.5km,landsat,1,vegetacao_densa,0.0,0.0,0.0
ascenty-paulinia,ctrl-ascenty-paulinia-p02,controle,0-0.5km,landsat,2,vegetacao_rala,22.3881,18.9437,-3.4443
ascenty-paulinia,ctrl-ascenty-paulinia-p02,controle,0-0.5km,landsat,3,solo_exposto_obras,4.248,4.535,0.287
ascenty-paulinia,ctrl-ascenty-paulinia-p02,controle,0-0.5km,landsat,4,construida_urbana,73.3639,76.5212,3.1573
ascenty-paulinia,ctrl-ascenty-paulinia-p02,controle,0-0.5km,landsat,5,agua,0.0,0.0,0.0
ascenty-paulinia,ctrl-ascenty-paulinia-p02,controle,0.5-1km,landsat,1,vegetacao_densa,13.3993,8.2223,-5.177
ascenty-paulinia,ctrl-ascenty-paulinia-p02,controle,0.5-1km,landsat,2,vegetacao_rala,31.7663,35.6871,3.9208
ascenty-paulinia,ctrl-ascenty-paulinia-p02,controle,0.5-1km,landsat,3,solo_exposto_obras,0.4378,0.7804,0.3426
ascenty-paulinia,ctrl-ascenty-paulinia-p02,controle,0.5-1km,landsat,4,construida_urbana,54.2634,55.2151,0.9517
ascenty-paulinia,ctrl-ascenty-paulinia-p02,controle,0.5-1km,landsat,5,agua,0.1332,0.0952,-0.0381
ascenty-sumare,ascenty-sumare,tratamento,0-0.5km,landsat,1,vegetacao_densa,2.1378,2.5534,0.4157
ascenty-sumare,ascenty-sumare,tratamento,0-0.5km,landsat,2,vegetacao_rala,6.6508,5.5819,-1.0689
ascenty-sumare,ascenty-sumare,tratamento,0-0.5km,landsat,3,solo_exposto_obras,3.1473,0.2969,-2.8504
ascenty-sumare,ascenty-sumare,tratamento,0-0.5km,landsat,4,construida_urbana,88.0048,91.4489,3.4442
ascenty-sumare,ascenty-sumare,tratamento,0-0.5km,landsat,5,agua,0.0594,0.1188,0.0594
ascenty-sumare,ascenty-sumare,tratamento,0.5-1km,landsat,1,vegetacao_densa,5.5664,7.0898,1.5234
ascenty-sumare,ascenty-sumare,tratamento,0.5-1km,landsat,2,vegetacao_rala,33.5156,35.4492,1.9336
ascenty-sumare,ascenty-sumare,tratamento,0.5-1km,landsat,3,solo_exposto_obras,1.5625,0.5469,-1.0156
ascenty-sumare,ascenty-sumare,tratamento,0.5-1km,landsat,4,construida_urbana,59.3164,56.8945,-2.4219
ascenty-sumare,ascenty-sumare,tratamento,0.5-1km,landsat,5,agua,0.0391,0.0195,-0.0195
ascenty-sumare,ctrl-ascenty-sumare-p01,controle,0-0.5km,landsat,1,vegetacao_densa,3.8902,8.9245,5.0343
ascenty-sumare,ctrl-ascenty-sumare-p01,controle,0-0.5km,landsat,2,vegetacao_rala,31.0069,21.8535,-9.1533
ascenty-sumare,ctrl-ascenty-sumare-p01,controle,0-0.5km,landsat,3,solo_exposto_obras,2.4027,0.5721,-1.8307
ascenty-sumare,ctrl-ascenty-sumare-p01,controle,0-0.5km,landsat,4,construida_urbana,62.0709,68.5927,6.5217
ascenty-sumare,ctrl-ascenty-sumare-p01,controle,0-0.5km,landsat,5,agua,0.6293,0.0572,-0.5721
ascenty-sumare,ctrl-ascenty-sumare-p01,controle,0.5-1km,landsat,1,vegetacao_densa,5.496,10.8005,5.3045
ascenty-sumare,ctrl-ascenty-sumare-p01,controle,0.5-1km,landsat,2,vegetacao_rala,56.7216,50.1723,-6.5492
ascenty-sumare,ctrl-ascenty-sumare-p01,controle,0.5-1km,landsat,3,solo_exposto_obras,1.8384,0.2872,-1.5511
ascenty-sumare,ctrl-ascenty-sumare-p01,controle,0.5-1km,landsat,4,construida_urbana,35.5036,38.2804,2.7767
ascenty-sumare,ctrl-ascenty-sumare-p01,controle,0.5-1km,landsat,5,agua,0.4404,0.4596,0.0191
ascenty-vinhedo,ascenty-vinhedo,tratamento,0-0.5km,landsat,1,vegetacao_densa,14.6958,15.1008,0.4051
ascenty-vinhedo,ascenty-vinhedo,tratamento,0-0.5km,landsat,2,vegetacao_rala,54.4776,49.5096,-4.968
ascenty-vinhedo,ascenty-vinhedo,tratamento,0-0.5km,landsat,3,solo_exposto_obras,9.9311,2.5366,-7.3945
ascenty-vinhedo,ascenty-vinhedo,tratamento,0-0.5km,landsat,4,construida_urbana,19.69,31.9884,12.2984
ascenty-vinhedo,ascenty-vinhedo,tratamento,0-0.5km,landsat,5,agua,1.2055,0.8646,-0.3409
ascenty-vinhedo,ascenty-vinhedo,tratamento,0.5-1km,landsat,1,vegetacao_densa,8.0347,8.8632,0.8285
ascenty-vinhedo,ascenty-vinhedo,tratamento,0.5-1km,landsat,2,vegetacao_rala,72.0617,68.9595,-3.1021
ascenty-vinhedo,ascenty-vinhedo,tratamento,0.5-1km,landsat,3,solo_exposto_obras,2.5241,3.4489,0.9249
ascenty-vinhedo,ascenty-vinhedo,tratamento,0.5-1km,landsat,4,construida_urbana,15.6455,17.4759,1.8304
ascenty-vinhedo,ascenty-vinhedo,tratamento,0.5-1km,landsat,5,agua,1.7341,1.2524,-0.4817
ascenty-vinhedo,ctrl-ascenty-vinhedo-p02,controle,0-0.5km,landsat,1,vegetacao_densa,0.4005,2.0023,1.6018
ascenty-vinhedo,ctrl-ascenty-vinhedo-p02,controle,0-0.5km,landsat,2,vegetacao_rala,30.4348,29.5195,-0.9153
ascenty-vinhedo,ctrl-ascenty-vinhedo-p02,controle,0-0.5km,landsat,3,solo_exposto_obras,0.2288,0.1716,-0.0572
ascenty-vinhedo,ctrl-ascenty-vinhedo-p02,controle,0-0.5km,landsat,4,construida_urbana,68.0778,67.7918,-0.286
ascenty-vinhedo,ctrl-ascenty-vinhedo-p02,controle,0-0.5km,landsat,5,agua,0.8581,0.5149,-0.3432
ascenty-vinhedo,ctrl-ascenty-vinhedo-p02,controle,0.5-1km,landsat,1,vegetacao_densa,1.3193,1.7591,0.4398
ascenty-vinhedo,ctrl-ascenty-vinhedo-p02,controle,0.5-1km,landsat,2,vegetacao_rala,53.5564,51.6635,-1.8929
ascenty-vinhedo,ctrl-ascenty-vinhedo-p02,controle,0.5-1km,landsat,3,solo_exposto_obras,0.1721,0.153,-0.0191
ascenty-vinhedo,ctrl-ascenty-vinhedo-p02,controle,0.5-1km,landsat,4,construida_urbana,44.3977,45.6788,1.2811
ascenty-vinhedo,ctrl-ascenty-vinhedo-p02,controle,0.5-1km,landsat,5,agua,0.5545,0.7457,0.1912
clickip-manaus,clickip-manaus,tratamento,0-0.5km,s2,1,vegetacao_densa,1.907,2.0501,0.143
clickip-manaus,clickip-manaus,tratamento,0-0.5km,s2,2,vegetacao_rala,27.0381,19.4934,-7.5447
clickip-manaus,clickip-manaus,tratamento,0-0.5km,s2,3,solo_exposto_obras,17.8665,19.5948,1.7282
clickip-manaus,clickip-manaus,tratamento,0-0.5km,s2,4,construida_urbana,53.1824,58.8617,5.6794
clickip-manaus,clickip-manaus,tratamento,0-0.5km,s2,5,agua,0.006,0.0,-0.006
clickip-manaus,clickip-manaus,tratamento,0.5-1km,s2,1,vegetacao_densa,9.0345,9.1078,0.0733
clickip-manaus,clickip-manaus,tratamento,0.5-1km,s2,2,vegetacao_rala,20.04,16.0704,-3.9696
clickip-manaus,clickip-manaus,tratamento,0.5-1km,s2,3,solo_exposto_obras,10.227,10.6727,0.4457
clickip-manaus,clickip-manaus,tratamento,0.5-1km,s2,4,construida_urbana,60.6965,64.1391,3.4427
clickip-manaus,clickip-manaus,tratamento,0.5-1km,s2,5,agua,0.002,0.0099,0.0079
clickip-manaus,ctrl-clickip-manaus-p01,controle,0-0.5km,s2,1,vegetacao_densa,55.7528,82.0608,26.308
clickip-manaus,ctrl-clickip-manaus-p01,controle,0-0.5km,s2,2,vegetacao_rala,44.1643,17.8267,-26.3376
clickip-manaus,ctrl-clickip-manaus-p01,controle,0-0.5km,s2,3,solo_exposto_obras,0.0178,0.071,0.0533
clickip-manaus,ctrl-clickip-manaus-p01,controle,0-0.5km,s2,4,construida_urbana,0.0592,0.0414,-0.0178
clickip-manaus,ctrl-clickip-manaus-p01,controle,0-0.5km,s2,5,agua,0.0059,0.0,-0.0059
clickip-manaus,ctrl-clickip-manaus-p01,controle,0.5-1km,s2,1,vegetacao_densa,65.2922,69.5086,4.2164
clickip-manaus,ctrl-clickip-manaus-p01,controle,0.5-1km,s2,2,vegetacao_rala,33.9923,29.2955,-4.6968
clickip-manaus,ctrl-clickip-manaus-p01,controle,0.5-1km,s2,3,solo_exposto_obras,0.2728,0.2372,-0.0356
clickip-manaus,ctrl-clickip-manaus-p01,controle,0.5-1km,s2,4,construida_urbana,0.4388,0.9488,0.51
clickip-manaus,ctrl-clickip-manaus-p01,controle,0.5-1km,s2,5,agua,0.004,0.0099,0.0059
equinix-santana-parnaiba,equinix-santana-parnaiba,tratamento,0-0.5km,landsat,1,vegetacao_densa,51.7262,56.6838,4.9575
equinix-santana-parnaiba,equinix-santana-parnaiba,tratamento,0-0.5km,landsat,2,vegetacao_rala,26.7438,19.3686,-7.3753
equinix-santana-parnaiba,equinix-santana-parnaiba,tratamento,0-0.5km,landsat,3,solo_exposto_obras,0.5415,0.0677,-0.4739
equinix-santana-parnaiba,equinix-santana-parnaiba,tratamento,0-0.5km,landsat,4,construida_urbana,20.9884,23.6729,2.6845
equinix-santana-parnaiba,equinix-santana-parnaiba,tratamento,0-0.5km,landsat,5,agua,0.0,0.2072,0.2072
equinix-santana-parnaiba,equinix-santana-parnaiba,tratamento,0.5-1km,landsat,1,vegetacao_densa,39.5562,42.4473,2.8911
equinix-santana-parnaiba,equinix-santana-parnaiba,tratamento,0.5-1km,landsat,2,vegetacao_rala,21.4422,16.9854,-4.4568
equinix-santana-parnaiba,equinix-santana-parnaiba,tratamento,0.5-1km,landsat,3,solo_exposto_obras,0.4591,0.4607,0.0016
equinix-santana-parnaiba,equinix-santana-parnaiba,tratamento,0.5-1km,landsat,4,construida_urbana,38.466,39.9716,1.5056
equinix-santana-parnaiba,equinix-santana-parnaiba,tratamento,0.5-1km,landsat,5,agua,0.0765,0.135,0.0585
equinix-santana-parnaiba,ctrl-equinix-santana-parnaiba-p01,controle,0-0.5km,landsat,1,vegetacao_densa,24.6005,29.0525,4.4521
equinix-santana-parnaiba,ctrl-equinix-santana-parnaiba-p01,controle,0-0.5km,landsat,2,vegetacao_rala,62.6142,56.9635,-5.6507
equinix-santana-parnaiba,ctrl-equinix-santana-parnaiba-p01,controle,0-0.5km,landsat,3,solo_exposto_obras,0.0,0.0,0.0
equinix-santana-parnaiba,ctrl-equinix-santana-parnaiba-p01,controle,0-0.5km,landsat,4,construida_urbana,12.7854,13.984,1.1986
equinix-santana-parnaiba,ctrl-equinix-santana-parnaiba-p01,controle,0-0.5km,landsat,5,agua,0.0,0.0,0.0
equinix-santana-parnaiba,ctrl-equinix-santana-parnaiba-p01,controle,0.5-1km,landsat,1,vegetacao_densa,32.6304,35.602,2.9716
equinix-santana-parnaiba,ctrl-equinix-santana-parnaiba-p01,controle,0.5-1km,landsat,2,vegetacao_rala,56.7485,52.3965,-4.352
equinix-santana-parnaiba,ctrl-equinix-santana-parnaiba-p01,controle,0.5-1km,landsat,3,solo_exposto_obras,0.0192,0.0,-0.0192
equinix-santana-parnaiba,ctrl-equinix-santana-parnaiba-p01,controle,0.5-1km,landsat,4,construida_urbana,10.5828,11.7523,1.1695
equinix-santana-parnaiba,ctrl-equinix-santana-parnaiba-p01,controle,0.5-1km,landsat,5,agua,0.0192,0.2492,0.2301
everest-goiania,everest-goiania,tratamento,0-0.5km,landsat,1,vegetacao_densa,0.0,0.0571,0.0571
everest-goiania,everest-goiania,tratamento,0-0.5km,landsat,2,vegetacao_rala,5.9932,8.6187,2.6256
everest-goiania,everest-goiania,tratamento,0-0.5km,landsat,3,solo_exposto_obras,0.5708,0.0571,-0.5137
everest-goiania,everest-goiania,tratamento,0-0.5km,landsat,4,construida_urbana,93.4361,91.2671,-2.1689
everest-goiania,everest-goiania,tratamento,0-0.5km,landsat,5,agua,0.0,0.0,0.0
everest-goiania,everest-goiania,tratamento,0.5-1km,landsat,1,vegetacao_densa,1.0065,1.1584,0.1519
everest-goiania,everest-goiania,tratamento,0.5-1km,landsat,2,vegetacao_rala,12.5142,14.3373,1.823
everest-goiania,everest-goiania,tratamento,0.5-1km,landsat,3,solo_exposto_obras,1.1964,0.8355,-0.3608
everest-goiania,everest-goiania,tratamento,0.5-1km,landsat,4,construida_urbana,85.264,83.6688,-1.5951
everest-goiania,everest-goiania,tratamento,0.5-1km,landsat,5,agua,0.019,0.0,-0.019
everest-goiania,ctrl-everest-goiania-p01,controle,0-0.5km,landsat,1,vegetacao_densa,26.484,28.71,2.226
everest-goiania,ctrl-everest-goiania-p01,controle,0-0.5km,landsat,2,vegetacao_rala,72.2603,59.3037,-12.9566
everest-goiania,ctrl-everest-goiania-p01,controle,0-0.5km,landsat,3,solo_exposto_obras,0.0571,0.5137,0.4566
everest-goiania,ctrl-everest-goiania-p01,controle,0-0.5km,landsat,4,construida_urbana,0.8562,10.1027,9.2466
everest-goiania,ctrl-everest-goiania-p01,controle,0-0.5km,landsat,5,agua,0.3425,1.3699,1.0274
everest-goiania,ctrl-everest-goiania-p01,controle,0.5-1km,landsat,1,vegetacao_densa,19.5256,19.6584,0.1328
everest-goiania,ctrl-everest-goiania-p01,controle,0.5-1km,landsat,2,vegetacao_rala,74.5161,71.0057,-3.5104
everest-goiania,ctrl-everest-goiania-p01,controle,0.5-1km,landsat,3,solo_exposto_obras,0.0,0.019,0.019
everest-goiania,ctrl-everest-goiania-p01,controle,0.5-1km,landsat,4,construida_urbana,5.351,8.6717,3.3207
everest-goiania,ctrl-everest-goiania-p01,controle,0.5-1km,landsat,5,agua,0.6072,0.6452,0.038
hostdime-joao-pessoa,hostdime-joao-pessoa,tratamento,0-0.5km,landsat,1,vegetacao_densa,0.0,0.1674,0.1674
hostdime-joao-pessoa,hostdime-joao-pessoa,tratamento,0-0.5km,landsat,2,vegetacao_rala,11.3281,10.7701,-0.558
hostdime-joao-pessoa,hostdime-joao-pessoa,tratamento,0-0.5km,landsat,3,solo_exposto_obras,0.4464,0.6138,0.1674
hostdime-joao-pessoa,hostdime-joao-pessoa,tratamento,0-0.5km,landsat,4,construida_urbana,88.2254,88.4487,0.2232
hostdime-joao-pessoa,hostdime-joao-pessoa,tratamento,0-0.5km,landsat,5,agua,0.0,0.0,0.0
hostdime-joao-pessoa,hostdime-joao-pessoa,tratamento,0.5-1km,landsat,1,vegetacao_densa,0.2595,0.3407,0.0812
hostdime-joao-pessoa,hostdime-joao-pessoa,tratamento,0.5-1km,landsat,2,vegetacao_rala,14.8629,14.6824,-0.1805
hostdime-joao-pessoa,hostdime-joao-pessoa,tratamento,0.5-1km,landsat,3,solo_exposto_obras,0.7598,0.695,-0.0648
hostdime-joao-pessoa,hostdime-joao-pessoa,tratamento,0.5-1km,landsat,4,construida_urbana,84.1179,84.282,0.1641
hostdime-joao-pessoa,hostdime-joao-pessoa,tratamento,0.5-1km,landsat,5,agua,0.0,0.0,0.0
hostdime-joao-pessoa,ctrl-hostdime-joao-pessoa-p01,controle,0-0.5km,landsat,1,vegetacao_densa,18.8679,11.3762,-7.4917
hostdime-joao-pessoa,ctrl-hostdime-joao-pessoa-p01,controle,0-0.5km,landsat,2,vegetacao_rala,70.8657,79.0233,8.1576
hostdime-joao-pessoa,ctrl-hostdime-joao-pessoa-p01,controle,0-0.5km,landsat,3,solo_exposto_obras,0.3885,0.0,-0.3885
hostdime-joao-pessoa,ctrl-hostdime-joao-pessoa-p01,controle,0-0.5km,landsat,4,construida_urbana,9.6559,9.2675,-0.3885
hostdime-joao-pessoa,ctrl-hostdime-joao-pessoa-p01,controle,0-0.5km,landsat,5,agua,0.222,0.333,0.111
hostdime-joao-pessoa,ctrl-hostdime-joao-pessoa-p01,controle,0.5-1km,landsat,1,vegetacao_densa,15.7895,12.0089,-3.7806
hostdime-joao-pessoa,ctrl-hostdime-joao-pessoa-p01,controle,0.5-1km,landsat,2,vegetacao_rala,67.4759,71.7383,4.2624
hostdime-joao-pessoa,ctrl-hostdime-joao-pessoa-p01,controle,0.5-1km,landsat,3,solo_exposto_obras,0.1297,0.0371,-0.0927
hostdime-joao-pessoa,ctrl-hostdime-joao-pessoa-p01,controle,0.5-1km,landsat,4,construida_urbana,16.2528,16.086,-0.1668
hostdime-joao-pessoa,ctrl-hostdime-joao-pessoa-p01,controle,0.5-1km,landsat,5,agua,0.3521,0.1297,-0.2224
scala-sgigsm01,scala-sgigsm01,tratamento,0-0.5km,s2,1,vegetacao_densa,0.0867,0.2135,0.1268
scala-sgigsm01,scala-sgigsm01,tratamento,0-0.5km,s2,2,vegetacao_rala,4.8045,5.1114,0.307
scala-sgigsm01,scala-sgigsm01,tratamento,0-0.5km,s2,3,solo_exposto_obras,26.478,25.8708,-0.6072
scala-sgigsm01,scala-sgigsm01,tratamento,0-0.5km,s2,4,construida_urbana,67.87,68.4372,0.5672
scala-sgigsm01,scala-sgigsm01,tratamento,0-0.5km,s2,5,agua,0.7607,0.367,-0.3937
scala-sgigsm01,scala-sgigsm01,tratamento,0.5-1km,s2,1,vegetacao_densa,0.5833,0.8451,0.2618
scala-sgigsm01,scala-sgigsm01,tratamento,0.5-1km,s2,2,vegetacao_rala,7.1441,6.2564,-0.8877
scala-sgigsm01,scala-sgigsm01,tratamento,0.5-1km,s2,3,solo_exposto_obras,24.7701,24.4359,-0.3342
scala-sgigsm01,scala-sgigsm01,tratamento,0.5-1km,s2,4,construida_urbana,66.9768,68.1156,1.1389
scala-sgigsm01,scala-sgigsm01,tratamento,0.5-1km,s2,5,agua,0.5258,0.347,-0.1788
scala-sgigsm01,ctrl-scala-sgigsm01-p01,controle,0-0.5km,s2,1,vegetacao_densa,0.7004,0.7513,0.0509
scala-sgigsm01,ctrl-scala-sgigsm01-p01,controle,0-0.5km,s2,2,vegetacao_rala,1.6491,1.7446,0.0955
scala-sgigsm01,ctrl-scala-sgigsm01-p01,controle,0-0.5km,s2,3,solo_exposto_obras,5.7558,4.6161,-1.1397
scala-sgigsm01,ctrl-scala-sgigsm01-p01,controle,0-0.5km,s2,4,construida_urbana,91.8948,92.8817,0.9869
scala-sgigsm01,ctrl-scala-sgigsm01-p01,controle,0-0.5km,s2,5,agua,0.0,0.0064,0.0064
scala-sgigsm01,ctrl-scala-sgigsm01-p01,controle,0.5-1km,s2,1,vegetacao_densa,4.8148,3.1914,-1.6233
scala-sgigsm01,ctrl-scala-sgigsm01-p01,controle,0.5-1km,s2,2,vegetacao_rala,15.1297,17.8988,2.7692
scala-sgigsm01,ctrl-scala-sgigsm01-p01,controle,0.5-1km,s2,3,solo_exposto_obras,5.9352,4.7893,-1.1459
scala-sgigsm01,ctrl-scala-sgigsm01-p01,controle,0.5-1km,s2,4,construida_urbana,73.7321,73.9804,0.2483
scala-sgigsm01,ctrl-scala-sgigsm01-p01,controle,0.5-1km,s2,5,agua,0.3883,0.1401,-0.2483
scala-spoapa01,scala-spoapa01,tratamento,0-0.5km,s2,1,vegetacao_densa,0.114,0.1203,0.0063
scala-spoapa01,scala-spoapa01,tratamento,0-0.5km,s2,2,vegetacao_rala,1.5955,1.8868,0.2912
scala-spoapa01,scala-spoapa01,tratamento,0-0.5km,s2,3,solo_exposto_obras,22.5972,19.5897,-3.0075
scala-spoapa01,scala-spoapa01,tratamento,0-0.5km,s2,4,construida_urbana,75.611,78.3652,2.7542
scala-spoapa01,scala-spoapa01,tratamento,0-0.5km,s2,5,agua,0.0823,0.038,-0.0443
scala-spoapa01,scala-spoapa01,tratamento,0.5-1km,s2,1,vegetacao_densa,0.0779,0.0779,0.0
scala-spoapa01,scala-spoapa01,tratamento,0.5-1km,s2,2,vegetacao_rala,0.806,1.0795,0.2736
scala-spoapa01,scala-spoapa01,tratamento,0.5-1km,s2,3,solo_exposto_obras,26.1258,21.7635,-4.3624
scala-spoapa01,scala-spoapa01,tratamento,0.5-1km,s2,4,construida_urbana,72.7104,76.8855,4.1751
scala-spoapa01,scala-spoapa01,tratamento,0.5-1km,s2,5,agua,0.2799,0.1936,-0.0863
scala-spoapa01,ctrl-scala-spoapa01-p01,controle,0-0.5km,s2,1,vegetacao_densa,0.0695,0.1643,0.0948
scala-spoapa01,ctrl-scala-spoapa01-p01,controle,0-0.5km,s2,2,vegetacao_rala,2.6612,2.7054,0.0442
scala-spoapa01,ctrl-scala-spoapa01-p01,controle,0-0.5km,s2,3,solo_exposto_obras,16.8078,9.8862,-6.9216
scala-spoapa01,ctrl-scala-spoapa01-p01,controle,0-0.5km,s2,4,construida_urbana,80.4425,87.2187,6.7762
scala-spoapa01,ctrl-scala-spoapa01-p01,controle,0-0.5km,s2,5,agua,0.019,0.0253,0.0063
scala-spoapa01,ctrl-scala-spoapa01-p01,controle,0.5-1km,s2,1,vegetacao_densa,0.3893,0.2777,-0.1115
scala-spoapa01,ctrl-scala-spoapa01-p01,controle,0.5-1km,s2,2,vegetacao_rala,2.2745,2.3987,0.1241
scala-spoapa01,ctrl-scala-spoapa01-p01,controle,0.5-1km,s2,3,solo_exposto_obras,17.9944,10.4069,-7.5874
scala-spoapa01,ctrl-scala-spoapa01-p01,controle,0.5-1km,s2,4,construida_urbana,79.1988,86.7946,7.5958
scala-spoapa01,ctrl-scala-spoapa01-p01,controle,0.5-1km,s2,5,agua,0.1431,0.122,-0.021
scala-tambore,scala-tambore,tratamento,0-0.5km,landsat,1,vegetacao_densa,15.5235,14.2599,-1.2635
scala-tambore,scala-tambore,tratamento,0-0.5km,landsat,2,vegetacao_rala,15.0421,13.1167,-1.9254
scala-tambore,scala-tambore,tratamento,0-0.5km,landsat,3,solo_exposto_obras,0.0602,0.4813,0.4212
scala-tambore,scala-tambore,tratamento,0-0.5km,landsat,4,construida_urbana,69.3141,71.1191,1.8051
scala-tambore,scala-tambore,tratamento,0-0.5km,landsat,5,agua,0.0602,1.0229,0.9627
scala-tambore,scala-tambore,tratamento,0.5-1km,landsat,1,vegetacao_densa,8.1839,7.8214,-0.3625
scala-tambore,scala-tambore,tratamento,0.5-1km,landsat,2,vegetacao_rala,13.182,11.7322,-1.4498
scala-tambore,scala-tambore,tratamento,0.5-1km,landsat,3,solo_exposto_obras,0.248,0.3243,0.0763
scala-tambore,scala-tambore,tratamento,0.5-1km,landsat,4,construida_urbana,78.2717,80.0076,1.736
scala-tambore,scala-tambore,tratamento,0.5-1km,landsat,5,agua,0.1145,0.1145,0.0
scala-tambore,ctrl-scala-tambore-p01,controle,0-0.5km,landsat,1,vegetacao_densa,14.9485,17.0103,2.0619
scala-tambore,ctrl-scala-tambore-p01,controle,0-0.5km,landsat,2,vegetacao_rala,70.6758,70.3322,-0.3436
scala-tambore,ctrl-scala-tambore-p01,controle,0-0.5km,landsat,3,solo_exposto_obras,0.0573,0.0573,0.0
scala-tambore,ctrl-scala-tambore-p01,controle,0-0.5km,landsat,4,construida_urbana,14.2612,11.9129,-2.3482
scala-tambore,ctrl-scala-tambore-p01,controle,0-0.5km,landsat,5,agua,0.0573,0.6873,0.63
scala-tambore,ctrl-scala-tambore-p01,controle,0.5-1km,landsat,1,vegetacao_densa,21.4695,23.2252,1.7557
scala-tambore,ctrl-scala-tambore-p01,controle,0.5-1km,landsat,2,vegetacao_rala,53.2443,51.9847,-1.2595
scala-tambore,ctrl-scala-tambore-p01,controle,0.5-1km,landsat,3,solo_exposto_obras,0.0573,0.2481,0.1908
scala-tambore,ctrl-scala-tambore-p01,controle,0.5-1km,landsat,4,construida_urbana,21.0305,18.7786,-2.2519
scala-tambore,ctrl-scala-tambore-p01,controle,0.5-1km,landsat,5,agua,4.1985,5.7634,1.5649
